v 26.587 -21.766 137.858
v 28.492 -21.753 138.21
v 28.013 -22.771 138.263
v 28.37 -23.709 138.503
v 29.31 -22.928 138.719
v 27.167 -19.985 137.59
v 29.031 -26.362 139.018
v 27.998 -28.041 139.05
v 32.364 -28.422 138.853
v 28.464 -29.13 139.178
v 29.568 -32.141 138.367
v 29.357 -27.572 139.139
v 29.663 -29.174 139.122
v 29.493 -30.706 138.886
v 28.621 -33.843 137.689
v 29.673 -33.975 137.557
v 30.874 -30.371 138.594
v 28.696 -35.045 137.113
v 32.097 -29.988 138.338
v 30.701 -32.82 137.79
v 30.608 -31.854 138.201
v 27.638 -35.88 136.606
v 30.877 -34.131 137.157
v 31.197 -31.778 138.004
v 28.723 -36.068 136.759
v 29.728 -35.708 136.835
v 31.751 -31.078 138.031
v 32.635 -30.629 137.776
v 31.902 -32.399 137.334
v 28.577 -36.742 136.555
v 26.81 -36.711 136.033
v 30.991 -35.127 136.458
v 31.714 -33.928 136.581
v 27.763 -36.942 136.38
v 30.306 -36.107 136.386
v 28.025 -37.424 136.166
v 29.355 -36.906 136.302
v 27.141 -37.557 135.801
v 30.92 -35.652 135.895
v 30.223 -36.422 135.872
v 28.765 -37.442 135.77
v 27.783 -37.716 135.579
v 29.902 -35.988 134.075
v 26.977 -36.614 133.877
v 26.952 -37.474 135.181
v 29.581 -37.012 135.792
v 30.031 -36.509 135.273
v 28.388 -37.16 134.863
v 29.365 -36.977 135.244
v 27.507 -37.493 134.963
v 28.379 -36.479 133.949
v 26.021 -35.703 132.483
v 26.242 -35.299 131.494
v 26.204 -34.88 130.418
v 25.344 -34.375 130.241
v 24.676 -33.493 130.723
v 25.608 -34.488 129.379
v -29.349 0.581 97.184
v -30.012 -0.414 96.258
v -28.496 0.613 98.51
v -30.066 0.438 96.77
v -29.268 0.935 97.764
v -31.733 -2.332 94.74
v -30.318 0.375 97.013
v -29.067 0.933 98.097
v -29.529 0.502 97.957
v -30.904 -1.348 95.31
v -31.314 -0.816 96.01
v -29.767 0.87 97.542
v -29.67 -0.605 98.322
v -30.367 -3.796 97.646
v -32.825 -3.533 94.306
v -31.327 -0.441 96.634
v -30.791 -0.557 97.349
v -31.575 -3.93 96.514
v -32.609 -2.924 95.193
v -31.858 -1.666 96.261
v -30.328 -1.991 97.999
v -31.378 -2.612 97.049
v -32.216 -4.211 95.651
v -33.061 -4.097 94.151
v -32.782 -3.964 94.853
v -31.285 -1.536 97.196
v -30.804 -2.728 97.604
v -32.297 -3.204 95.919
v -15.921 -21.667 115.189
v -31.957 -3.581 93.512
v -30.834 -4.754 96.73
v -31.559 -4.743 95.993
v -32.476 -4.595 94.008
v -32.692 -4.122 93.7
v -31.88 -4.907 94.98
v -30.559 -2.93 93.229
v -31.39 -4.671 92.831
v -31.778 -5.137 94.187
v -29.627 -5.367 97.366
v -30.788 -3.851 92.52
v -30.583 -5.457 95.976
v -31.491 -5.175 93.59
v -30.207 -5.922 94.102
v -30.397 -5.742 92.789
v -30.029 -5.648 91.696
v -29.157 -6.799 91.353
v -30.139 -5.928 93.242
v -29.308 -6.17 90.689
v -28.762 -7.014 92.444
v -28.757 -6.179 89.794
v -28.859 -6.995 89.981
v -28.164 -7.875 89.435
v -27.822 -8.085 90.828
v -27.978 -6.576 88.856
v -28.446 -7.182 89.197
v -27.792 -7.471 88.495
v -27.596 -8.486 89.584
v -27.068 -8.556 90.813
v -27.477 -8.103 88.264
v -27.015 -8.632 88.545
v -26.815 -8.758 89.886
v -27.052 -7.637 87.842
v -26.651 -8.149 87.658
v -26.381 -8.995 88.819
v -26.112 -7.238 87.488
v -26.017 -8.537 87.655
v -25.996 -8.94 88.215
v -24.838 -7.033 87.462
v -25.77 -7.917 87.315
v -25.767 -9.067 88.736
v -25.036 -8.064 87.506
v -25.101 -8.695 87.983
v -21.68 -14.4 92.013
v -21.681 -15.258 92.989
v -21.762 -15.231 92.223
v -21.431 -15.456 91.246
v -21.295 -16.132 91.727
v -20.95 -15.982 92.582
v -21.085 -16.331 90.49
v -20.736 -16.812 90.757
v -19.792 -15.625 88.567
v -20.848 -16.357 89.702
v -20.495 -16.918 89.564
v -19.771 -16.977 88.978
v -19.31 -16.258 88.476
v -20.462 -16.301 89.015
v -19.973 -16.557 88.544
v -20.229 -17.145 88.999
v -20.251 -16.949 88.857
v -27.145 -8.387 91.298
v -25.886 -8.995 89.433
v -25.112 -8.984 88.602
v -22.07 -14.096 93.112
v -21.197 -14.414 91.058
v -21.056 -15.178 93.488
v -20.361 -16.599 91.653
v -20.826 -15.4 89.931
v -19.8 -17.001 90.286
v -20.366 -15.559 88.997
v -18.886 -16.545 88.904
v -18.816 -15.192 88.634
v -19.365 -11.161 108.986
v -25.838 -8.862 90.351
v -25.1 -9.008 89.307
v -21.858 -13.478 92.485
v -22.03 -14.574 93.667
v -21.679 -14.526 94.153
v -20.039 -14.659 89.168
v -18.984 -16.82 89.559
v -18.537 -15.872 88.793
v -18.764 -11.991 108.547
v -22.246 -13.746 94.488
v -19.276 -16.6 91.288
v -19.225 -11.538 108.08
v -18.587 -12.222 107.685
v -17.835 -12.801 107.379
v -21.795 -13.586 95.369
v -19.316 -11.418 107.209
v -18.301 -12.174 106.6
v -17.091 -12.673 106.424
v -19.501 -11.063 105.823
v -17.795 -12.364 106.191
v -26.202 -8.632 91.475
v -20.241 -15.555 93.03
v -20.336 -16.19 92.435
v -19.184 -14.362 88.812
v -21.758 -6.53 114.686
v -22.263 -12.029 92.794
v -20.461 -13.443 90.282
v -20.963 -14.472 94.267
v -18.575 -16.53 90.513
v -17.96 -15.904 89.721
v -17.876 -14.91 89.303
v -21.194 -8.216 111.343
v -22.52 -12.726 94.071
v -19.4 -15.945 92.32
v -19.982 -10.655 108.165
v -22.471 -12.761 95.933
v -21.195 -13.94 94.949
v -15.644 -12.791 106.28
v -18.003 -11.871 105.502
v -20.322 -10.431 107.091
v -21.771 -5.699 115.69
v -22.002 -7.329 112.348
v -20.138 -14.635 93.878
v -18.195 -13.805 89.229
v -19.393 -13.337 89.362
v -21.183 -8.917 109.897
v -22.667 -12.635 95.092
v -18.011 -15.793 91.718
v -21.818 -12.735 96.68
v -20.795 -12.971 96.163
v -15.92 -12.038 105.259
v -18.74 -11.507 105.367
v -20.973 -9.925 106.366
v -16.974 -12.079 105.444
v -21.581 -4.874 116.187
v -22.071 -6.614 114.055
v -22.782 -6.453 113.603
v -19.012 -14.795 93.338
v -18.783 -13.467 89.098
v -23.165 -5.509 115.254
v -23.083 -11.028 93.799
v -20.203 -13.721 94.926
v -17.48 -15.757 90.845
v -17.236 -14.854 89.959
v -22.046 -7.573 111.588
v -21.204 -9.535 108.189
v -22.891 -11.774 94.793
v -18.148 -15.106 92.729
v -20.398 -10.139 108.533
v -22.419 -12.172 97.226
v -23.214 -11.163 95.972
v -18.896 -11.246 104.705
v -21.081 -9.782 107.103
v -21.155 -9.814 105.343
v -16.946 -11.55 104.513
v -20.417 -4.346 116.06
v -23.102 -4.549 116.257
v -23.023 -6.766 112.429
v -23.086 -5.987 114.521
v -16.652 -14.829 90.798
v -22.229 -8.051 110.256
v -22.938 -7.244 111.26
v -22.775 -8.126 109.238
v -21.092 -12.107 97.692
v -21.834 -12.039 97.851
v -22.798 -12.004 96.69
v -20.201 -10.456 104.244
v -18.084 -11.326 104.232
v -21.914 -9.199 107.014
v -22.047 -9.168 106.028
v -22.019 -3.649 116.533
v -23.969 -6.161 112.546
v -24.005 -5.523 114.204
v -23.195 -8.26 107.846
v -20.205 -11.997 97.523
v -22.281 -11.291 98.679
v -23.008 -11.192 97.576
v -19.186 -10.747 102.862
v -21.84 -9.306 105.499
v -21.407 -9.689 104.334
v -25.119 -5.291 104.494
v -23.475 -3.357 116.982
v -23.055 -7.632 110.11
v -24.233 -7.326 108.869
v -20.133 -11.302 98.921
v -21.212 -11.359 99.09
v -20.536 -10.315 103.076
v -22.966 -8.548 106.779
v -22.382 -8.989 105.127
v -21.105 -9.977 103.457
v -23.204 -10.351 98.899
v -24.164 -7.684 103.798
v -25.103 -6.392 104.268
v -22.562 -10.26 100.094
v -22.762 -2.485 116.925
v -24.762 -5.244 113.254
v -24.349 -6.433 111.156
v -24.092 -6.984 110.11
v -24.528 -7.369 108.101
v -21.531 -10.831 100.081
v -23.517 -10.23 98.142
v -20.617 -10.412 102.216
v -23.118 -8.494 106.112
v -22.425 -9.109 103.459
v -23.53 -8.23 103.451
v -24.563 -7.353 105.083
v -25.196 -6.465 105.753
v -24.963 -6.901 108.642
v -24.299 -7.643 106.849
v -20.966 -10.123 103.035
v -21.402 -9.962 102.586
v -23.63 -8.152 105.596
v -23.467 -8.248 104.476
v -25.428 -5.585 106.672
v -25.28 -6.646 108.132
v -24.993 -7.09 106.307
v -25.316 -6.607 107.04
v -25.694 -5.793 107.869
v -28.771 -0.257 96.833
v -28.237 0.731 98.088
v -28.594 -0.351 98.971
v -29.464 -2.026 94.338
v -28.82 -1.367 99.086
v -29.822 -3.023 98.356
v -16.022 -21.18 115.557
v -15.299 -21.893 115.079
v -29.853 -4.748 97.745
v -29.522 -4.749 91.168
v -29.613 -5.9 96.504
v -29.579 -6.072 95.753
v -29.641 -6.331 92.692
v -27.28 -7.947 92.258
v -29.142 -6.734 92.142
v -28.097 -5.554 89.438
v -26.845 -6.628 88.092
v -25.561 -5.993 87.899
v -24.083 -7.426 87.726
v -23.894 -8.254 88.159
v -23.896 -8.834 88.777
v -21.447 -12.867 91.792
v -25.065 -8.93 90.169
v -24.214 -9.006 89.302
v -17.961 -12.875 108.491
v -17.091 -13.497 107.848
v -25.004 -8.893 91.225
v -16.883 -13.528 90.316
v -16.024 -13.603 107.338
v -18.811 -13.901 94.244
v -18.414 -12.446 89.601
v -23.157 -10.507 92.928
v -19.649 -11.691 89.985
v -16.805 -14.611 92.851
v -16.564 -15.016 91.77
v -19.907 -12.996 95.75
v -23.32 -10.538 94.714
v -17.57 -14.155 93.64
v -17.608 -11.048 103.347
v -20.526 -3.136 116.153
v -24.209 -4.618 115.469
v -19.3 -12.3 96.636
v -23.749 -10.02 97.3
v -24.219 -3.675 116.491
v -19.164 -11.429 98.207
v -23.704 -2.463 117.211
v -21.151 -2.147 116.346
v -25.029 -5.337 111.892
v -24.867 -4.535 114.386
v -25.213 -6.226 109.352
v -20.254 -10.893 100.224
v -20.915 -10.919 100.168
v -20.494 -10.663 101.212
v -25.411 -5.752 102.877
v -24.55 -6.545 110.614
v -21.57 -10.272 101.29
v -23.941 -9.03 100.047
v -24.077 -9.327 98.739
v -24.171 -7.78 102.812
v -24.996 -6.881 102.894
v -23.508 -8.432 102.53
v -22.851 -9.296 101.607
v -25.55 -4.834 107.702
v -25.735 -5.8 108.67
v -28.052 0.352 97.571
v -29.59 -0.301 96.64
v -27.511 0.277 98.863
v -27.626 -0.349 99.381
v -28.958 -1.442 95.762
v -29.091 -2.644 98.952
v -29.277 -3.779 98.647
v -15.276 -21.107 114.51
v -14.493 -21.756 115.048
v -16.181 -20.739 114.784
v -29.432 -4.747 98.174
v -28.345 -6.436 96.614
v -28.753 -6.522 95.137
v -28.641 -5.241 90.063
v -28.141 -7.069 93.794
v -27.427 -5.788 88.839
v -26.12 -6.688 87.625
v -24.194 -6.987 87.566
v -24.094 -9.008 90.087
v -26.278 -8.281 92.536
v -24.445 -9.2 92.89
v -21.772 -12.034 92.285
v -20.955 -11.536 90.959
v -17.603 -12.791 89.84
v -18.482 -14.227 93.689
v -23.054 -9.924 91.968
v -18.911 -13.013 95.42
v -23.595 -10.011 93.958
v -15.692 -14.387 91.86
v -15.675 -13.753 91.537
v -23.831 -9.682 95.219
v -16.336 -11.125 103.303
v -24.597 -8.873 96.183
v -17.648 -10.735 101.57
v -24.169 -2.825 117.05
v -19.176 -10.986 99.231
v -23.327 -1.616 116.972
v -22.109 -1.043 116.51
v -25.286 -4.383 113.211
v -24.91 -6.08 110.594
v -19.132 -10.801 100.199
v -19.269 -10.673 101.435
v -25.408 -5.017 102.671
v -23.914 -9.624 98.022
v -25.831 -5.007 108.593
v -26.877 -0.448 97.074
v -29.35 -0.637 96.514
v -27.906 -1.182 99.635
v -28.387 -0.908 99.327
v -27.796 -2.373 99.836
v -15.161 -20.225 115.707
v -15.946 -20.533 114.262
v -15.97 -19.909 114.767
v -28.806 -5.435 98.409
v -28.222 -6.103 98.158
v -26.521 -7.846 93.592
v -27.487 -4.938 89.394
v -22.564 -7.555 88.532
v -22.071 -8.615 89.065
v -22.383 -9.292 89.93
v -24.147 -9.054 91.006
v -25.657 -8.596 92.457
v -24.177 -9.122 91.763
v -21.898 -11.154 91.928
v -17.082 -11.518 90.558
v -20.813 -10.343 90.329
v -18.493 -10.831 89.89
v -17.121 -13.041 95.128
v -15.453 -14.142 92.959
v -16.651 -14.133 93.48
v -23.978 -9.369 94.301
v -15.91 -12.544 91.445
v -20.307 -2.444 116.097
v -24.848 -3.653 115.564
v -17.741 -11.667 97.442
v -24.663 -8.674 97.774
v -18.711 -10.648 102.045
v -24.685 -2.733 116.464
v -17.879 -10.94 99.335
v -24.284 -1.55 116.822
v -20.98 -1.091 116.281
v -25.626 -3.945 112.094
v -25.299 -3.483 114.437
v -25.588 -4.696 110.469
v -25.085 -4.56 103.049
v -25.951 -5.055 101.632
v -25.87 -5.818 101.659
v -24.665 -7.81 101.243
v -25.506 -7.711 99.326
v -25.78 -5.24 109.283
v -27.454 -1.187 96.152
v -28.553 -1.088 96.375
v -26.972 -1.642 100.136
v -27.924 -1.749 95.712
v -28.331 -3.567 99.433
v -28.415 -4.727 99.132
v -14.582 -20.12 115.972
v -15.192 -19.865 113.581
v -14.28 -20.733 114.296
v -16.239 -20.08 114.262
v -26.939 -6.902 97.963
v -27.284 -7.167 95.098
v -23.189 -9.306 90.878
v -25.663 -8.393 93.015
v -22.047 -10.089 91.188
v -16.548 -12.548 90.737
v -22.291 -10.197 91.795
v -19.679 -10.233 89.871
v -17.808 -12.366 96.122
v -15.951 -13.652 94.228
v -14.941 -13.749 92.606
v -14.899 -13.009 92.532
v -24.49 -8.762 94.909
v -20.083 -1.944 116.123
v -25.312 -7.989 97.029
v -23.33 -0.005 116.498
v -19.522 -0.714 116.342
v -20.849 -0.206 116.231
v -25.611 -3.334 113.308
v -25.653 -4.354 101.877
v -25.734 -6.529 101.322
v -24.735 -8.169 100.245
v -26.463 -0.375 99.004
v -27.515 -1.695 99.973
v -26.971 -4.291 100.443
v -14.004 -19.289 115.807
v -14.971 -18.603 114.942
v -16.035 -19.396 113.558
v -14.067 -21.265 114.756
v -16.235 -19.427 114.032
v -28.006 -5.658 99.103
v -26.28 -7.442 96.493
v -27.06 -6.499 99.236
v -25.601 -8.014 94.844
v -21.283 -8.166 89.089
v -20.272 -9.321 89.637
v -25.389 -8.305 93.672
v -17.784 -9.696 90.146
v -24.743 -8.588 94.103
v -20.698 -9.745 89.94
v -18.873 -9.781 89.757
v -17.146 -12.451 95.868
v -14.618 -13.473 94.406
v -14.545 -13.578 93.581
v -15.067 -12.106 92.616
v -16.074 -10.827 100.453
v -25.167 -2.637 115.55
v -16.721 -12.161 96.537
v -16.394 -11.512 98.029
v -25.763 -7.605 97.725
v -25.024 -1.784 116.181
v -14.604 -12.568 96.852
v -21.747 0.881 116.191
v -24.502 0.185 116.353
v -25.785 -3.176 112.573
v -25.609 -2.085 114.46
v -26.371 -5.179 101.008
v -26.493 -5.659 100.709
v -26.268 -6.645 100.221
v -25.754 -0.823 98.839
v -26.84 -2.854 100.483
v -15.919 -18.674 114.094
v -15.493 -18.744 112.793
v -14.154 -19.685 113.436
v -27.733 -5.129 99.643
v -20.555 -7.494 89.297
v -20.157 -8.549 89.413
v -15.876 -10.977 92.072
v -16.12 -13.185 94.954
v -17.015 -9.819 90.846
v -14.617 -13.09 95.599
v -14.259 -13.081 93.614
v -14.285 -12.305 93.661
v -17.014 -10.682 100.227
v -16.896 -11.683 97.313
v -16.512 -10.901 99.452
v -25.111 -0.552 116.157
v -14.753 -11.304 93.524
v -22.904 1.383 116.155
v -25.948 -3.652 101.343
v -26.45 -3.365 100.808
v -14.306 -18.524 115.335
v -15.391 -17.534 114.069
v -15.972 -18.039 112.734
v -14.618 -18.794 112.668
v -16.174 -18.679 113.521
v -27.203 -5.655 99.896
v -26.409 -6.906 99.653
v -20.647 -5.931 89.428
v -18.766 -9.005 89.737
v -16.626 -10.306 91.286
v -15.703 -12.862 95.711
v -17.111 -8.866 90.767
v -15.394 -11.258 99.252
v -25.321 -1.918 115.548
v -25.482 -1.085 115.5
v -14.405 -10.657 94.575
v -14.653 -9.513 95.131
v -15.571 -12.212 97.006
v -24.036 -1.729 98.763
v -15.936 -17.495 113.262
v -15.183 -17.525 111.728
v -18.796 -8.007 89.822
v -16.404 -9.065 91.852
v -17.696 -8.414 90.264
v -13.7 -8.305 97.124
v -15.369 -9.781 93.492
v -16.007 -16.841 111.888
v -14.067 -18.049 111.994
v -19.025 -6.568 90.101
v -16.874 -7.594 91.333
v -16.172 0.248 118.066
v -14.474 -8.655 96.11
v -16.748 1.297 117.865
v -16.104 -17.17 112.557
v -17.749 -7.066 90.613
v -15.841 -7.793 93.457
v -16.354 -7.638 92.239
v -14.469 -7.513 96.386
v -15.365 -8.749 94.218
v -15.228 -7.666 95.003
v -15.788 1.193 118.662
v -15.639 -7.177 94.247
v -18.521 -11.91 109.684
v -20.003 -10.218 109.423
v -19.917 -9.26 111.418
v -17.147 -13.86 109.024
v -14.582 -16.803 114.532
v -15.188 -15.952 113.604
v -15.902 -16.047 110.68
v -16.048 -15.992 112.341
v -19.28 -10.96 109.762
v -19.576 -10.773 109.389
v -20.33 -8.71 111.463
v -17.522 -13.313 109.688
v -16.135 -14.561 108.811
v -16.279 -15.818 111.319
v -14.914 -16.321 110.354
v -18.881 -11.173 110.315
v -19.175 -10.553 110.704
v -17.677 -12.411 110.857
v -16.698 -14.533 110.288
v -17.168 -13.953 109.57
v -15.631 -15.561 109.686
v -16.399 -15.254 111.419
v -18.458 -11.29 110.993
v -17.219 -13.421 110.466
v -16.155 -15.25 109.794
v -16.377 -14.377 111.772
v -16.869 -13.397 111.326
v -17.855 -11.33 112.117
v -16.363 -13.145 112.508
v -17.973 -10.63 112.986
v -17.161 -12.341 111.967
v -16.53 -13.627 111.818
v -17.365 -10.296 114.126
v -16.991 -11.622 113.099
v -20.434 -6.736 115.23
v -20.429 -8.235 112.651
v -19.805 -5.695 115.796
v -21.484 -7.109 113.686
v -19.541 -3.509 115.965
v -19.094 -2.272 116.157
v -20.321 -8.614 111.703
v -18.592 -10.447 112.094
v -18.892 -9.319 113.434
v -18.123 -10.78 112.489
v -16.572 -10.652 114.418
v -20.646 -7.043 114.883
v -19.827 -7.831 114.471
v -19.429 -4.811 115.838
v -19.272 -4.154 115.863
v -18.442 -8.778 114.666
v -16.097 -10.041 114.62
v -18.663 -7.364 115.303
v -18.733 -5.019 115.818
v -18.193 -3.416 116.008
v -17.411 -9.473 114.73
v -18.995 -8.722 114.308
v -18.221 -6.151 115.738
v -18.237 -5.398 115.844
v -18.612 -4.405 115.82
v -17.207 -8.446 115.066
v -18.966 -8.079 114.93
v -17.304 -6.517 115.652
v -17.407 -4.324 115.99
v -16.107 -8.769 114.866
v -17.368 -7.344 115.424
v -16.877 -5.314 115.943
v -16.001 -7.889 115.071
v -16.643 -7.459 115.32
v -26.772 -0.08 98.291
v -27.982 -2.219 94.743
v -28.115 -4.346 90.218
v -26.596 -5.047 88.882
v -24.883 -0.899 97.128
v -16.608 -6.797 115.533
v -26.211 -0.391 97.593
v -27.161 -4.074 89.791
v -33.718 10.452 110.745
v -33.524 11.11 111.846
v -30.335 15.127 113.236
v -31.456 14.728 113.374
v -33.523 11.916 111.577
v -30.452 15.511 112.691
v -31.039 15.307 113.173
v -29.226 11.049 92.007
v -29.187 11.16 90.85
v -31.738 14.99 112.683
v -33.116 13.144 111.564
v -28.779 11.187 90.06
v -33.632 11.968 110.837
v -33.7 11.054 109.936
v -30.058 15.444 111.67
v -31.019 15.561 112.487
v -29.069 11.734 92.381
v -29.182 12.129 91.487
v -28.875 11.872 90.083
v -33.671 11.558 110.227
v -31.28 15.171 111.777
v -32.841 12.858 110.528
v -28.954 12.454 90.654
v -28.356 11.748 89.79
v -28.584 12.557 92.325
v -29.12 12.621 91.078
v -28.171 12.608 90.045
v -28.175 12.895 92.564
v -28.566 13.005 91.266
v -28.229 13.192 90.619
v -27.889 13.179 92.17
v -27.716 13.226 90.396
v -27.284 13.455 91.34
v -28.114 13.401 90.954
v -27.399 13.472 92.012
v -29.683 -3.387 92.078
v -25.077 -4.766 106.156
v -28.664 -2.395 92.411
v -24.284 -5.785 87.843
v -25.296 -4.79 107.006
v -23.409 -6.483 88.023
v -25.548 -3.812 108.58
v -25.805 -4.395 109.357
v -25.877 -1.242 95.311
v -25.846 -2.952 111.399
v -24.078 2.243 115.988
v -25.824 -3.209 112.071
v -25.799 -2.529 113.195
v -26.966 -1.968 94.916
v -22.053 -6.655 88.707
v -25.489 1.111 115.663
v -25.733 0.082 115.433
v -26.075 -0.207 114.429
v -13.993 -17.131 111.124
v -18.045 -5.166 91.029
v -14.819 -6.67 95.848
v -15.649 -14.544 112.96
v -15.825 -11.449 114.233
v -27.936 -2.389 93.899
v -28.497 -3.22 91.285
v -25.546 -4.542 88.771
v -23.478 -1.495 97.684
v -26.225 -3.434 89.752
v -27.358 -3.034 90.573
v -33.582 10.402 111.873
v -32.844 12.193 112.552
v -30.64 14.421 113.728
v -31.887 14.446 113.108
v -33.024 12.877 112.184
v -28.969 10.162 91.742
v -28.61 10.324 90.545
v -33.099 11.618 109.725
v -33.205 10.819 109.642
v -32.374 14.197 111.692
v -28.918 11.094 92.784
v -30.423 15.065 111.031
v -28.43 11.775 93.07
v -27.344 11.987 89.938
v -27.773 12.667 92.992
v -27.047 12.959 90.374
v -26.985 13.314 92.615
v -27.487 -2.045 93.1
v -24.515 -4.627 88.403
v -22.757 -6.915 88.399
v -25.728 -3.107 109.935
v -25.905 -2.462 112.409
v -25.997 -1.358 113.299
v -22.16 -5.267 88.637
v -20.219 -4.732 89.821
v -18.834 -5.446 90.485
v -22.507 -1.526 98.08
v -16.128 -12.317 113.45
v -15.554 -10.798 114.503
v -27.172 -2.336 93.94
v -22.712 -0.887 96.987
v -24.116 -0.568 94.828
v -33.537 9.794 111.815
v -32.877 11.013 112.604
v -29.794 14.475 113.529
v -32.477 13.89 112.459
v -31.697 13.477 113.382
v -29.059 10.268 91.034
v -28.663 10.195 92.816
v -27.903 10.837 90.026
v -32.644 10.039 109.461
v -31.552 14.26 110.871
v -32.776 13.873 111.904
v -29.937 15.368 111.108
v -32.198 12.349 109.735
v -21.162 12.559 105.406
v -22.766 12.975 106.483
v -26.23 13.32 91.121
v -25.956 13.559 92.528
v -27.067 -1.362 91.925
v -23.161 -4.652 88.353
v -26.334 -1.792 93.746
v -25.693 2.661 115.39
v -26.352 1.148 114.809
v -26.468 0.331 113.094
v -21.156 -4.668 89.233
v -27.491 -2.006 91.359
v -25.049 -3.587 89.194
v -23.137 -0.477 95.925
v -26.482 -1.973 90.662
v -25.215 -0.944 93.575
v -33.225 8.986 111.536
v -33.042 10.18 112.468
v -31.974 11.939 113.278
v -32.568 13.152 112.711
v -29.388 13.352 114.182
v -30.441 13.33 114.095
v -28.584 9.741 91.343
v -27.811 9.055 92.65
v -27.91 10.046 90.384
v -31.696 11.233 109.071
v -33.222 9.28 110.409
v -29.191 15.239 111.152
v -31.66 13.297 110.136
v -28.292 10.811 93.433
v -29.328 14.917 110.648
v -30.268 13.91 110.093
v -27.17 11.664 94.047
v -26.69 12.495 90.19
v -26.36 10.737 90.396
v -26.749 12.765 93.606
v -25.89 13.565 91.794
v -25.904 12.62 90.907
v -25.892 13.245 93.55
v -26.149 -1.112 92.553
v -23.789 -3.009 89.103
v -26.074 -1.3 112.089
v -26.525 2.313 114.901
v -26.725 1.208 113.852
v -21.958 -3.914 88.81
v -20.609 -3.523 89.603
v -25.303 -2.351 89.945
v -21.851 0.519 96.313
v -22.852 0.28 95.071
v -24.196 0.035 93.429
v -33.706 9.482 110.84
v -32.786 9.51 112.531
v -31.493 10.621 113.45
v -30.812 12.318 113.964
v -27.952 9.517 93.546
v -27.057 9.779 90.528
v -27.552 9.356 91.135
v -31.573 10.189 108.756
v -32.471 9.274 109.638
v -28.251 10.118 93.495
v -31.067 12.682 109.581
v -26.45 11.969 90.283
v -20.984 11.962 104.253
v -22.406 11.964 105.084
v -25.313 13.278 91.791
v -25.001 13.516 93.459
v -25.058 13.542 92.592
v -25.779 -0.016 91.492
v -26.459 -0.922 91.159
v -22.708 -3.503 88.724
v -22.456 -4.585 88.461
v -25.881 3.286 115.269
v -26.375 3.387 115.006
v -27.116 2.256 114.079
v -26.829 1.267 113.353
v -25.545 -1.018 90.527
v -23.343 0.475 94.222
v -25.109 -0.098 92.464
v -32.427 8.722 112.624
v -29.731 12.594 114.411
v -27.13 8.717 94.012
v -30.215 10.308 108.156
v -31.234 9.322 108.881
v -32.048 8.515 110.204
v -27.569 10.173 94.094
v -28.813 14.0 109.683
v -30.177 12.207 109.046
v -25.935 12.593 94.406
v -25.814 11.625 90.784
v -26.043 9.577 90.703
v -23.404 12.143 105.771
v -24.897 12.726 91.924
v -24.967 13.184 94.409
v -22.042 -2.339 89.18
v -27.46 3.635 114.247
v -27.152 1.917 112.9
v -21.265 -2.915 89.23
v -24.478 -1.512 89.905
v -22.585 2.228 94.932
v -23.498 1.211 93.596
v -24.232 1.066 92.67
v -32.915 8.616 110.907
v -32.058 7.963 112.475
v -31.793 9.264 113.166
v -29.726 11.555 114.382
v -26.486 8.337 92.335
v -27.254 8.456 93.447
v -27.485 9.374 94.116
v -26.977 9.272 90.861
v -29.989 11.311 108.456
v -30.171 13.003 109.514
v -26.322 10.668 95.051
v -29.253 13.115 109.263
v -25.87 11.785 95.072
v -25.216 10.823 91.141
v -25.479 9.781 90.752
v -26.165 8.821 91.325
v -21.788 11.28 103.504
v -24.023 11.37 105.382
v -24.224 12.329 106.381
v -24.35 13.164 92.803
v -24.926 11.717 91.646
v -24.166 13.449 94.259
v -24.356 13.502 93.41
v -24.945 0.827 91.861
v -25.556 -0.079 90.798
v -23.265 -1.334 89.571
v -27.808 3.168 113.421
v -21.617 2.267 96.549
v -24.237 -0.081 90.158
v -32.238 7.923 111.507
v -31.243 8.343 113.267
v -30.368 9.372 113.84
v -26.442 7.97 93.636
v -26.834 9.474 94.697
v -28.79 11.067 107.814
v -29.327 9.246 107.717
v -30.843 8.424 109.393
v -27.561 13.238 108.746
v -28.772 12.112 108.464
v -24.969 12.584 95.241
v -25.414 10.21 90.787
v -25.056 8.961 91.229
v -22.996 11.014 104.295
v -25.483 12.454 107.113
v -24.14 12.304 92.583
v -23.999 13.133 95.249
v -25.0 1.164 91.267
v -24.873 0.902 90.665
v -22.086 -0.642 89.565
v -27.987 5.144 114.164
v -27.974 3.321 112.425
v -27.483 2.561 112.362
v -21.933 3.626 96.332
v -23.491 2.891 93.256
v -24.126 2.099 91.931
v -31.495 7.216 112.384
v -30.582 7.169 113.226
v -25.471 7.935 92.312
v -25.172 7.354 93.069
v -25.965 7.999 94.841
v -26.331 8.791 95.005
v -28.306 10.092 107.128
v -29.916 8.554 108.569
v -30.846 7.74 110.189
v -31.49 7.613 110.969
v -25.613 9.66 95.758
v -25.633 11.288 95.501
v -24.989 11.832 95.807
v -24.874 11.103 91.562
v -24.44 9.651 91.321
v -21.006 11.589 100.347
v -22.717 10.377 103.014
v -24.006 10.309 104.473
v -25.304 11.571 106.259
v -23.564 13.24 94.014
v -23.545 12.67 93.385
v -23.998 11.349 92.408
v -23.395 13.336 94.969
v -22.997 -0.279 89.767
v -27.417 6.62 114.719
v -28.734 4.661 113.234
v -22.023 4.884 97.107
v -22.669 4.837 95.788
v -23.232 4.366 94.576
v -31.246 7.015 111.772
v -30.341 7.926 113.632
v -30.158 8.463 113.803
v -24.551 7.731 92.231
v -25.29 7.085 94.056
v -25.723 7.477 94.427
v -27.898 11.763 107.838
v -27.329 11.182 107.137
v -28.221 9.31 106.957
v -28.939 8.449 107.89
v -29.934 7.797 109.362
v -25.182 10.901 95.968
v -27.751 12.344 108.171
v -23.965 12.51 96.13
v -24.281 10.731 91.89
v -23.771 8.421 91.678
v -20.184 11.78 100.752
v -22.181 10.47 100.777
v -25.57 10.351 105.648
v -26.229 11.734 106.887
v -26.882 12.29 107.685
v -23.164 11.564 93.145
v -22.621 12.934 96.287
v -24.48 1.733 90.983
v -23.959 0.999 90.22
v -22.344 0.98 90.011
v -29.024 6.197 113.801
v -28.941 4.665 112.022
v -24.028 5.695 93.813
v -23.534 2.925 92.477
v -30.67 6.447 112.533
v -28.95 7.969 114.235
v -29.507 8.854 114.133
v -25.037 7.649 92.574
v -24.866 7.041 94.99
v -25.609 8.584 95.649
v -26.915 10.387 106.457
v -26.976 9.27 106.265
v -28.054 8.574 107.135
v -29.05 7.813 108.565
v -29.893 6.976 110.202
v -30.65 6.955 111.023
v -24.947 10.352 96.281
v -24.098 11.661 96.711
v -23.182 9.747 92.096
v -23.128 8.846 91.75
v -20.175 11.985 99.646
v -21.719 11.271 99.803
v -22.666 12.376 94.286
v -23.924 10.903 92.334
v -22.835 13.08 95.007
v -23.784 1.754 90.508
v -21.858 0.056 89.692
v -29.883 5.933 113.105
v -29.81 5.536 112.447
v -22.596 5.822 96.837
v -23.673 5.965 95.27
v -23.059 3.979 92.214
v -23.822 2.452 91.228
v -30.375 6.242 111.797
v -24.089 6.614 93.082
v -24.934 7.902 96.002
v -24.749 8.882 96.646
v -26.268 11.055 106.433
v -29.054 6.967 109.384
v -24.479 10.021 96.843
v -24.434 10.829 96.688
v -23.024 12.246 97.231
v -23.401 10.614 92.488
v -22.55 7.85 91.957
v -23.213 7.386 92.119
v -20.996 12.301 98.844
v -21.659 11.842 99.043
v -22.318 11.104 99.145
v -22.911 9.238 100.483
v -22.127 11.09 93.821
v -22.15 12.592 95.478
v -29.653 5.539 111.69
v -28.982 5.192 111.059
v -23.209 6.211 96.28
v -23.577 5.707 93.069
v -24.005 7.036 96.273
v -29.038 6.046 110.219
v -29.803 6.16 111.013
v -23.526 11.744 97.26
v -22.939 10.073 92.466
v -21.965 8.586 92.256
v -23.374 6.337 92.58
v -19.824 11.652 98.922
v -20.676 12.375 98.166
v -22.852 10.041 99.26
v -22.339 12.794 97.22
v -21.439 11.382 95.136
v -22.34 10.028 92.834
v -21.328 12.319 96.664
v -23.203 2.65 91.004
v -22.838 2.098 90.469
v -23.122 6.67 97.596
v -23.902 7.924 97.636
v -23.667 9.34 98.132
v -23.411 11.033 97.731
v -21.495 7.267 92.216
v -22.192 6.215 92.182
v -21.157 12.662 98.1
v -21.835 12.545 97.944
v -22.424 11.831 98.244
v -23.111 9.195 99.355
v -23.343 8.351 99.638
v -22.02 12.91 97.253
v -21.078 9.831 93.8
v -21.525 12.79 97.423
v -22.312 2.073 90.396
v -22.209 2.986 91.09
v -21.156 8.868 92.887
v -20.376 7.413 92.687
v -20.319 11.594 97.595
v -20.58 10.092 94.852
v -20.785 11.352 96.434
v -21.732 2.238 90.499
v -21.445 4.332 91.799
v -22.162 3.699 91.73
v -20.824 5.931 92.227
v -20.013 10.501 96.748
v -20.631 10.702 95.848
v -19.708 8.902 94.262
v -20.302 8.56 93.321
v -18.907 9.448 97.406
v -19.834 9.708 95.486
v -20.59 10.928 96.389
v -20.437 4.889 92.042
v -19.433 7.871 93.475
v -18.832 6.727 93.277
v -19.136 9.423 96.221
v -18.652 8.732 95.288
v -18.113 8.759 96.447
v -18.188 7.66 94.278
v -17.948 6.624 93.78
v -17.123 6.547 94.348
v -15.715 7.216 96.139
v -18.149 8.85 97.433
v -17.072 7.91 95.632
v -16.349 6.941 95.215
v -17.114 7.402 94.805
v -26.55 -0.646 99.476
v -24.811 -4.429 103.833
v -24.73 -3.497 102.872
v -19.734 1.176 116.303
v -22.347 2.537 116.028
v -25.914 -2.738 101.102
v -13.801 -17.651 115.353
v -13.337 -18.941 112.851
v -12.672 -7.277 97.882
v -19.511 -5.457 90.12
v -17.019 -5.817 91.714
v -16.26 -6.25 92.774
v -13.681 -7.093 97.194
v -16.606 2.732 117.953
v -17.518 0.343 117.151
v -15.498 -6.173 94.405
v -17.805 -0.958 116.691
v -25.125 -1.352 99.835
v -24.581 -4.088 105.077
v -24.856 -3.652 107.096
v -13.082 -17.837 111.86
v -14.048 -6.247 96.617
v -15.149 -6.459 95.27
v -14.812 -14.709 113.837
v -15.23 -13.201 113.865
v -25.913 -1.706 110.93
v -19.091 -3.871 90.563
v -25.45 -2.625 109.068
v -25.379 4.133 115.495
v -26.256 0.225 111.354
v -26.773 4.864 114.845
v -20.472 -1.955 89.722
v -21.156 -1.119 89.545
v -27.166 2.333 111.595
v -23.11 9.377 102.225
v -23.75 9.565 103.65
v -27.989 3.865 111.155
v -28.243 7.839 107.812
v -21.266 0.01 89.741
v -26.783 7.814 106.635
v -28.241 6.973 108.568
v -25.914 9.434 105.51
v -28.221 5.947 109.399
v -23.244 7.138 99.375
v -28.187 4.93 110.23
v -23.395 8.357 101.639
v -20.729 2.007 90.456
v -19.508 5.259 92.376
v -21.059 3.114 91.045
v -20.285 4.049 91.647
v -17.698 5.208 93.373
v -16.147 5.789 94.803
v -25.627 -1.709 100.574
v -18.584 0.702 116.651
v -20.78 2.647 116.033
v -17.866 1.92 117.047
v -14.735 -15.281 113.848
v -23.872 -1.442 99.987
v -25.112 -2.759 108.256
v -22.919 3.804 116.054
v -17.169 -4.27 91.976
v -14.546 -5.473 95.736
v -23.126 -2.034 98.838
v -25.583 -1.41 109.855
v -18.281 -4.131 91.118
v -23.856 4.589 116.014
v -19.902 -2.804 90.062
v -24.939 9.35 104.751
v -27.656 7.87 107.269
v -21.113 0.865 89.923
v -26.628 8.62 106.086
v -26.01 8.672 105.626
v -23.36 7.466 100.969
v -21.165 1.341 90.051
v -16.559 5.333 94.291
v -21.505 4.247 115.989
v -24.654 -2.396 101.726
v -12.881 -5.929 97.451
v -16.322 -4.216 92.916
v -15.715 -4.774 93.859
v -24.048 -1.43 101.116
v -23.25 -1.753 99.4
v -24.043 -3.172 105.95
v -24.516 -1.539 107.72
v -17.738 -3.151 91.573
v -13.247 -4.834 96.718
v -23.576 -2.178 99.007
v -25.134 -1.845 108.773
v -19.343 -2.002 90.393
v -26.12 1.507 110.127
v -20.276 -0.356 89.923
v -27.002 2.892 110.487
v -24.086 8.588 103.535
v -27.503 7.121 107.724
v -20.444 0.585 90.001
v -27.414 5.93 108.533
v -27.347 4.716 109.349
v -27.387 3.864 110.119
v -23.051 6.141 101.347
v -23.727 7.272 102.841
v -20.187 3.098 91.077
v -20.523 1.239 90.133
v -19.375 3.604 91.6
v -18.457 4.006 92.271
v -16.643 4.67 93.938
v -15.534 4.126 94.442
v -16.09 5.168 94.572
v -23.897 -3.135 104.742
v -24.007 -2.626 102.67
v -14.796 -4.258 95.006
v -24.019 -2.303 106.692
v -22.686 5.183 116.15
v -16.669 -2.861 92.531
v -13.64 -4.026 96.058
v -25.547 -0.033 109.867
v -18.406 -1.867 91.018
v -25.059 -0.614 108.957
v -19.342 -0.675 90.352
v -25.06 8.414 104.83
v -25.476 7.474 105.69
v -26.655 6.127 107.603
v -19.57 2.51 90.972
v -19.325 1.038 90.576
v -17.362 3.353 92.61
v -16.664 3.918 93.474
v -23.419 -2.224 103.912
v -23.571 -1.872 102.516
v -15.302 -3.308 94.152
v -23.425 -2.061 105.462
v -23.779 -0.509 106.656
v -21.656 5.663 116.119
v -16.701 -1.684 92.269
v -15.755 -2.479 93.342
v -13.103 -4.133 96.551
v -17.429 -1.358 91.652
v -18.772 -1.074 90.698
v -26.298 3.064 109.22
v -25.259 0.47 109.183
v -24.573 7.615 104.492
v -25.835 6.265 106.733
v -26.446 4.592 108.346
v -18.232 2.425 91.589
v -14.374 -2.998 95.007
v -14.027 -3.454 95.527
v -24.469 0.59 107.694
v -24.161 -0.562 107.372
v -16.026 -1.723 92.848
v -25.233 -0.123 109.393
v -17.999 0.016 91.121
v -25.433 1.799 108.772
v -25.046 6.122 106.083
v -25.825 4.938 107.453
v -24.106 6.467 104.424
v -17.064 2.292 92.206
v -16.096 2.348 92.927
v -14.171 2.097 94.159
v -23.065 -1.714 104.776
v -14.973 -2.206 94.042
v -14.704 -2.578 94.52
v -13.191 -2.642 95.824
v -16.364 -0.386 92.238
v -15.975 -1.103 92.663
v -14.967 -0.952 93.402
v -25.58 2.534 108.571
v -18.41 0.807 90.861
v -24.747 6.793 105.313
v -25.088 4.915 106.708
v -25.014 2.756 107.59
v -24.398 5.686 105.514
v -18.004 1.106 91.143
v -16.82 1.19 91.927
v -15.123 2.272 93.573
v -14.03 -1.889 94.646
v -23.936 0.187 107.074
v -23.701 1.663 105.994
v -24.659 5.233 106.128
v -15.226 0.975 92.989
v -23.92 0.64 106.896
v -17.531 0.804 91.313
v -24.631 1.691 107.56
v -24.158 4.134 105.868
v -15.864 1.384 92.533
v -13.682 0.609 93.928
v -24.259 1.461 107.11
v -24.544 1.651 107.461
v -21.474 -0.31 97.506
v -21.232 1.304 97.893
v -21.569 3.59 98.118
v -21.519 11.034 101.991
v -22.298 5.755 97.935
v -15.301 5.938 95.734
v -22.614 6.03 99.2
v -18.993 3.241 116.299
v -17.267 4.102 117.221
v -22.222 -1.345 99.004
v -20.274 4.066 115.918
v -22.411 -0.221 100.652
v -23.402 5.8 103.202
v -22.836 -0.529 102.566
v -23.029 -1.37 103.411
v -23.0 -0.469 104.566
v -13.831 3.183 95.28
v -23.728 5.001 104.724
v -13.238 -0.553 94.437
v -12.884 -1.36 95.263
v -12.847 1.863 94.821
v -23.314 3.686 104.533
v -21.604 -1.028 98.283
v -21.187 0.459 97.069
v -21.886 4.938 98.384
v -16.659 3.73 117.804
v -20.735 4.572 115.892
v -22.088 4.495 100.161
v -23.104 5.637 102.39
v -14.482 4.614 95.797
v -13.583 2.303 94.675
v -22.906 1.851 104.365
v -12.34 0.616 94.672
v -23.681 4.242 105.132
v -21.438 -0.148 98.823
v -21.521 2.784 99.761
v -22.122 5.413 98.896
v -19.158 4.651 115.928
v -18.008 4.834 116.406
v -22.289 0.539 102.2
v -22.879 4.747 102.609
v -23.294 4.835 103.821
v -13.461 4.033 96.381
v -11.962 -0.306 95.387
v -22.411 1.288 103.069
v -11.509 1.507 95.231
v -22.601 3.085 103.148
v -21.45 1.147 99.691
v -21.603 3.726 99.365
v -17.463 4.957 116.83
v -22.056 1.326 101.899
v -22.368 3.855 101.986
v -13.481 3.456 95.935
v -12.922 3.019 95.876
v -12.051 1.792 95.061
v -11.235 0.726 95.335
v -21.755 1.681 100.913
v -18.432 5.491 116.048
v -19.035 5.558 115.949
v -22.031 2.762 101.708
v -19.298 11.961 103.846
v -20.228 11.61 102.491
v -19.572 11.566 101.039
v -19.484 11.523 100.02
v -19.278 10.377 98.405
v -16.882 8.157 97.26
v -18.57 9.034 97.889
v -16.194 7.743 96.411
v -20.048 12.103 104.117
v -14.939 6.702 96.765
v -14.194 5.503 96.801
v -13.199 4.75 97.299
v -18.481 11.925 104.463
v -19.201 10.931 99.69
v -18.841 9.487 98.11
v -18.184 8.963 98.447
v -18.696 9.146 98.023
v -15.504 7.389 97.028
v -15.29 7.181 96.587
v -18.735 11.243 102.911
v -18.739 10.687 101.026
v -16.871 8.118 98.6
v -18.566 8.99 98.138
v -14.265 6.271 97.517
v -13.672 5.627 97.715
v -12.245 5.419 99.501
v -17.658 11.265 104.728
v -19.427 11.583 102.983
v -18.522 9.769 99.932
v -17.368 8.361 99.138
v -15.362 7.483 98.872
v -14.741 6.872 97.708
v -13.837 6.291 98.571
v -17.267 11.53 105.977
v -17.495 10.066 102.485
v -17.776 9.377 101.069
v -17.684 8.79 99.984
v -16.609 8.059 99.626
v -13.603 7.128 100.532
v -16.45 10.677 105.754
v -17.307 10.532 103.705
v -18.123 9.245 100.426
v -15.69 7.924 100.372
v -16.806 10.52 104.534
v -15.466 9.752 103.813
v -16.549 9.119 102.103
v -16.62 8.483 100.891
v -14.77 7.734 100.616
v -15.178 8.453 101.777
v -14.146 7.992 101.454
v -15.152 10.178 105.702
v -15.834 10.438 106.249
v -13.199 -20.189 114.006
v 51.624 17.425 114.034
v 50.816 18.049 114.254
v 50.711 17.231 112.629
v 55.513 11.387 110.991
v 55.97 10.829 111.683
v 55.871 10.975 110.208
v 56.035 10.116 112.008
v 56.55 10.487 111.661
v 56.613 10.608 111.008
v 56.555 10.318 110.364
v 55.849 10.316 109.668
v 56.355 9.014 111.952
v 56.956 9.646 111.895
v 57.125 10.067 111.558
v 57.117 9.891 110.994
v 56.697 9.435 110.192
v 55.757 9.364 109.361
v 56.492 8.108 111.31
v 57.085 8.869 111.536
v 57.332 9.513 111.544
v 57.232 9.17 111.041
v 55.409 7.635 111.022
v 56.869 8.348 110.662
v 56.443 8.667 109.767
v 55.819 8.517 109.355
v 56.408 7.728 110.652
v 55.431 8.007 109.484
v 55.583 7.552 110.12
v 56.778 7.862 110.91
v 56.268 8.002 109.904
v 54.296 7.64 109.641
v 54.816 7.29 110.397
v 51.663 16.187 113.322
v 55.169 11.132 111.625
v 55.023 11.567 109.967
v 55.13 11.065 109.533
v 55.26 9.461 112.14
v 54.629 10.405 109.041
v 55.382 8.463 111.81
v 54.493 8.839 109.05
v 54.244 7.332 110.956
v 54.058 7.122 110.363
v 55.036 11.644 111.271
v 54.187 12.232 110.094
v 54.979 10.359 112.041
v 54.179 8.045 111.594
v 54.175 8.186 109.173
v 53.317 7.128 110.159
v 54.069 12.136 111.154
v 54.039 11.665 109.229
v 53.807 11.133 111.825
v 54.277 10.017 112.124
v 54.114 9.085 112.044
v 53.41 10.189 108.624
v 53.321 7.127 110.779
v 53.531 8.221 109.143
v 52.543 7.614 109.629
v 53.088 12.705 109.283
v 52.885 13.349 110.188
v 53.451 11.114 108.675
v 52.721 9.211 108.764
v 53.358 7.607 111.334
v 52.224 7.233 110.585
v 47.819 22.983 118.578
v 53.059 12.083 111.657
v 52.5 12.081 108.574
v 52.422 10.372 108.429
v 52.633 11.027 108.421
v 52.713 8.261 109.105
v 46.859 23.904 117.837
v 52.542 13.362 109.333
v 52.622 7.474 111.184
v 52.021 8.412 109.112
v 47.743 23.995 119.313
v 51.889 7.647 111.231
v 47.24 15.564 102.218
v 46.835 25.02 119.113
v 45.73 25.192 117.936
v 47.826 24.896 120.294
v 45.843 26.075 119.404
v 46.782 25.854 120.303
v 44.639 26.165 118.401
v 48.123 15.357 100.164
v 47.743 25.477 121.165
v 48.416 13.573 101.928
v 48.142 14.291 102.148
v 49.19 14.216 100.573
v 46.192 26.243 120.041
v 46.552 26.271 121.698
v 48.071 25.174 122.052
v 48.884 13.957 101.477
v 49.523 14.351 98.93
v 48.424 15.588 97.373
v 48.912 12.63 100.934
v 49.858 13.363 100.718
v 50.419 13.222 99.796
v 47.406 16.756 96.247
v 49.438 13.18 101.129
v 50.543 13.344 99.045
v 49.611 14.298 97.946
v 47.948 15.694 95.957
v 50.154 12.596 100.246
v 50.86 12.733 99.083
v 50.253 13.432 98.286
v 49.963 13.973 98.387
v 49.588 11.961 99.663
v 49.715 12.333 100.348
v 50.826 12.56 99.623
v 50.624 12.144 99.237
v 50.626 12.449 98.505
v 49.979 12.787 97.676
v 49.165 13.22 96.83
v 50.097 11.976 98.55
v 50.329 11.842 99.11
v 49.383 12.282 97.552
v 46.625 16.844 100.429
v 46.063 17.684 99.017
v 47.655 16.167 98.845
v 49.17 14.207 96.991
v 46.681 16.723 95.376
v 46.897 17.139 97.543
v 48.74 12.884 96.8
v 48.653 11.67 98.572
v 47.294 15.766 95.21
v 46.969 17.184 95.835
v 46.648 17.444 96.481
v 47.724 14.382 95.865
v 48.622 12.201 97.452
v 45.965 17.833 98.043
v 46.04 15.792 94.657
v 46.404 17.395 95.927
v 45.729 17.928 97.401
v 47.956 12.909 96.838
v 47.564 12.0 97.736
v 44.792 16.899 94.795
v 45.179 17.596 95.939
v 45.692 17.781 96.572
v 46.334 13.38 96.596
v 46.087 14.956 94.906
v 46.734 14.439 95.604
v 43.975 15.185 93.875
v 44.047 17.626 95.423
v 45.171 17.894 96.594
v 46.08 14.472 95.576
v 45.008 14.686 94.947
v 46.063 14.175 96.004
v 45.452 14.145 95.862
v 29.395 -24.572 139.023
v 30.148 -25.438 139.312
v 31.28 -27.886 139.229
v 29.715 -26.398 139.157
v 30.358 -27.362 139.311
v 32.872 -29.414 138.275
v 32.549 -33.036 136.159
v 33.459 -31.2 136.638
v 31.969 -34.515 135.222
v 30.873 -35.711 134.948
v 28.274 -35.737 132.798
v 26.901 -35.755 132.303
v 27.329 -35.209 131.358
v 24.789 -32.545 129.75
v 25.17 -33.75 129.519
v 26.517 -34.829 129.237
v 24.382 -29.43 129.15
v 23.267 -26.245 128.795
v 24.316 -28.087 128.402
v 30.194 -24.706 139.359
v 30.2 -26.458 139.304
v 32.028 -27.606 139.243
v 33.659 -29.547 137.712
v 27.973 -34.764 130.208
v 25.701 -34.402 128.376
v 24.983 -31.678 128.306
v 24.686 -30.545 129.209
v 34.804 -29.414 136.74
v 28.896 -34.866 131.394
v 25.122 -33.066 128.69
v 25.292 -33.885 128.661
v 26.813 -35.065 128.018
v 27.928 -34.979 128.871
v 24.961 -30.593 127.893
v 24.209 -27.313 128.083
v 24.819 -29.609 127.374
v 28.883 -34.596 130.654
v 25.899 -34.385 127.108
v 25.106 -33.08 127.371
v 24.362 -27.669 127.038
v 24.743 -28.761 127.082
v 25.056 -31.164 127.409
v 24.76 -31.094 126.406
v 24.575 -29.491 125.849
v 24.198 -27.18 125.947
v 25.262 -33.578 126.641
v 26.317 -34.675 126.185
v 24.669 -32.208 126.09
v 24.372 -28.263 125.54
v 24.802 -32.795 125.674
v 25.711 -33.95 125.785
v 24.259 -31.696 124.889
v 24.501 -30.414 125.423
v 24.039 -30.292 124.532
v 24.007 -29.023 124.529
v 25.263 -33.282 124.297
v 23.516 -30.677 123.162
v 24.405 -32.253 125.099
v 24.487 -32.356 124.515
v 23.318 -29.602 123.319
v 24.07 -31.782 123.633
v 23.61 -29.459 123.813
v 24.604 -32.548 123.181
v 23.886 -31.736 122.341
v 23.106 -30.658 121.552
v 23.538 -31.431 121.679
v 24.324 -32.296 122.476
v 33.494 -28.512 138.39
v 30.924 -35.597 134.229
v 29.698 -35.201 132.595
v 32.791 -33.451 135.291
v 33.602 -32.561 135.141
v 31.825 -35.071 133.459
v 35.376 -30.774 134.899
v 28.878 -34.727 129.543
v 29.783 -34.65 130.374
v 27.44 -35.582 126.214
v 27.679 -35.278 128.136
v 26.549 -34.71 124.979
v 25.975 -34.057 124.909
v 25.085 -33.064 123.419
v 24.545 -32.647 121.988
v 30.779 -35.084 132.671
v 33.37 -33.699 134.218
v 32.113 -34.697 134.274
v 35.89 -29.288 135.767
v 29.867 -35.084 128.848
v 30.272 -34.773 131.695
v 28.069 -35.654 127.431
v 28.757 -35.443 128.013
v 26.084 -34.209 125.336
v 26.179 -34.258 123.818
v 25.35 -33.425 122.878
v 24.588 -32.935 120.747
v 32.563 -34.52 133.977
v 34.782 -32.841 133.895
v 31.55 -34.894 131.204
v 29.566 -36.577 126.637
v 27.559 -35.778 124.513
v 25.39 -33.685 121.544
v 33.747 -34.689 132.597
v 33.761 -33.031 134.429
v 35.7 -31.836 133.662
v 30.459 -36.056 127.625
v 31.239 -34.975 129.616
v 28.878 -36.738 125.264
v 29.134 -35.914 127.369
v 26.908 -35.097 123.53
v 28.076 -36.245 125.048
v 26.219 -34.449 122.438
v 26.616 -34.711 124.055
v 25.414 -33.869 120.548
v 33.352 -35.39 131.068
v 34.647 -34.047 133.087
v 36.46 -32.613 133.291
v 31.608 -35.741 128.429
v 32.48 -35.428 129.653
v 30.442 -37.663 125.516
v 27.758 -36.07 123.212
v 28.415 -36.597 124.156
v 26.209 -34.61 121.34
v 25.564 -34.058 119.906
v 35.373 -34.918 132.171
v 36.421 -34.09 132.985
v 36.409 -31.775 133.336
v 34.736 -35.372 131.44
v 37.668 -31.471 133.564
v 31.479 -36.199 127.78
v 29.572 -37.428 124.058
v 31.669 -37.866 126.85
v 30.937 -36.896 127.117
v 27.02 -35.375 122.242
v 26.193 -34.677 120.536
v 33.535 -36.125 129.548
v 34.554 -34.916 131.947
v 38.155 -33.406 133.366
v 35.191 -36.757 130.126
v 32.085 -36.94 127.755
v 32.741 -36.216 128.696
v 30.539 -37.925 124.63
v 31.887 -38.469 126.085
v 27.793 -36.239 122.18
v 28.57 -36.876 123.052
v 26.993 -35.464 121.326
v 26.213 -34.706 119.825
v 37.414 -35.566 132.423
v 38.242 -34.803 133.216
v 36.292 -35.984 131.371
v 30.524 -37.968 124.015
v 31.507 -38.4 125.212
v 32.988 -38.939 126.867
v 26.953 -35.478 120.565
v 33.614 -37.066 128.754
v 39.188 -34.037 133.609
v 39.571 -32.584 133.742
v 36.923 -36.84 130.845
v 29.4 -37.488 122.796
v 30.422 -37.95 123.273
v 31.184 -38.282 124.453
v 33.024 -39.155 125.855
v 33.196 -38.672 127.559
v 32.565 -38.031 127.513
v 27.75 -36.282 121.365
v 28.551 -36.972 122.117
v 26.381 -34.78 119.177
v 26.964 -35.5 119.809
v 34.607 -37.959 128.911
v 37.699 -36.647 131.54
v 38.542 -35.664 133.029
v 39.349 -35.282 133.452
v 39.09 -33.486 133.572
v 37.065 -37.59 130.426
v 40.913 -31.768 133.878
v 33.434 -38.074 128.091
v 31.468 -38.436 123.796
v 32.305 -38.86 124.672
v 34.146 -39.525 126.904
v 34.013 -39.251 127.58
v 27.707 -36.286 120.587
v 36.125 -38.366 129.446
v 38.842 -36.55 132.421
v 40.108 -33.752 133.848
v 37.646 -37.207 130.965
v 29.431 -37.493 121.866
v 30.314 -37.88 122.379
v 31.854 -38.502 122.678
v 33.747 -39.581 124.901
v 34.353 -39.769 125.969
v 34.635 -38.888 128.329
v 28.506 -36.977 121.318
v 26.455 -34.327 118.273
v 27.095 -35.46 119.042
v 27.713 -36.269 119.796
v 38.177 -37.582 131.118
v 40.091 -35.034 133.63
v 37.539 -38.299 130.218
v 40.346 -32.78 133.942
v 41.784 -30.516 134.064
v 32.87 -39.129 123.786
v 35.174 -39.906 126.72
v 35.02 -39.538 127.745
v 28.463 -36.926 120.511
v 36.018 -39.276 128.559
v 39.059 -37.68 131.482
v 39.814 -36.096 133.042
v 40.477 -33.928 133.504
v 37.508 -38.881 129.403
v 41.86 -30.341 133.182
v 29.292 -37.383 121.085
v 30.894 -37.79 121.183
v 33.433 -39.215 122.84
v 34.148 -39.738 123.95
v 35.219 -40.141 125.1
v 28.023 -34.749 117.643
v 27.579 -35.415 118.422
v 27.988 -36.203 119.082
v 28.409 -36.79 119.786
v 38.325 -38.31 130.596
v 39.704 -37.023 132.248
v 40.217 -35.381 133.089
v 41.303 -31.447 133.254
v 32.939 -38.609 121.841
v 32.747 -38.81 122.425
v 35.982 -40.172 126.348
v 36.0 -39.819 127.492
v 29.426 -37.22 120.197
v 28.345 -33.842 116.912
v 36.83 -39.564 128.098
v 38.797 -38.262 130.529
v 39.645 -37.474 131.542
v 39.982 -36.495 132.149
v 40.222 -34.461 132.506
v 41.331 -31.078 132.625
v 33.152 -37.911 120.578
v 34.977 -39.884 123.24
v 36.363 -40.447 125.41
v 29.882 -33.341 116.425
v 28.878 -35.941 118.398
v 28.863 -36.716 119.312
v 37.789 -39.39 127.744
v 39.951 -37.109 132.086
v 40.111 -35.509 132.391
v 40.757 -32.548 132.812
v 38.456 -38.55 129.229
v 30.451 -37.349 120.094
v 31.587 -37.267 119.793
v 34.245 -38.566 121.219
v 34.18 -39.214 122.196
v 36.306 -40.478 124.029
v 37.03 -40.144 126.467
v 29.425 -32.557 116.045
v 29.968 -35.003 117.392
v 28.709 -34.614 117.257
v 30.108 -36.79 119.186
v 39.206 -37.765 130.431
v 39.759 -35.251 131.095
v 40.127 -33.483 131.485
v 40.735 -31.461 131.361
v 33.284 -37.081 119.448
v 34.123 -38.107 120.647
v 35.092 -39.353 122.038
v 35.97 -39.976 122.734
v 37.106 -40.613 124.897
v 30.274 -35.991 118.132
v 38.022 -39.991 126.248
v 38.648 -38.666 127.443
v 39.718 -37.105 131.244
v 39.778 -36.501 131.31
v 39.983 -34.482 131.863
v 38.822 -37.755 129.1
v 31.707 -36.366 118.573
v 34.884 -37.844 120.425
v 36.766 -40.382 123.136
v 37.377 -40.657 123.828
v 38.347 -40.521 124.747
v 30.347 -35.642 117.734
v 38.428 -39.546 126.578
v 39.364 -36.764 130.248
v 33.619 -36.099 118.598
v 34.639 -36.762 119.383
v 35.153 -38.73 121.258
v 35.838 -39.24 121.79
v 36.644 -39.787 122.346
v 32.173 -35.172 117.587
v 30.886 -35.704 117.822
v 38.727 -40.02 125.587
v 39.215 -39.448 125.844
v 38.819 -37.542 127.698
v 39.54 -35.512 128.917
v 39.892 -33.73 130.012
v 38.906 -36.882 128.673
v 36.047 -36.713 119.941
v 35.647 -38.557 121.095
v 37.4 -40.314 122.921
v 38.183 -40.597 123.474
v 39.611 -40.13 124.817
v 39.351 -38.68 126.143
v 38.987 -38.159 126.819
v 39.456 -35.216 129.993
v 39.651 -34.6 129.624
v 40.647 -32.969 127.731
v 35.359 -35.807 119.039
v 36.609 -37.753 120.806
v 35.891 -38.219 120.863
v 36.5 -38.845 121.492
v 37.383 -39.636 122.231
v 38.903 -40.657 123.767
v 39.968 -40.442 123.949
v 40.48 -39.178 124.938
v 39.631 -37.76 126.06
v 38.754 -36.994 127.993
v 39.287 -36.633 127.202
v 36.147 -35.954 119.536
v 36.605 -37.079 120.383
v 38.023 -40.194 122.775
v 38.989 -40.266 123.097
v 40.414 -40.167 124.393
v 40.7 -35.476 126.25
v 37.334 -36.721 120.621
v 37.658 -38.833 121.764
v 38.219 -39.689 122.404
v 40.998 -40.024 124.197
v 40.616 -38.043 125.106
v 39.689 -36.873 126.024
v 39.9 -36.414 126.06
v 38.34 -37.76 121.566
v 40.35 -39.966 123.21
v 41.328 -39.988 123.759
v 41.674 -37.898 124.676
v 40.539 -37.023 125.408
v 41.998 -33.802 125.715
v 43.253 -32.997 125.24
v 38.722 -35.405 120.811
v 38.336 -36.69 121.173
v 39.203 -39.194 122.427
v 41.955 -39.084 124.174
v 41.889 -36.686 124.933
v 42.558 -34.953 125.049
v 42.029 -32.854 126.004
v 45.043 -32.529 124.867
v 45.31 -31.293 124.797
v 39.242 -36.727 121.62
v 40.545 -39.34 122.855
v 41.694 -39.318 123.312
v 42.102 -39.489 123.753
v 43.135 -36.792 124.353
v 42.709 -33.875 125.141
v 44.46 -34.464 124.52
v 45.016 -31.497 125.167
v 39.432 -37.53 121.975
v 39.558 -38.154 122.193
v 40.243 -38.636 122.542
v 42.765 -38.437 123.71
v 42.356 -37.32 124.578
v 43.54 -34.863 124.71
v 45.539 -33.869 124.283
v 45.937 -32.1 123.731
v 40.124 -35.557 121.566
v 40.958 -37.103 122.355
v 41.109 -38.698 122.828
v 43.651 -37.099 123.77
v 44.814 -35.326 123.751
v 45.97 -32.841 124.227
v 45.276 -31.41 123.178
v 41.991 -38.205 123.002
v 42.527 -38.481 123.317
v 43.217 -37.004 123.172
v 45.995 -33.879 123.84
v 46.298 -33.188 123.643
v 45.767 -32.772 122.853
v 45.914 -33.852 123.195
v 46.251 -33.03 123.296
v 44.555 -31.905 122.34
v 43.004 -35.108 122.374
v 42.14 -37.432 122.864
v 44.752 -34.714 122.765
v 45.208 -33.069 122.292
v 42.342 -36.771 122.741
v 45.595 -33.66 122.572
v 44.026 -33.137 121.992
v 42.988 -33.876 121.976
v 44.252 -34.088 122.27
v 44.997 -33.728 122.284
v 43.671 -33.973 122.137
v 30.41 -32.03 115.789
v 31.312 -34.313 116.891
v 34.424 -34.992 118.121
v 31.171 -34.887 117.203
v 37.093 -35.482 119.869
v 36.232 -35.539 119.363
v 31.787 -33.063 116.279
v 33.428 -34.598 117.447
v 35.429 -35.126 118.666
v 31.774 -32.093 115.774
v 32.764 -34.074 116.961
v 42.217 -32.027 126.142
v 40.184 -34.299 121.095
v 41.703 -34.309 121.721
v 42.898 -31.742 121.539
v 42.592 -34.325 122.051
v 42.586 -32.996 121.583
v 36.42 -34.627 118.992
v 38.288 -34.431 120.081
v 34.126 -33.97 117.361
v 35.472 -34.729 118.473
v 33.456 -33.093 116.647
v 42.881 -32.022 125.532
v 39.405 -33.432 120.288
v 37.69 -34.272 119.61
v 35.499 -33.858 118.027
v 40.959 -33.161 120.996
v 41.773 -32.293 121.09
v 41.799 -33.087 121.329
v 38.411 -33.766 119.81
v 34.799 -32.945 117.151
v 38.082 -33.14 119.299
v 36.775 -33.226 118.477
v 32.83 -32.107 115.968
v 36.113 -32.11 117.54
v 34.156 -32.161 116.443
v 37.559 -32.191 118.513
v 35.05 -32.191 116.894
v 30.198 -21.791 138.678
v 29.074 -21.031 138.101
v 30.945 -23.123 139.362
v 31.296 -25.788 139.567
v 32.466 -26.695 139.319
v 30.851 -24.546 139.558
v 34.622 -28.026 137.842
v 33.742 -27.151 138.781
v 35.847 -28.634 136.409
v 36.492 -29.492 135.1
v 36.224 -31.239 133.729
v 39.241 -31.032 133.765
v 40.128 -31.026 133.996
v 42.155 -29.575 134.062
v 41.551 -30.185 134.352
v 41.622 -30.531 132.645
v 40.241 -32.199 129.764
v 35.293 -28.447 137.046
v 37.584 -28.468 135.289
v 37.591 -29.945 134.364
v 36.62 -30.722 134.025
v 38.589 -30.48 133.834
v 40.508 -29.927 134.375
v 42.631 -28.981 133.321
v 32.066 -24.219 139.657
v 32.478 -25.371 139.569
v 33.971 -24.981 139.066
v 31.47 -24.761 139.767
v 36.108 -27.568 136.693
v 34.549 -27.004 138.449
v 39.36 -30.131 134.114
v 42.482 -28.834 131.782
v 42.568 -28.116 133.925
v 41.452 -28.928 134.418
v 32.053 -23.013 139.613
v 34.411 -26.385 138.693
v 35.207 -26.259 138.012
v 37.604 -26.937 135.575
v 39.065 -29.274 134.568
v 43.216 -27.845 132.981
v 39.747 -28.453 134.692
v 33.202 -22.686 139.377
v 38.949 -27.476 134.914
v 43.258 -27.341 131.784
v 43.328 -26.974 133.552
v 41.036 -27.012 134.327
v 35.009 -24.992 138.548
v 38.812 -28.126 134.913
v 43.696 -26.711 132.846
v 42.629 -27.043 133.944
v 34.704 -24.709 138.839
v 43.609 -26.134 133.298
v 42.647 -25.848 133.649
v 43.679 -25.83 132.772
v 43.028 -24.82 131.969
v 43.255 -25.32 133.067
v 42.693 -24.999 133.32
v 42.514 -25.105 133.495
v 31.253 -22.074 139.181
v 41.537 -30.244 131.858
v 44.32 -30.111 122.902
v 29.858 -20.17 137.881
v 40.755 -30.725 129.489
v 31.978 -22.238 139.382
v 36.933 -25.979 136.473
v 36.096 -24.776 137.842
v 31.58 -21.132 138.766
v 41.073 -30.37 130.768
v 37.669 -26.256 135.583
v 26.932 -15.835 135.874
v 43.961 -30.801 125.785
v 45.006 -29.961 124.21
v 43.555 -30.759 122.055
v 42.852 -31.539 125.891
v 40.684 -32.127 120.514
v 39.694 -31.636 119.753
v 38.453 -32.049 119.054
v 37.388 -31.214 118.03
v 43.457 -26.133 131.922
v 44.604 -29.545 125.366
v 36.745 -30.988 117.507
v 43.821 -28.955 126.222
v 44.593 -28.65 125.126
v 32.135 -30.908 115.331
v 41.543 -30.645 127.687
v 41.461 -31.025 120.71
v 33.698 -30.993 115.711
v 34.931 -31.32 116.431
v 40.513 -31.2 128.271
v 38.665 -25.733 135.233
v 42.706 -27.954 130.312
v 35.144 -22.317 138.974
v 35.261 -24.141 138.661
v 41.145 -25.39 133.965
v 42.427 -24.191 132.66
v 41.649 -24.384 133.394
v 41.677 -29.532 130.082
v 32.72 -21.561 139.122
v 31.489 -19.441 137.957
v 37.574 -24.043 136.959
v 42.602 -30.575 121.447
v 38.456 -31.201 118.743
v 42.95 -26.56 130.291
v 42.942 -25.378 130.958
v 44.181 -28.478 123.598
v 43.233 -29.197 122.016
v 40.631 -31.564 120.321
v 37.31 -30.61 117.762
v 42.929 -29.017 127.315
v 43.983 -28.096 125.826
v 44.492 -28.358 124.596
v 40.616 -31.29 127.7
v 42.322 -31.148 121.246
v 42.226 -28.712 130.198
v 34.023 -22.094 139.201
v 40.184 -25.56 134.366
v 40.732 -30.681 128.421
v 33.849 -21.472 139.024
v 36.824 -23.106 138.291
v 32.977 -20.373 138.552
v 43.836 -28.856 122.778
v 37.024 -30.147 117.377
v 43.185 -27.659 126.951
v 44.1 -27.707 125.234
v 40.662 -30.89 127.726
v 42.237 -28.82 129.088
v 39.665 -23.799 134.524
v 42.011 -28.897 129.762
v 38.551 -24.063 135.722
v 37.415 -23.29 137.775
v 42.755 -27.644 128.635
v 42.572 -25.337 129.792
v 43.8 -27.262 124.439
v 37.097 -21.801 138.927
v 35.123 -20.01 138.516
v 40.244 -22.76 133.411
v 38.598 -22.519 136.563
v 37.847 -22.747 137.839
v 38.014 -21.86 138.665
v 36.86 -20.865 138.995
v 39.696 -22.826 134.0
v 38.174 -20.966 139.088
v 38.987 -22.447 135.375
v 38.592 -21.733 138.05
v 38.962 -20.892 138.714
v 38.847 -21.767 135.952
v 39.306 -20.742 137.477
v 39.125 -20.165 139.084
v 39.765 -19.898 138.533
v 36.011 -30.515 116.785
v 42.095 -29.364 120.931
v 43.311 -27.595 122.408
v 42.997 -26.399 125.892
v 43.672 -27.244 123.541
v 43.133 -28.235 121.947
v 43.734 -27.087 123.94
v 29.429 -15.9 137.273
v 29.116 -14.987 137.147
v 28.307 -18.173 136.702
v 42.016 -22.771 131.328
v 30.24 -18.851 137.437
v 38.244 -29.848 118.086
v 42.287 -23.807 129.993
v 39.486 -30.159 119.085
v 33.275 -29.905 115.077
v 34.463 -30.584 115.812
v 41.1 -22.477 132.481
v 32.869 -18.486 137.706
v 40.511 -30.24 119.854
v 42.527 -25.927 128.05
v 36.86 -19.864 138.758
v 39.524 -21.707 134.684
v 38.117 -20.142 139.08
v 38.857 -21.431 136.694
v 39.751 -19.423 138.848
v 40.172 -19.333 137.546
v 35.06 -30.24 116.01
v 42.658 -27.906 121.257
v 36.654 -29.442 116.803
v 41.254 -29.667 120.266
v 42.953 -26.077 124.674
v 43.027 -26.266 122.987
v 43.371 -26.606 123.854
v 30.893 -17.187 137.436
v 34.373 -29.516 115.32
v 37.467 -29.207 117.29
v 42.262 -24.818 129.088
v 40.428 -22.267 132.851
v 34.48 -17.867 137.675
v 36.205 -19.656 138.548
v 40.213 -21.278 133.224
v 39.205 -20.966 136.246
v 39.02 -19.411 138.942
v 40.265 -18.83 138.152
v 40.042 -19.559 135.947
v 35.778 -28.97 115.932
v 41.767 -28.219 120.204
v 42.467 -25.749 126.846
v 41.47 -28.992 120.243
v 42.681 -25.778 125.208
v 42.879 -26.22 122.219
v 42.574 -25.981 121.122
v 28.146 -16.96 136.386
v 41.814 -20.735 129.546
v 41.362 -21.234 131.283
v 39.455 -29.283 118.704
v 40.63 -28.834 119.395
v 32.107 -17.286 137.217
v 38.39 -28.287 117.486
v 41.979 -24.137 128.196
v 36.338 -18.824 138.222
v 32.905 -16.976 137.245
v 37.869 -19.189 138.658
v 40.025 -20.02 134.346
v 39.752 -18.595 138.457
v 40.665 -17.867 136.724
v 42.08 -26.843 119.981
v 37.251 -28.239 116.661
v 42.085 -24.834 126.711
v 42.643 -25.441 123.615
v 42.152 -24.727 125.075
v 42.524 -25.144 122.448
v 29.954 -15.932 137.527
v 29.022 -16.519 136.893
v 41.718 -22.307 128.096
v 41.75 -21.644 130.794
v 39.502 -28.361 118.28
v 34.357 -28.664 114.915
v 35.776 -16.626 137.523
v 40.319 -19.305 133.485
v 38.798 -18.425 138.385
v 40.319 -17.876 137.713
v 40.716 -17.874 135.283
v 35.105 -28.024 115.04
v 41.379 -27.543 119.376
v 36.462 -27.418 115.617
v 42.69 -25.601 122.98
v 42.288 -25.922 120.023
v 41.777 -20.881 127.859
v 38.365 -27.373 117.024
v 39.575 -26.679 117.53
v 41.581 -23.252 127.03
v 37.58 -17.689 137.847
v 40.415 -18.649 134.679
v 39.603 -17.296 137.696
v 40.947 -17.069 135.661
v 40.483 -16.816 136.961
v 35.735 -28.147 115.491
v 41.51 -26.655 119.028
v 37.869 -26.937 116.426
v 41.604 -23.703 126.059
v 42.01 -23.658 123.473
v 42.379 -24.523 121.35
v 41.952 -25.859 119.319
v 42.299 -25.112 120.023
v 41.572 -21.417 126.701
v 42.002 -20.036 127.799
v 40.67 -27.3 118.6
v 41.459 -22.313 126.999
v 36.933 -16.641 137.321
v 38.645 -17.629 137.921
v 40.654 -18.004 134.748
v 40.793 -16.739 134.664
v 40.819 -15.967 135.734
v 37.527 -26.243 115.739
v 41.488 -23.352 125.431
v 41.602 -23.332 124.706
v 42.415 -24.908 120.722
v 42.217 -23.829 122.133
v 41.86 -20.326 126.94
v 35.873 -26.687 114.793
v 38.702 -26.677 116.898
v 41.166 -25.806 118.425
v 41.381 -22.567 126.092
v 37.605 -16.208 137.3
v 38.544 -16.554 137.486
v 40.125 -16.368 137.07
v 40.404 -15.703 136.58
v 36.753 -26.178 115.089
v 38.877 -25.652 116.518
v 41.55 -22.47 124.356
v 42.326 -24.219 120.579
v 42.243 -23.468 121.314
v 41.959 -24.907 119.121
v 41.834 -20.35 125.636
v 40.401 -24.814 117.504
v 39.546 -15.773 137.068
v 40.568 -14.891 136.166
v 37.625 -25.094 115.18
v 41.373 -22.642 125.168
v 42.075 -22.722 122.274
v 41.815 -21.932 123.414
v 42.24 -24.18 119.804
v 41.484 -21.688 125.194
v 39.689 -25.738 117.179
v 41.598 -24.424 118.525
v 40.795 -15.542 135.094
v 40.585 -14.557 135.668
v 38.637 -24.696 115.857
v 41.58 -21.732 124.263
v 42.269 -23.374 120.475
v 42.179 -22.442 121.243
v 42.077 -24.088 119.186
v 41.78 -20.866 124.249
v 41.458 -23.402 118.238
v 40.446 -14.811 134.613
v 38.423 -24.123 115.443
v 39.435 -23.856 116.355
v 42.048 -21.223 122.338
v 42.218 -23.423 119.707
v 41.987 -19.958 124.654
v 40.757 -22.834 117.383
v 41.988 -23.463 119.001
v 41.942 -20.91 123.347
v 42.199 -22.529 120.264
v 42.073 -21.279 120.931
v 42.174 -19.561 123.707
v 41.505 -22.257 118.128
v 41.886 -22.52 118.858
v 38.516 -22.907 115.246
v 41.991 -19.586 121.856
v 42.136 -22.761 119.519
v 40.027 -21.896 116.485
v 41.109 -21.568 117.557
v 41.993 -21.623 119.668
v 40.719 -22.076 117.188
v 41.53 -21.748 118.083
v 41.66 -21.356 118.491
v 39.051 -21.464 115.524
v 41.753 -20.517 119.264
v 39.498 -20.417 115.656
v 40.618 -20.19 116.722
v 41.269 -20.192 117.775
v 39.132 -20.927 115.516
v 41.552 -20.107 118.607
v 40.165 -19.166 115.959
v 39.726 -19.595 115.576
v 40.877 -18.8 117.063
v 40.673 -19.376 116.562
v 40.653 -20.281 132.299
v 31.968 -16.526 137.212
v 33.751 -15.911 137.616
v 31.156 -14.759 138.45
v 41.019 -19.216 131.077
v 40.592 -17.874 134.127
v 42.224 -19.29 127.833
v 36.801 -15.301 137.208
v 42.171 -19.467 126.677
v 40.754 -15.788 134.765
v 38.157 -14.129 137.275
v 39.884 -14.625 136.601
v 40.12 -13.692 136.235
v 40.119 -13.385 135.299
v 42.272 -19.211 125.336
v 41.828 -19.981 120.348
v 42.19 -18.306 123.014
v 41.294 -19.002 118.348
v 41.55 -19.286 119.368
v 40.429 -17.877 116.181
v 31.82 -15.577 137.777
v 32.537 -15.918 137.361
v 34.673 -14.93 137.913
v 40.539 -18.239 132.512
v 30.887 -13.443 138.604
v 41.546 -18.733 129.798
v 42.154 -18.422 128.46
v 35.707 -14.963 137.549
v 40.569 -17.008 133.328
v 40.447 -15.799 133.485
v 39.8 -13.228 133.737
v 42.645 -18.092 125.061
v 41.786 -18.925 121.089
v 41.792 -17.707 121.776
v 42.514 -17.955 124.051
v 41.057 -17.956 118.095
v 40.773 -17.822 116.818
v 32.684 -15.102 137.95
v 33.55 -14.161 138.749
v 32.047 -12.853 139.803
v 29.976 -13.397 137.742
v 32.239 -14.545 138.598
v 41.159 -17.666 130.379
v 42.546 -18.267 126.656
v 36.399 -13.82 137.813
v 37.143 -14.258 137.124
v 39.506 -13.722 136.708
v 39.705 -12.155 136.18
v 40.147 -14.633 133.04
v 40.086 -14.235 133.918
v 39.518 -11.742 134.913
v 41.591 -18.459 120.433
v 42.357 -16.734 123.727
v 41.249 -17.592 119.423
v 40.865 -17.505 117.431
v 40.639 -17.005 116.798
v 27.127 -8.018 139.339
v 40.71 -17.874 131.463
v 35.184 -14.076 138.127
v 34.521 -13.967 138.504
v 32.495 -13.614 139.588
v 31.61 -11.962 139.241
v 30.738 -12.462 138.369
v 28.686 -13.8 137.019
v 41.705 -17.825 129.349
v 40.633 -16.609 131.737
v 42.535 -17.278 127.472
v 37.231 -13.985 137.171
v 39.226 -12.528 137.115
v 40.197 -15.307 133.016
v 39.153 -11.329 133.351
v 42.769 -17.139 124.775
v 42.759 -16.656 126.059
v 41.756 -16.171 122.451
v 40.922 -16.881 118.361
v 35.112 -13.022 139.193
v 32.82 -12.726 140.412
v 32.696 -11.2 140.258
v 29.277 -11.955 137.348
v 42.033 -17.185 128.651
v 41.581 -17.255 129.475
v 40.309 -15.419 132.401
v 38.65 -12.666 137.482
v 39.378 -10.689 136.016
v 39.26 -10.836 137.442
v 39.892 -13.481 131.987
v 39.396 -12.107 131.946
v 39.105 -10.497 134.319
v 41.463 -17.449 120.653
v 41.344 -16.267 120.958
v 41.983 -15.464 123.433
v 42.766 -16.329 124.918
v 40.753 -16.501 117.685
v 40.902 -15.696 119.249
v 40.558 -15.772 117.164
v 28.203 -8.719 138.551
v 33.703 -12.791 140.183
v 32.835 -12.097 140.563
v 31.757 -10.778 139.369
v 30.969 -11.324 138.621
v 41.41 -16.386 129.626
v 42.177 -16.013 127.882
v 35.994 -12.949 138.723
v 40.608 -14.688 130.625
v 36.754 -12.362 139.049
v 38.765 -12.07 137.747
v 38.176 -12.153 138.246
v 39.302 -10.752 135.109
v 38.722 -11.17 138.43
v 38.852 -10.738 131.846
v 38.651 -9.579 132.911
v 41.477 -14.834 122.334
v 42.38 -15.649 124.277
v 42.611 -15.969 124.595
v 40.803 -16.176 118.356
v 29.741 -8.341 139.002
v 34.909 -11.942 140.567
v 33.448 -12.111 140.737
v 33.47 -11.376 140.768
v 32.681 -9.697 140.164
v 31.548 -11.4 139.079
v 30.093 -10.321 138.286
v 42.35 -15.125 126.727
v 39.17 -9.996 135.158
v 39.145 -9.754 137.163
v 38.852 -9.937 138.917
v 39.92 -12.757 130.385
v 39.3 -11.109 130.111
v 38.92 -9.474 134.304
v 42.506 -15.141 125.252
v 41.027 -14.715 120.777
v 41.861 -14.548 123.562
v 42.193 -14.948 124.214
v 40.729 -15.791 118.133
v 28.791 -10.408 137.221
v 35.85 -11.8 140.27
v 34.19 -11.906 140.801
v 33.666 -10.564 140.795
v 33.481 -9.95 140.698
v 31.508 -9.316 139.442
v 30.859 -10.08 138.862
v 41.486 -15.311 129.008
v 41.376 -14.137 128.284
v 37.808 -10.933 139.639
v 39.103 -9.478 136.117
v 39.028 -9.667 138.188
v 38.396 -10.073 139.736
v 40.553 -13.49 129.506
v 38.716 -10.436 131.034
v 38.516 -9.863 131.543
v 38.556 -8.266 133.963
v 41.002 -13.198 121.821
v 41.62 -13.589 123.338
v 40.653 -15.021 118.232
v 40.811 -14.551 119.826
v 35.824 -11.041 140.978
v 35.006 -10.955 141.081
v 34.067 -11.446 140.919
v 34.304 -10.637 141.01
v 33.837 -8.538 140.905
v 32.513 -7.941 140.13
v 41.873 -13.657 126.436
v 36.821 -10.724 140.697
v 38.925 -8.978 135.146
v 38.749 -8.876 137.023
v 38.599 -8.828 138.038
v 38.528 -8.908 139.122
v 38.328 -9.076 140.167
v 40.254 -12.447 129.096
v 39.787 -12.083 129.779
v 38.657 -10.049 130.679
v 38.406 -9.255 131.826
v 38.416 -8.355 132.882
v 40.757 -13.776 120.401
v 42.06 -13.978 124.484
v 40.709 -14.6 119.072
v 31.406 -7.708 139.41
v 34.329 -9.605 141.076
v 31.317 -8.44 139.43
v 42.198 -13.921 125.4
v 40.85 -12.423 127.679
v 37.674 -9.465 140.933
v 38.553 -8.384 136.207
v 38.801 -9.69 129.944
v 38.449 -9.175 130.934
v 38.337 -8.479 131.884
v 38.122 -7.213 132.697
v 38.541 -8.102 135.182
v 40.636 -13.058 120.696
v 41.421 -12.724 123.274
v 41.684 -12.844 124.127
v 40.645 -13.967 119.507
v 30.888 -2.653 140.659
v 31.548 -7.153 139.442
v 31.612 -6.35 139.818
v 36.393 -9.673 141.378
v 35.125 -9.799 141.277
v 35.144 -8.178 141.355
v 33.701 -6.532 140.963
v 41.767 -12.884 125.34
v 41.068 -11.962 126.437
v 37.08 -9.939 141.228
v 37.607 -7.649 137.435
v 37.611 -7.83 138.964
v 37.721 -8.034 140.05
v 38.114 -8.932 140.792
v 39.982 -11.315 128.5
v 39.353 -9.584 128.273
v 38.073 -7.044 133.838
v 38.183 -7.395 134.67
v 41.031 -11.955 122.742
v 41.636 -13.043 123.621
v 31.7 -7.438 139.408
v 31.817 -5.533 140.271
v 32.206 -4.614 140.765
v 34.349 -7.729 141.231
v 33.012 -6.973 140.586
v 31.958 -7.213 139.71
v 40.285 -11.148 127.493
v 37.694 -7.236 135.925
v 38.115 -7.859 136.545
v 37.767 -8.385 140.902
v 38.586 -8.523 129.953
v 38.362 -8.423 130.915
v 40.674 -11.873 121.881
v 41.231 -11.707 123.811
v 41.435 -11.989 124.786
v 32.498 -6.413 140.385
v 41.247 -11.775 125.52
v 40.268 -10.535 126.529
v 37.186 -8.893 141.547
v 36.234 -6.636 138.821
v 36.347 -6.801 139.962
v 36.898 -7.374 140.782
v 37.422 -8.47 141.442
v 38.709 -7.535 128.883
v 40.979 -11.263 123.127
v 31.913 -3.238 140.924
v 31.784 -2.364 140.619
v 36.66 -8.264 141.574
v 34.912 -6.774 141.165
v 40.856 -11.259 125.902
v 37.029 -6.982 136.845
v 36.303 -6.637 138.099
v 37.066 -7.812 141.329
v 40.738 -10.448 123.486
v 40.729 -10.638 125.027
v 32.78 -3.769 140.635
v 35.963 -7.126 141.207
v 34.539 -5.611 140.537
v 33.207 -5.261 141.038
v 36.248 -6.417 137.434
v 35.302 -5.89 139.405
v 35.97 -6.627 140.711
v 33.327 -4.918 140.942
v 33.775 -5.528 140.962
v 33.512 -5.453 141.061
v 40.081 -9.788 125.859
v 35.486 -6.023 138.963
v 40.091 -9.292 125.3
v 34.469 -4.967 139.274
v 51.028 18.605 115.45
v 51.843 18.075 115.136
v 49.996 18.89 115.096
v 52.416 17.534 115.164
v 53.149 10.093 112.048
v 52.39 8.568 111.754
v 43.457 26.992 119.17
v 44.804 26.954 119.832
v 45.892 26.596 120.428
v 47.134 25.051 122.911
v 52.147 16.717 115.016
v 44.934 27.479 121.188
v 51.713 16.439 114.17
v 44.006 27.626 120.389
v 45.136 27.355 122.238
v 43.547 28.059 121.29
v 45.597 25.996 122.966
v 43.232 27.737 120.319
v 44.229 27.95 122.133
v 46.381 24.974 123.259
v 42.868 27.514 119.941
v 44.335 27.186 122.846
v 44.64 27.778 122.428
v 43.425 28.193 122.052
v 42.287 27.732 120.704
v 45.291 24.633 123.876
v 43.779 25.554 124.131
v 42.588 28.014 122.027
v 43.232 27.648 122.725
v 43.341 26.696 123.433
v 40.886 27.856 122.315
v 41.949 27.458 123.197
v 42.505 26.81 123.644
v 41.141 27.557 123.54
v 41.862 26.845 123.991
v 40.334 27.756 124.308
v 42.818 23.566 131.386
v 41.883 24.908 131.031
v 41.795 24.533 132.006
v 43.792 21.902 132.978
v 45.652 21.084 149.066
v 45.246 20.833 149.405
v 44.81 20.741 149.433
v 41.069 25.386 131.746
v 46.101 20.465 148.383
v 44.881 21.818 149.149
v 46.006 21.312 148.685
v 46.129 21.474 148.099
v 45.836 22.302 148.502
v 50.352 13.883 138.373
v 49.72 15.587 139.252
v 46.237 21.76 146.755
v 46.132 22.102 147.867
v 50.97 14.941 137.794
v 46.088 22.679 147.648
v 45.925 23.36 147.825
v 51.907 13.651 137.72
v 52.224 14.049 137.198
v 49.119 18.435 142.355
v 52.693 13.133 137.356
v 48.792 18.082 140.603
v 48.431 19.062 141.469
v 46.454 20.965 141.181
v 47.513 19.877 141.225
v 47.108 20.561 142.453
v 42.755 26.073 124.138
v 39.505 28.101 122.183
v 41.163 27.067 124.577
v 41.839 26.223 124.766
v 39.044 28.409 123.748
v 42.828 23.927 129.81
v 42.031 23.817 133.009
v 42.281 24.617 130.239
v 42.813 23.05 133.055
v 41.024 24.665 133.081
v 41.521 25.359 130.944
v 45.372 20.147 149.109
v 43.816 21.241 149.114
v 46.31 20.831 147.541
v 45.189 22.912 148.725
v 49.134 14.85 140.098
v 51.78 12.887 137.739
v 49.274 16.813 140.377
v 45.86 23.395 146.796
v 45.512 23.59 148.223
v 52.52 12.749 137.566
v 47.214 18.672 137.321
v 52.992 12.236 137.2
v 48.122 18.19 138.625
v 48.724 19.123 142.565
v 49.445 17.344 142.488
v 47.822 19.09 140.041
v 46.828 20.111 139.991
v 46.317 21.603 142.848
v 47.979 19.756 142.483
v 42.528 24.787 125.961
v 42.421 25.52 124.985
v 40.083 27.422 126.274
v 39.333 28.213 125.492
v 42.967 23.688 128.687
v 41.326 25.586 130.125
v 43.06 22.572 134.443
v 40.109 25.568 132.955
v 44.469 20.846 134.653
v 46.249 18.841 147.955
v 43.892 22.125 149.019
v 44.525 20.249 149.253
v 46.938 19.698 146.928
v 44.753 22.823 148.865
v 49.182 15.878 140.798
v 49.046 13.547 139.099
v 46.504 20.677 146.864
v 51.13 12.21 137.634
v 48.922 17.446 139.36
v 45.862 22.863 145.465
v 45.613 24.106 147.454
v 48.95 18.805 143.455
v 49.377 17.937 143.996
v 46.092 20.979 140.143
v 45.604 22.177 141.609
v 46.888 20.876 143.103
v 47.132 20.567 144.103
v 43.075 23.544 127.107
v 40.967 26.392 126.135
v 38.09 29.045 125.952
v 42.213 24.721 129.194
v 41.453 24.002 133.69
v 42.454 23.218 133.721
v 43.853 21.722 134.865
v 40.251 25.869 132.284
v 39.974 24.873 134.017
v 40.179 26.185 131.465
v 44.754 19.344 148.58
v 44.262 22.698 148.863
v 43.372 22.084 148.908
v 43.705 20.162 148.769
v 44.498 23.703 148.285
v 48.85 15.273 141.845
v 48.373 14.116 141.055
v 46.984 20.309 145.84
v 52.451 11.861 137.482
v 49.276 16.261 142.208
v 46.328 21.704 145.217
v 45.599 23.709 145.862
v 45.234 24.281 147.89
v 45.118 24.327 146.232
v 53.42 10.823 136.698
v 45.957 19.668 136.571
v 47.417 18.734 138.153
v 53.13 11.264 137.181
v 48.339 19.444 143.495
v 49.682 17.129 144.043
v 47.052 19.328 138.648
v 45.853 20.706 138.796
v 46.116 21.141 140.642
v 45.658 21.688 140.583
v 45.359 22.881 142.622
v 41.583 25.607 125.993
v 42.041 24.742 127.193
v 37.573 28.914 123.265
v 38.861 28.324 126.976
v 40.603 26.42 128.098
v 37.679 29.202 124.489
v 42.174 24.625 128.068
v 40.96 23.975 134.368
v 42.054 23.29 134.584
v 41.553 25.421 128.616
v 43.767 22.007 136.345
v 39.47 26.237 132.625
v 38.878 25.981 133.609
v 40.034 26.679 130.03
v 44.259 21.265 135.625
v 45.332 17.678 147.509
v 48.113 17.717 146.731
v 43.33 22.906 148.493
v 42.733 22.132 148.546
v 42.611 21.04 148.442
v 47.858 12.527 139.941
v 46.587 21.099 145.493
v 50.15 11.844 137.606
v 52.041 11.004 137.427
v 46.134 22.112 144.249
v 45.295 23.727 144.974
v 45.198 24.566 147.331
v 46.268 19.827 137.8
v 48.266 18.899 145.192
v 49.401 16.754 145.671
v 49.604 16.268 143.992
v 45.436 21.547 139.641
v 45.124 22.471 140.903
v 44.6 23.156 141.504
v 45.702 22.696 143.543
v 41.434 25.446 127.015
v 35.834 30.087 122.388
v 36.84 29.117 122.442
v 41.028 25.923 126.868
v 39.398 27.612 128.083
v 36.797 29.96 125.334
v 38.164 28.823 127.221
v 42.84 22.653 135.539
v 38.955 24.997 134.533
v 40.182 23.611 135.64
v 39.455 26.782 131.09
v 44.486 20.962 135.586
v 44.778 20.832 136.184
v 43.151 18.949 147.662
v 47.052 16.704 147.337
v 43.027 20.152 148.358
v 47.348 19.664 146.041
v 44.815 24.508 147.708
v 49.187 15.37 143.437
v 48.547 14.388 142.894
v 47.767 13.295 142.137
v 49.052 12.068 138.214
v 50.981 10.984 137.395
v 52.777 10.891 137.395
v 45.617 23.061 144.364
v 44.666 24.682 147.079
v 53.439 10.113 136.489
v 45.428 20.699 137.663
v 53.151 10.386 137.158
v 49.233 17.888 144.956
v 44.932 21.721 138.735
v 44.581 22.48 139.932
v 44.753 23.585 142.609
v 45.085 23.54 143.645
v 47.448 19.936 145.04
v 41.492 25.373 127.79
v 36.847 29.162 123.081
v 36.577 29.765 123.806
v 37.992 28.431 128.474
v 39.755 27.209 128.773
v 36.841 29.775 126.603
v 37.602 29.148 127.261
v 41.418 23.178 135.571
v 42.488 22.673 136.668
v 39.149 26.689 131.946
v 38.116 26.932 132.794
v 38.099 25.83 134.17
v 39.897 27.013 129.153
v 39.235 27.1 130.528
v 43.936 16.392 146.505
v 46.154 16.867 147.19
v 48.326 16.553 147.218
v 42.945 24.125 147.354
v 42.096 23.182 147.797
v 41.514 22.211 147.794
v 42.281 20.219 147.96
v 44.17 24.467 147.553
v 46.376 11.972 141.695
v 48.322 11.248 138.487
v 49.82 10.919 137.555
v 51.8 10.105 137.392
v 52.615 10.16 137.366
v 44.168 24.237 144.427
v 44.423 24.695 146.437
v 49.65 15.294 145.29
v 45.238 21.172 138.231
v 44.102 23.802 142.278
v 36.313 29.424 122.489
v 36.437 29.402 122.816
v 39.092 27.435 129.668
v 35.856 30.709 124.746
v 35.562 30.715 125.922
v 43.888 22.342 138.1
v 44.586 21.617 137.586
v 37.53 26.62 133.752
v 38.002 25.0 134.725
v 38.77 24.157 135.409
v 41.172 22.971 136.125
v 38.324 27.35 131.228
v 42.189 17.594 146.489
v 45.974 16.129 147.038
v 46.388 16.586 147.075
v 48.555 15.467 147.489
v 48.953 16.377 146.942
v 40.979 20.876 147.547
v 49.517 15.328 144.43
v 49.149 14.256 144.663
v 48.342 13.534 143.628
v 47.672 12.721 143.395
v 49.011 11.003 137.846
v 50.716 9.928 137.43
v 44.291 24.589 145.704
v 43.879 24.652 146.929
v 53.437 9.499 136.33
v 45.484 20.883 138.247
v 53.006 9.28 137.041
v 48.763 17.803 145.918
v 49.72 15.044 146.329
v 43.278 23.282 140.696
v 43.795 23.617 141.589
v 44.431 23.94 143.147
v 37.921 27.907 130.052
v 35.605 30.79 123.828
v 36.031 29.92 127.144
v 36.76 29.216 127.932
v 41.648 22.79 136.347
v 42.827 22.685 138.406
v 44.094 22.075 137.422
v 36.381 27.577 133.219
v 37.174 25.779 134.406
v 39.013 23.221 137.023
v 41.319 22.74 137.092
v 38.936 27.288 130.504
v 41.305 18.772 146.917
v 41.883 16.545 145.956
v 45.778 14.604 146.766
v 46.535 16.329 147.092
v 47.68 15.021 147.607
v 41.752 23.856 147.14
v 40.828 23.382 146.848
v 40.102 22.171 146.973
v 41.342 19.645 147.345
v 47.044 12.271 143.527
v 51.673 9.229 137.428
v 52.37 9.499 137.385
v 43.477 24.593 145.385
v 43.774 24.705 146.193
v 49.601 15.098 146.876
v 49.576 14.128 146.179
v 43.498 22.83 139.355
v 43.031 23.836 142.099
v 43.713 24.072 143.038
v 35.14 31.165 123.418
v 37.136 28.329 129.795
v 34.75 31.644 124.339
v 35.09 30.198 127.291
v 36.804 28.701 129.082
v 42.203 22.61 137.767
v 37.146 27.625 132.31
v 36.546 26.716 134.016
v 37.299 24.757 134.96
v 37.889 24.034 135.644
v 40.235 22.912 137.035
v 40.828 17.572 146.357
v 41.697 17.221 146.13
v 42.372 15.118 145.425
v 44.458 14.227 145.741
v 47.027 14.492 147.411
v 46.85 15.719 147.271
v 48.366 14.235 147.806
v 49.329 15.542 147.044
v 43.227 24.618 146.631
v 41.516 24.32 146.207
v 39.386 20.982 146.902
v 39.712 19.277 146.965
v 48.553 12.948 144.764
v 47.88 12.294 144.582
v 45.95 12.23 143.653
v 50.771 8.818 137.475
v 42.852 24.483 144.655
v 53.364 8.933 136.388
v 53.49 8.575 135.69
v 53.513 7.413 134.736
v 49.563 14.123 147.086
v 42.513 22.977 139.639
v 37.043 28.035 130.915
v 34.497 30.931 126.446
v 35.701 29.397 128.266
v 36.099 28.955 128.916
v 41.773 22.718 138.63
v 37.084 27.816 131.714
v 36.118 28.243 131.96
v 35.357 27.03 134.073
v 36.226 25.908 134.605
v 36.592 24.866 135.122
v 37.494 23.382 136.803
v 40.413 22.794 138.274
v 40.718 19.295 147.025
v 41.375 15.756 145.624
v 46.404 13.009 146.701
v 46.884 13.49 147.302
v 47.857 14.046 147.785
v 49.099 14.304 147.556
v 42.572 24.545 146.393
v 39.496 23.038 146.123
v 38.65 21.924 146.17
v 49.192 13.123 146.026
v 47.182 12.134 144.426
v 50.221 8.048 137.51
v 51.752 8.383 137.441
v 52.339 8.877 137.388
v 42.514 24.254 143.536
v 42.35 24.596 145.524
v 43.079 24.67 146.035
v 53.136 8.076 136.527
v 42.319 23.244 140.488
v 42.044 23.526 141.266
v 35.942 28.703 130.318
v 34.035 30.478 127.571
v 34.439 29.743 128.898
v 35.053 28.531 132.784
v 35.297 27.989 133.427
v 37.096 24.101 135.613
v 38.217 22.98 138.095
v 39.155 23.01 139.249
v 38.689 17.349 146.598
v 40.406 16.318 145.954
v 40.708 15.261 145.468
v 42.635 13.398 144.361
v 45.404 12.802 145.044
v 48.117 13.018 147.705
v 39.864 24.083 145.327
v 38.625 21.047 146.63
v 38.498 20.22 146.799
v 48.557 12.19 146.072
v 47.771 11.999 145.296
v 46.919 12.133 145.145
v 44.205 12.439 143.624
v 51.133 7.931 137.456
v 52.519 8.2 137.268
v 41.57 24.549 144.643
v 49.163 13.366 147.58
v 49.411 13.237 147.037
v 40.864 23.155 140.18
v 42.604 23.352 140.768
v 41.551 24.002 142.579
v 34.07 30.944 126.66
v 35.418 29.117 129.278
v 35.781 29.045 128.78
v 35.091 27.885 133.608
v 35.463 24.851 135.673
v 36.578 23.992 136.036
v 37.458 23.003 138.029
v 38.142 18.514 147.044
v 41.244 14.374 144.917
v 46.98 12.178 146.261
v 47.167 12.851 147.444
v 40.917 24.533 145.269
v 38.316 22.994 144.951
v 38.084 20.902 146.37
v 38.128 19.283 146.973
v 49.13 12.551 146.922
v 51.06 7.169 137.469
v 51.866 7.559 137.429
v 40.604 24.343 143.505
v 41.526 24.587 145.414
v 52.576 7.277 137.18
v 53.0 6.951 136.522
v 53.199 5.664 133.842
v 40.56 23.845 142.09
v 33.891 29.964 128.674
v 34.451 28.227 133.388
v 34.593 26.112 134.802
v 36.537 23.435 137.167
v 38.02 22.937 138.945
v 39.568 23.223 140.305
v 37.57 18.064 147.046
v 39.12 15.722 145.846
v 39.767 14.613 145.143
v 40.663 13.628 144.353
v 47.273 12.137 147.132
v 47.342 12.451 147.47
v 49.036 12.728 147.5
v 40.486 24.535 144.649
v 39.007 23.913 144.878
v 38.076 22.2 145.541
v 37.377 21.435 145.3
v 37.463 19.797 146.522
v 48.707 12.187 147.276
v 47.827 11.856 146.189
v 50.095 7.037 137.492
v 52.822 5.74 136.272
v 53.195 6.039 135.136
v 40.816 24.098 142.798
v 33.148 30.861 127.914
v 33.861 27.123 134.151
v 33.573 25.306 135.571
v 36.936 22.912 138.71
v 38.13 23.101 140.121
v 39.034 23.237 140.291
v 39.328 23.504 141.111
v 37.507 18.768 147.041
v 37.38 17.452 146.809
v 37.423 16.09 145.943
v 41.461 13.259 144.069
v 47.811 11.803 147.058
v 47.791 12.07 147.554
v 39.841 24.481 144.339
v 39.04 24.107 144.226
v 48.351 11.794 146.947
v 41.061 12.722 143.603
v 50.072 6.375 137.472
v 51.03 6.101 137.5
v 51.905 6.698 137.442
v 52.526 6.336 137.17
v 53.047 5.545 135.297
v 32.752 28.704 133.22
v 34.478 24.193 136.481
v 35.313 23.286 137.588
v 37.054 18.421 146.8
v 38.254 14.973 145.432
v 38.927 13.949 144.574
v 48.247 11.959 147.492
v 38.001 23.449 143.322
v 37.429 22.291 144.635
v 36.961 20.202 145.829
v 50.132 5.734 137.387
v 39.584 24.428 143.753
v 52.773 5.068 135.455
v 52.773 4.797 132.586
v 39.118 24.009 142.771
v 32.213 26.772 134.328
v 33.624 23.644 137.245
v 35.842 22.531 138.929
v 36.721 22.577 139.815
v 36.938 17.444 146.548
v 37.562 15.158 145.546
v 39.687 13.127 143.87
v 36.827 22.238 143.533
v 36.43 20.245 145.02
v 36.738 19.352 146.018
v 50.539 4.826 137.221
v 51.97 5.937 137.48
v 52.295 5.53 137.269
v 52.196 4.421 134.916
v 38.157 23.452 141.554
v 28.263 29.793 122.177
v 32.298 25.544 135.425
v 31.972 24.254 136.918
v 34.232 22.206 138.942
v 37.248 22.859 140.836
v 36.623 18.251 146.117
v 36.686 17.068 145.841
v 37.414 14.49 144.75
v 38.342 12.959 143.534
v 38.045 23.601 142.408
v 36.999 22.773 142.087
v 36.114 21.164 143.738
v 50.358 4.466 136.203
v 50.955 5.189 137.506
v 51.654 5.158 137.525
v 52.046 4.728 137.116
v 52.383 4.652 136.253
v 50.355 4.78 133.142
v 31.036 26.625 134.376
v 31.96 25.966 134.928
v 32.433 23.099 138.021
v 35.624 22.138 139.619
v 35.94 22.047 140.698
v 36.739 16.184 145.525
v 36.546 15.407 144.638
v 36.4 22.239 142.542
v 36.063 21.68 143.12
v 35.863 20.152 144.1
v 36.172 19.221 144.916
v 51.31 4.285 137.088
v 51.24 4.656 137.504
v 51.882 4.191 136.517
v 51.858 4.386 132.956
v 31.602 26.519 134.307
v 31.514 26.152 134.655
v 31.549 25.369 135.629
v 31.796 23.527 137.745
v 35.128 21.824 139.896
v 36.384 17.992 145.357
v 36.442 16.431 144.922
v 37.033 13.503 143.656
v 35.721 21.589 142.127
v 35.407 20.556 142.895
v 36.117 19.938 144.732
v 51.381 4.059 136.116
v 51.602 4.556 137.481
v 51.098 4.233 134.822
v 29.833 27.025 134.371
v 30.488 24.576 136.823
v 31.309 23.331 138.004
v 32.27 22.039 138.921
v 34.819 21.403 140.53
v 36.377 17.283 145.018
v 35.926 15.007 143.263
v 35.425 19.387 143.152
v 35.992 18.1 144.122
v 30.245 25.952 135.242
v 31.146 26.149 134.618
v 30.961 25.781 135.16
v 31.166 24.051 137.359
v 33.463 20.966 139.887
v 35.382 21.598 141.065
v 36.172 17.003 144.18
v 36.011 16.151 143.528
v 34.628 20.273 141.462
v 28.44 26.815 134.536
v 29.3 25.679 135.802
v 30.917 22.167 138.899
v 31.988 20.944 139.412
v 35.652 14.928 142.337
v 34.9 18.674 141.786
v 35.496 18.35 142.852
v 30.317 23.187 138.319
v 33.551 19.42 140.231
v 35.75 17.398 143.015
v 35.546 15.872 142.226
v 29.404 24.655 136.978
v 29.323 23.524 138.006
v 29.992 22.476 138.829
v 30.278 21.259 138.901
v 32.055 20.037 139.357
v 35.514 16.818 142.281
v 35.421 15.567 141.049
v 34.684 17.526 140.933
v 35.39 18.026 142.348
v 33.259 18.586 139.403
v 35.294 17.652 141.996
v 33.843 18.497 140.102
v 28.695 24.786 136.843
v 29.499 22.382 138.781
v 28.594 22.334 138.348
v 34.547 17.005 139.857
v 35.138 15.966 139.54
v 33.869 17.207 138.268
v 34.427 16.58 137.601
v 30.624 -5.239 139.933
v 30.874 -3.896 140.51
v 28.016 -6.886 139.454
v 26.875 -8.697 138.642
v 29.137 -9.782 137.965
v 30.763 -6.858 139.396
v 27.462 25.948 135.135
v 28.447 25.71 135.833
v 31.453 19.811 138.769
v 27.903 23.872 137.431
v 28.643 21.018 138.233
v 31.892 18.716 138.014
v 33.526 16.573 136.921
v 29.539 -3.703 140.229
v 29.992 -1.122 140.148
v 29.024 -7.233 139.2
v 26.618 -7.167 139.753
v 29.449 -6.406 139.365
v 26.255 25.344 134.705
v 28.048 25.947 135.492
v 29.941 19.879 137.984
v 27.898 25.15 136.36
v 27.073 22.599 137.601
v 27.566 21.602 137.947
v 32.25 17.575 136.987
v 29.401 -2.296 140.351
v 29.08 -5.25 139.672
v 24.934 25.523 132.877
v 27.061 24.895 136.167
v 25.726 25.64 133.573
v 27.537 24.592 136.882
v 26.84 23.525 137.159
v 27.148 20.358 137.332
v 28.542 20.171 137.738
v 30.476 18.249 136.799
v 29.759 -5.554 139.554
v 28.462 -1.449 139.85
v 24.365 24.798 133.113
v 28.584 -6.059 139.468
v 25.871 23.753 136.266
v 27.085 24.198 136.929
v 26.198 22.943 137.032
v 26.453 21.582 137.402
v 28.595 18.913 136.853
v 32.236 16.791 136.355
v 25.368 24.272 135.193
v 26.051 22.254 137.17
v 25.646 20.969 136.989
v 29.383 17.555 136.132
v 25.369 22.444 136.766
v 25.558 21.746 137.016
v 25.564 19.705 136.524
v 26.883 18.92 136.501
v 28.636 17.774 136.153
v 29.781 16.151 135.758
v 24.838 21.592 136.738
v 24.752 20.775 136.652
v 26.561 19.74 136.857
v 27.901 17.722 136.083
v 28.69 16.919 135.816
v 23.945 20.174 136.199
v 28.762 13.838 135.722
v 28.525 14.899 135.629
v 27.849 16.646 135.696
v 27.905 14.055 135.688
v 28.473 15.99 135.617
v 27.307 15.67 135.536
v 27.373 14.593 135.586
v 26.961 -14.98 136.616
v 27.265 -14.173 136.937
v 25.474 -7.736 139.885
v 26.103 -6.112 139.865
v 28.066 -2.896 140.023
v 27.609 -4.521 139.9
v 27.853 -5.742 139.66
v 24.901 -21.051 137.65
v -11.761 -19.535 113.626
v 25.247 -19.927 137.93
v 26.417 -18.628 136.593
v 23.682 -8.895 140.086
v 23.818 -12.639 138.728
v 24.93 -18.901 138.061
v 27.148 -18.399 136.208
v 25.343 -18.75 137.358
v 24.515 -15.272 138.002
v 23.212 -10.248 139.892
v 23.97 -19.681 137.833
v 24.004 -18.689 138.356
v 25.301 -18.399 136.847
v 23.906 -15.097 138.539
v 24.878 -16.316 137.591
v 22.375 -8.932 140.436
v 22.759 -11.337 139.799
v 22.353 -9.989 140.321
v 24.423 -17.897 138.045
v 23.931 -18.025 138.59
v 25.529 -17.639 136.663
v 24.81 -17.885 137.258
v 23.915 -14.036 138.562
v 24.193 -14.467 138.328
v 22.379 -12.701 139.664
v 23.038 -18.547 138.123
v 22.931 -19.693 137.459
v 23.122 -17.618 138.79
v 22.939 -14.153 139.262
v 23.712 -16.132 138.712
v 21.982 -10.891 140.217
v 22.047 -11.681 140.001
v 21.829 -18.77 137.424
v 23.613 -17.003 138.783
v 22.806 -15.863 139.192
v 21.388 -10.153 140.411
v 21.466 -12.106 139.911
v 21.941 -13.787 139.663
v 22.194 -17.675 138.309
v 24.83 -17.425 137.151
v 22.933 -16.842 139.139
v 21.212 -13.0 139.748
v 21.868 -14.813 139.511
v 22.193 -16.792 138.886
v 20.565 -17.029 137.787
v 20.825 -14.169 139.525
v 21.361 -15.777 139.072
v 20.957 -14.989 139.366
v 19.589 -15.131 138.784
v -13.448 -21.35 114.985
v -15.743 2.686 118.53
v -12.087 -20.914 114.878
v -12.928 -20.268 116.785
v -12.873 -19.16 116.183
v -10.281 -20.676 114.842
v -13.226 -21.837 115.479
v -12.606 -21.838 115.673
v -11.049 -21.838 116.073
v -11.946 -20.762 117.791
v -11.581 -19.626 117.06
v -10.435 -22.062 116.486
v -10.48 -22.595 117.225
v -11.867 -20.192 117.14
v -10.649 -22.124 116.588
v -9.503 -23.261 119.061
v -10.163 -23.328 120.388
v -11.223 -21.62 119.845
v -10.668 -20.466 118.919
v -10.554 -23.117 118.179
v -10.039 -22.836 121.214
v -10.649 -21.995 121.044
v -8.982 -23.368 120.497
v -8.886 -23.184 121.214
v -10.076 -20.768 120.499
v -6.97 -23.282 118.859
v -7.244 -23.43 120.937
v -8.62 -22.629 121.935
v -9.647 -22.242 121.804
v -9.62 -20.581 121.546
v -7.893 -23.08 121.696
v -9.446 -21.606 122.051
v -9.338 -20.829 122.106
v -7.822 -22.023 122.398
v -8.835 -21.9 122.238
v 31.137 17.005 136.155
v 30.189 17.269 136.054
v 26.616 17.147 135.748
v 24.218 18.462 135.812
v 25.578 18.39 135.985
v 28.118 13.383 135.749
v 26.847 13.587 135.665
v 25.181 18.937 136.079
v 25.785 15.811 135.377
v 24.714 16.768 135.494
v 27.88 12.734 135.761
v 23.095 17.442 135.492
v 23.636 17.054 135.494
v 39.084 -8.156 127.769
v 40.621 -10.905 122.43
v 46.17 17.123 101.62
v 45.569 18.176 100.325
v 45.641 18.099 101.279
v 44.603 19.088 99.934
v 44.954 19.168 101.213
v 45.091 19.203 102.252
v 44.278 19.864 101.143
v 44.464 19.973 101.796
v 51.337 16.064 111.835
v 52.225 13.572 111.726
v 51.172 7.5 110.171
v 53.105 11.592 111.788
v 52.078 13.129 108.763
v 51.92 10.081 108.49
v 51.904 14.01 109.457
v 51.378 11.197 108.308
v 51.001 8.102 109.51
v 51.099 9.485 108.768
v 47.715 22.376 117.572
v 50.8 7.866 111.04
v 45.667 24.253 116.397
v 44.594 25.285 116.861
v 47.578 14.355 103.095
v 48.004 13.138 101.829
v 47.698 11.728 100.413
v 48.572 11.651 99.51
v 47.443 11.325 98.49
v 45.133 18.345 98.316
v 44.609 16.136 94.116
v 44.367 18.405 97.257
v 46.144 11.624 97.9
v 43.443 18.194 95.837
v 43.072 17.844 94.972
v 44.042 14.662 94.505
v 44.886 13.339 96.472
v 44.089 13.854 95.465
v 52.439 11.618 111.907
v 51.557 8.001 111.456
v 48.377 20.22 115.189
v 51.985 10.14 112.014
v 43.4 25.973 117.505
v 51.172 15.989 114.459
v 42.53 27.205 119.553
v 40.941 27.506 120.604
v 39.426 27.842 120.88
v 38.134 28.544 121.981
v 36.808 29.227 121.473
v 45.578 18.12 102.181
v 43.421 20.37 100.926
v 44.768 19.705 101.994
v 43.669 20.646 101.937
v 49.673 18.302 113.37
v 49.847 18.515 114.31
v 51.782 15.268 111.853
v 50.495 16.359 110.822
v 51.696 14.882 110.723
v 52.584 12.424 111.726
v 51.964 12.698 108.43
v 51.357 12.795 108.315
v 46.684 23.018 116.424
v 47.035 15.287 104.369
v 47.123 13.522 102.936
v 47.283 12.596 101.653
v 46.022 17.185 102.369
v 47.887 11.422 99.455
v 47.435 11.183 99.033
v 46.91 11.362 98.274
v 43.286 16.621 93.849
v 45.091 18.248 97.686
v 45.128 12.057 97.416
v 43.531 17.838 95.467
v 43.803 14.795 94.17
v 44.99 12.764 96.991
v 51.287 8.458 111.63
v 49.326 19.035 114.704
v 48.019 21.428 116.485
v 50.921 9.446 111.813
v 43.132 26.519 118.321
v 50.834 14.641 113.05
v 42.478 26.466 118.416
v 41.594 27.014 119.539
v 44.061 19.047 98.798
v 43.17 19.95 99.776
v 45.279 18.898 102.919
v 44.284 20.404 102.812
v 49.179 18.147 112.013
v 50.037 17.288 111.596
v 49.368 7.997 110.187
v 51.084 13.964 108.709
v 50.872 15.049 109.557
v 50.263 12.576 108.022
v 49.765 8.74 109.281
v 45.932 23.59 115.783
v 44.565 24.463 115.289
v 43.428 25.101 115.957
v 46.786 15.643 103.557
v 47.246 14.028 105.303
v 45.84 11.347 101.761
v 45.927 17.12 103.217
v 46.154 10.672 98.909
v 44.495 10.407 98.095
v 43.005 15.866 93.153
v 42.741 18.888 96.516
v 42.409 17.525 94.129
v 43.462 14.347 94.425
v 43.814 12.064 96.784
v 51.187 11.04 112.033
v 51.502 8.806 111.833
v 48.881 19.148 114.135
v 47.004 21.848 115.395
v 50.168 15.203 114.037
v 40.273 26.91 119.555
v 45.53 18.106 102.986
v 42.369 20.907 100.681
v 42.181 21.627 101.972
v 44.91 19.793 103.589
v 43.044 21.467 103.029
v 48.716 18.846 112.877
v 49.421 17.39 110.924
v 50.922 12.608 112.199
v 50.415 10.552 108.399
v 49.65 11.515 108.084
v 50.212 13.714 108.14
v 49.371 9.921 108.581
v 50.76 8.511 111.508
v 46.144 23.03 115.4
v 45.447 23.558 114.816
v 43.051 25.506 116.66
v 46.215 16.447 104.265
v 47.706 15.236 106.534
v 46.523 13.65 104.288
v 46.033 12.685 102.513
v 46.433 11.115 100.686
v 46.669 10.904 99.902
v 42.741 15.244 92.858
v 42.576 16.374 93.195
v 42.747 18.401 95.441
v 41.826 19.152 95.499
v 42.513 19.253 97.42
v 41.73 17.137 93.513
v 41.688 18.413 94.381
v 42.447 12.992 94.938
v 42.76 14.132 93.868
v 48.015 20.028 114.341
v 47.388 21.097 115.072
v 42.144 25.325 116.666
v 49.939 14.595 113.4
v 41.04 26.068 118.273
v 38.473 27.24 119.337
v 42.925 19.505 98.53
v 41.464 20.817 99.452
v 45.267 18.928 103.764
v 44.296 20.723 104.021
v 43.452 21.456 104.028
v 47.76 19.395 112.098
v 48.841 18.926 113.46
v 49.853 15.929 109.432
v 49.498 16.754 110.054
v 50.171 8.678 111.418
v 48.607 8.521 109.434
v 49.935 14.922 108.588
v 49.496 12.561 107.872
v 49.227 13.414 107.68
v 48.917 9.041 109.025
v 44.531 23.721 113.737
v 43.484 24.244 114.062
v 46.702 16.255 105.794
v 48.356 14.281 107.025
v 46.12 13.074 105.517
v 45.942 13.186 103.665
v 45.17 11.824 102.884
v 45.653 10.302 100.934
v 45.443 18.093 103.799
v 45.607 17.417 104.039
v 45.405 9.751 100.179
v 44.58 9.047 99.404
v 43.179 9.894 97.506
v 42.206 14.286 92.875
v 42.199 15.879 92.826
v 41.661 19.539 96.678
v 42.145 11.033 96.228
v 47.923 19.796 113.481
v 47.184 21.038 114.442
v 40.394 26.413 118.974
v 39.863 26.344 118.802
v 41.463 21.627 100.946
v 41.977 22.246 103.318
v 45.107 19.493 104.892
v 44.617 20.397 104.669
v 42.448 22.201 104.086
v 48.16 18.415 110.929
v 48.4 18.615 111.684
v 48.755 17.424 110.121
v 49.446 9.613 111.553
v 48.559 12.502 107.621
v 49.2 14.464 107.83
v 47.706 9.197 108.545
v 46.06 22.507 114.38
v 45.365 22.783 113.341
v 42.311 24.548 114.895
v 46.094 16.809 105.464
v 47.475 16.56 107.499
v 48.514 14.87 107.407
v 48.086 13.457 106.987
v 46.895 12.665 106.786
v 45.419 12.669 103.176
v 45.165 11.339 102.41
v 45.592 17.4 104.636
v 43.569 8.796 98.298
v 43.703 9.595 98.001
v 41.803 14.923 92.397
v 40.505 20.452 96.543
v 41.574 19.712 97.401
v 41.867 19.849 98.159
v 40.751 18.613 93.974
v 40.527 19.841 94.455
v 41.834 13.473 93.566
v 41.243 11.801 94.903
v 41.429 25.555 117.388
v 38.818 26.21 118.443
v 40.614 21.996 100.597
v 40.574 22.516 101.719
v 40.749 22.839 103.071
v 45.334 18.604 104.587
v 43.813 21.306 105.149
v 42.46 22.418 105.113
v 46.368 21.354 112.996
v 49.338 15.749 108.74
v 48.667 16.647 109.02
v 47.692 10.992 107.731
v 45.564 23.085 114.171
v 44.337 23.017 112.122
v 43.766 23.701 112.82
v 42.394 24.103 113.308
v 42.145 24.795 115.688
v 45.793 17.209 105.223
v 46.106 17.6 106.334
v 48.716 15.487 107.978
v 46.257 13.036 106.477
v 45.245 12.218 104.294
v 45.072 9.398 101.081
v 45.408 17.958 104.438
v 43.841 7.974 99.249
v 42.094 9.15 97.037
v 41.042 13.844 91.992
v 40.839 15.797 92.685
v 40.417 20.474 95.176
v 41.1 19.962 97.052
v 40.004 17.744 93.601
v 41.212 12.655 93.892
v 40.806 12.908 92.56
v 40.817 10.342 95.609
v 41.135 25.373 117.187
v 40.898 20.348 97.779
v 39.891 21.987 99.624
v 41.404 22.878 104.355
v 44.613 20.361 105.908
v 45.459 18.625 105.498
v 42.14 22.534 104.55
v 47.726 18.035 109.663
v 47.1 19.514 111.174
v 46.35 20.602 111.668
v 46.062 9.612 106.771
v 45.385 21.936 112.011
v 42.878 23.82 112.353
v 41.198 24.113 113.226
v 41.842 24.675 115.586
v 46.864 17.582 107.788
v 46.135 12.759 106.456
v 45.814 11.582 106.129
v 45.532 17.943 105.158
v 43.311 7.625 98.727
v 42.874 8.815 97.672
v 40.919 14.588 92.039
v 39.754 21.218 95.583
v 39.775 19.531 94.033
v 39.574 21.244 94.598
v 40.329 11.746 93.623
v 39.95 21.267 98.176
v 39.56 22.764 100.918
v 39.861 23.151 102.573
v 40.472 23.238 103.946
v 45.348 19.208 106.416
v 43.062 22.113 106.07
v 43.797 21.394 106.46
v 37.307 9.513 96.035
v 47.696 18.464 110.313
v 47.045 19.106 110.318
v 47.577 17.358 108.567
v 46.671 11.552 107.173
v 46.508 10.907 107.156
v 45.624 22.14 112.729
v 44.501 21.969 110.516
v 43.281 23.491 111.76
v 41.861 23.915 111.939
v 41.414 24.353 114.82
v 46.15 18.446 107.56
v 42.67 7.918 97.888
v 41.112 8.716 96.784
v 39.853 12.639 91.533
v 39.983 13.848 91.715
v 40.114 14.88 92.202
v 39.925 16.544 93.129
v 39.421 21.546 96.995
v 40.216 20.744 97.478
v 38.72 19.116 93.963
v 39.592 20.673 94.166
v 39.187 10.521 94.373
v 39.003 22.146 98.286
v 38.744 22.794 99.775
v 39.523 23.149 101.984
v 39.785 23.305 103.091
v 39.907 23.389 103.601
v 39.922 23.679 104.648
v 44.882 19.966 106.645
v 42.077 22.994 106.743
v 44.55 20.593 107.457
v 40.972 23.508 105.907
v 46.307 20.136 110.823
v 45.585 21.053 110.979
v 46.888 18.183 108.591
v 43.46 23.008 110.825
v 42.822 23.645 111.645
v 42.226 23.625 110.763
v 42.714 6.936 98.739
v 41.905 7.98 97.355
v 40.044 9.428 96.054
v 40.053 12.311 91.932
v 40.292 15.35 92.449
v 39.531 15.801 92.763
v 39.075 17.143 93.47
v 38.959 21.99 95.487
v 39.916 20.998 97.307
v 39.014 18.003 93.801
v 38.858 20.603 94.054
v 38.919 21.47 94.122
v 40.122 12.148 92.387
v 39.59 11.697 92.28
v 39.377 21.65 97.884
v 38.544 23.217 100.901
v 38.793 23.353 101.72
v 38.811 23.707 103.216
v 45.044 19.769 106.989
v 43.026 22.243 107.041
v 43.65 21.617 107.379
v 36.02 10.194 95.757
v 46.511 19.066 109.274
v 45.648 20.379 109.918
v 42.993 22.691 109.083
v 41.618 23.87 111.162
v 45.438 19.451 107.567
v 46.115 18.97 108.356
v 41.813 7.079 97.866
v 41.335 7.695 97.316
v 38.948 13.006 91.466
v 38.331 14.637 92.42
v 38.549 22.151 94.5
v 38.418 22.475 97.012
v 38.365 18.014 93.796
v 37.475 20.731 94.153
v 38.886 9.35 96.201
v 38.811 11.135 92.439
v 38.034 22.888 98.423
v 37.981 23.294 100.299
v 41.157 23.662 107.074
v 42.446 22.889 107.883
v 43.809 21.562 108.106
v 35.849 11.749 93.914
v 36.466 10.801 94.438
v 44.303 21.284 108.791
v 39.018 11.747 91.501
v 39.076 12.264 91.18
v 37.667 17.092 93.472
v 37.904 22.784 95.379
v 37.68 18.798 93.911
v 38.388 21.33 94.039
v 38.077 21.901 94.12
v 37.859 10.789 93.454
v 38.192 9.317 96.454
v 41.041 7.208 97.551
v 38.469 22.511 97.932
v 37.978 23.13 99.524
v 41.429 23.648 108.441
v 43.203 22.197 107.971
v 35.118 12.797 94.129
v 45.342 20.02 108.559
v 43.577 21.912 108.499
v 41.282 23.877 109.794
v 38.249 12.085 91.673
v 37.756 13.144 92.099
v 37.428 22.649 94.574
v 37.15 23.22 97.068
v 36.59 18.969 94.063
v 38.314 11.326 92.058
v 37.016 23.501 99.353
v 42.226 23.154 108.392
v 43.845 21.62 108.495
v 44.725 20.62 108.299
v 36.798 12.464 92.815
v 37.331 11.403 92.871
v 37.289 10.981 93.383
v 36.145 13.997 93.362
v 36.141 16.125 93.708
v 37.24 23.09 95.033
v 37.179 23.181 95.553
v 35.435 20.518 94.89
v 37.346 22.05 94.217
v 37.418 23.221 98.266
v 34.929 13.71 94.248
v 36.141 17.773 93.974
v 36.188 23.234 95.704
v 35.721 18.836 94.325
v 36.29 22.193 94.698
v 34.894 15.242 94.402
v 35.067 18.071 94.758
v 36.067 23.551 96.891
v 35.144 22.126 95.177
v 35.865 23.732 98.064
v 35.063 14.281 94.14
v 35.025 16.472 94.443
v 34.99 22.877 95.543
v 34.985 23.824 97.285
v 34.633 19.682 95.515
v 34.103 16.614 95.37
v 34.353 18.796 95.73
v 34.256 20.762 95.999
v 34.168 17.852 95.691
v 33.771 19.682 96.473
v 33.333 17.486 96.405
v 33.739 18.484 96.324
v -15.102 -22.81 115.865
v -16.227 -21.935 115.761
v -15.502 -21.514 116.518
v -14.374 -20.73 116.498
v -13.693 -22.32 115.75
v -12.206 -22.787 116.814
v -13.202 -21.673 118.058
v -11.952 -21.551 118.844
v -11.799 -23.512 118.104
v -11.606 -23.697 119.514
v -11.678 -23.187 120.316
v -12.625 -22.702 119.676
v -16.178 -22.762 116.201
v -16.167 -22.14 116.332
v -14.48 -22.353 115.503
v -13.741 -20.788 116.728
v -13.842 -21.177 117.103
v -11.45 -22.945 117.405
v -11.758 -22.715 120.411
v -15.944 -24.075 116.99
v -15.825 -22.689 117.423
v -14.775 -22.117 117.669
v -13.893 -23.574 116.802
v -13.303 -24.368 119.002
v -13.154 -24.041 119.785
v -15.102 -24.12 116.88
v -16.387 -23.611 117.041
v -16.344 -22.924 116.834
v -12.842 -23.648 117.43
v -14.058 -22.642 118.702
v -13.529 -24.386 118.127
v -12.82 -23.493 119.949
v -15.465 -24.747 117.523
v -16.179 -24.528 118.004
v -16.285 -23.541 117.534
v -15.402 -22.584 117.799
v -13.535 -24.132 117.553
v -14.754 -22.862 118.546
v -14.569 -23.607 119.281
v -12.893 -23.991 117.832
v -14.564 -24.756 119.514
v -13.555 -23.709 119.782
v -14.509 -24.51 117.548
v -15.929 -24.914 117.867
v -15.721 -23.868 118.507
v -15.283 -22.966 118.254
v -14.306 -24.307 119.803
v -15.097 -24.97 118.457
v -15.987 -25.11 118.289
v -14.884 -24.701 119.842
v -15.909 -25.083 118.546
v -15.564 -24.829 119.024
v -14.815 -24.378 119.781
v -15.162 -24.864 119.664
v -15.23 -24.492 119.518
v 48.287 22.862 119.845
v 48.488 23.98 120.766
v 48.423 24.85 121.286
v 51.799 18.74 116.251
v 48.34 24.313 122.815
v 52.521 18.281 116.022
v 53.154 17.449 116.514
v 46.734 24.801 123.228
v 46.514 24.042 123.724
v 44.056 23.699 125.313
v 49.447 16.612 138.137
v 51.595 14.845 137.134
v 52.975 12.917 136.444
v 43.964 22.147 131.027
v 43.691 22.71 129.871
v 49.657 13.57 138.408
v 49.838 12.933 138.082
v 44.562 20.634 133.092
v 48.382 17.555 137.259
v 53.373 11.665 136.381
v 46.839 18.408 135.496
v 43.959 22.385 128.232
v 45.449 19.552 134.854
v 53.646 10.858 135.517
v 53.678 9.924 135.388
v 53.553 9.235 135.765
v 53.772 9.148 134.61
v 53.881 7.075 132.602
v 53.295 5.348 132.135
v 52.542 4.594 131.412
v 51.869 4.53 131.255
v 50.117 19.739 116.642
v 48.687 21.349 118.798
v 51.763 16.067 115.883
v 48.765 21.089 117.528
v 48.719 24.34 121.987
v 47.668 23.781 123.477
v 53.14 18.206 116.714
v 52.689 16.576 116.413
v 46.599 24.703 123.308
v 45.278 23.458 124.504
v 50.699 15.499 136.516
v 51.836 14.607 136.574
v 52.452 13.866 136.37
v 44.949 20.548 131.558
v 44.909 19.999 133.763
v 47.934 17.696 136.291
v 43.64 22.949 126.471
v 43.799 22.574 126.979
v 54.196 8.953 132.754
v 53.699 6.105 131.713
v 54.019 7.936 132.884
v 53.247 5.254 130.965
v 51.264 4.957 130.682
v 50.988 15.939 115.397
v 48.56 23.156 120.892
v 48.346 21.619 120.0
v 51.832 19.161 117.271
v 52.721 18.732 117.092
v 48.336 22.823 123.328
v 48.746 23.803 122.616
v 53.71 18.122 117.57
v 53.479 16.749 117.697
v 45.651 22.414 125.213
v 44.835 22.894 125.113
v 49.126 16.691 136.234
v 52.739 13.389 135.121
v 44.389 21.718 130.319
v 44.042 22.231 130.365
v 53.552 12.095 134.355
v 44.46 21.723 129.372
v 45.035 19.88 132.819
v 43.377 22.926 126.913
v 44.426 22.563 125.957
v 48.077 17.304 135.314
v 46.103 18.627 134.235
v 44.928 21.678 126.953
v 45.491 19.181 133.63
v 54.145 10.617 133.211
v 54.202 7.229 131.142
v 54.348 8.195 131.63
v 52.684 4.739 130.244
v 52.141 4.615 130.018
v 49.729 20.281 118.207
v 52.61 15.501 117.635
v 51.011 15.614 116.121
v 48.736 23.064 121.987
v 48.471 22.143 121.174
v 51.288 19.468 118.197
v 47.306 22.174 124.486
v 53.483 18.651 118.24
v 53.849 17.652 117.78
v 49.92 15.948 135.523
v 52.04 14.217 135.595
v 51.367 14.849 135.69
v 45.145 20.773 129.906
v 45.165 20.98 128.446
v 45.714 19.125 132.494
v 47.366 17.56 133.857
v 45.592 19.072 134.232
v 54.703 10.011 131.287
v 53.912 6.469 130.295
v 51.958 4.885 129.415
v 49.488 20.398 118.769
v 51.538 15.179 117.0
v 52.576 19.069 118.078
v 47.996 22.14 124.019
v 54.216 18.075 118.882
v 54.135 17.317 118.648
v 53.414 16.009 118.288
v 46.259 20.788 126.391
v 50.555 15.301 134.515
v 49.052 16.402 134.604
v 52.977 13.303 133.003
v 52.183 13.97 134.299
v 45.882 19.752 130.469
v 46.287 18.924 131.512
v 46.29 18.333 133.312
v 45.606 20.763 127.402
v 54.1 11.723 132.699
v 54.557 9.065 131.406
v 54.678 10.894 131.443
v 54.376 7.627 130.357
v 54.488 8.002 130.802
v 53.292 5.503 129.624
v 52.632 4.816 129.362
v 50.895 5.932 129.421
v 50.228 19.371 119.436
v 48.722 22.353 122.027
v 52.559 18.999 119.454
v 48.135 21.299 124.161
v 48.802 21.203 122.606
v 53.972 18.524 119.853
v 54.014 16.243 119.36
v 53.352 15.387 118.83
v 47.471 20.105 125.692
v 51.541 14.547 134.666
v 53.944 12.38 132.185
v 46.04 19.847 129.272
v 46.612 18.151 132.557
v 48.533 16.644 133.249
v 46.809 17.83 133.177
v 46.258 19.962 127.697
v 54.426 11.768 131.425
v 54.627 8.893 130.406
v 54.875 11.044 130.583
v 54.072 7.563 129.537
v 53.761 6.402 129.53
v 49.919 5.784 131.466
v 51.971 5.173 128.924
v 48.8 22.365 122.244
v 54.506 17.893 120.346
v 54.492 17.311 119.796
v 46.704 19.871 126.815
v 49.647 15.776 133.112
v 51.604 14.477 132.916
v 53.773 12.876 130.996
v 46.978 18.609 130.217
v 47.666 17.485 132.055
v 47.096 17.668 132.929
v 54.929 10.278 130.246
v 52.851 5.301 128.935
v 53.325 6.349 129.044
v 52.439 4.89 128.928
v 51.808 5.791 128.695
v 51.75 19.042 119.949
v 48.725 19.299 124.635
v 53.371 18.566 120.692
v 53.931 18.016 121.169
v 54.292 16.263 120.782
v 53.598 14.938 119.949
v 46.366 20.106 126.97
v 50.456 15.195 132.739
v 54.191 12.387 131.359
v 52.565 13.918 131.542
v 46.865 19.023 128.738
v 48.951 16.365 132.311
v 54.633 10.052 129.698
v 54.775 11.081 129.888
v 54.548 11.926 130.297
v 54.267 8.865 129.412
v 52.393 5.245 128.722
v 52.982 13.37 120.658
v 51.776 18.676 120.857
v 49.462 19.399 123.404
v 54.185 17.142 121.343
v 54.617 17.29 120.641
v 54.28 16.099 120.18
v 54.111 15.687 120.343
v 50.024 15.446 132.488
v 50.902 14.984 132.002
v 52.49 13.955 130.301
v 51.374 14.805 131.12
v 48.281 17.288 130.442
v 47.797 17.914 129.016
v 50.001 15.646 131.713
v 48.873 16.603 131.385
v 53.503 7.246 128.979
v 54.127 8.211 129.288
v 52.52 5.949 128.656
v 51.749 6.647 128.305
v 50.128 19.044 122.208
v 50.096 18.416 123.67
v 52.975 18.124 121.676
v 52.72 17.08 122.505
v 53.679 14.841 121.329
v 53.366 13.158 130.01
v 53.861 9.891 128.958
v 54.13 10.938 129.318
v 54.179 11.859 129.644
v 54.019 12.556 130.023
v 52.65 7.136 128.466
v 53.613 8.177 128.859
v 52.775 13.129 121.985
v 51.597 18.069 122.573
v 53.48 15.66 122.055
v 52.435 13.422 129.413
v 51.136 14.861 129.844
v 49.303 16.388 130.603
v 48.911 16.712 129.469
v 53.823 9.061 128.909
v 51.731 7.261 128.019
v 50.787 17.379 123.77
v 52.365 15.925 122.928
v 54.02 15.598 121.47
v 52.864 14.211 122.419
v 48.692 16.716 128.135
v 50.163 15.694 130.248
v 53.308 12.601 129.422
v 51.692 14.169 129.487
v 48.306 17.249 128.717
v 53.027 9.29 128.003
v 53.128 10.781 128.408
v 53.203 11.717 128.883
v 52.608 8.25 127.843
v 51.875 7.827 127.594
v 51.916 14.85 123.253
v 53.523 14.878 121.98
v 51.936 12.641 128.214
v 51.228 13.757 128.582
v 50.644 14.614 128.82
v 53.074 10.125 128.154
v 49.746 15.648 128.909
v 52.122 11.48 127.631
v 50.366 14.197 127.991
v 34.514 31.546 122.866
v 34.41 31.538 125.54
v 33.436 31.83 122.087
v 33.491 31.447 126.432
v 31.879 31.424 121.53
v 29.305 30.782 122.703
v 27.341 29.551 122.54
v 33.607 32.223 124.814
v 34.341 32.049 123.693
v 32.253 32.171 122.322
v 31.401 32.02 122.311
v 30.595 32.096 122.902
v 28.041 30.095 122.98
v 33.847 32.245 123.636
v 32.547 32.797 123.747
v 29.726 31.903 123.783
v 27.462 29.95 123.289
v 32.532 32.506 125.305
v 31.475 32.975 123.3
v 29.135 31.224 123.512
v 30.73 33.001 123.832
v 31.701 32.581 125.67
v 31.702 33.396 123.904
v 30.302 32.625 124.595
v 31.605 33.122 124.687
v 31.274 33.459 124.01
v 29.438 31.738 124.989
v 30.9 33.167 124.572
v 44.962 9.449 102.276
v 44.981 10.798 102.926
v 44.654 8.54 100.978
v 44.161 7.869 100.158
v 45.965 8.459 107.873
v 44.98 11.21 104.827
v 44.831 11.178 103.914
v 43.552 7.114 99.893
v 40.098 8.074 97.084
v 41.793 6.385 98.734
v 40.303 6.463 98.108
v 45.025 8.023 106.274
v 45.018 9.948 104.522
v 42.608 6.312 100.028
v 44.193 7.392 101.353
v 44.57 7.996 102.333
v 45.355 8.179 107.156
v 44.994 8.315 104.942
v 43.635 6.656 101.47
v 44.744 8.392 103.55
v 44.71 7.549 104.827
v 42.983 6.203 101.482
v 44.374 7.302 103.302
v 43.416 6.472 103.069
v 44.936 8.075 107.432
v 41.886 5.885 101.041
v 44.108 7.094 104.796
v 42.643 6.101 102.202
v 43.976 8.188 108.195
v 43.621 7.387 106.558
v 42.291 6.117 103.532
v 42.779 6.422 105.094
v 43.737 8.58 108.86
v 41.855 5.94 102.243
v 43.19 8.474 108.441
v 42.317 8.476 109.111
v 38.25 -7.54 131.054
v 38.422 -7.554 130.016
v 38.174 -6.42 130.389
v 38.407 -6.082 129.293
v 51.041 6.565 128.393
v 37.716 -6.276 133.414
v 37.396 -6.185 134.418
v 36.352 -6.168 136.482
v 35.301 -5.688 138.452
v 31.231 -0.862 140.022
v 32.398 -2.44 139.806
v 33.512 -3.817 139.508
v 47.1 10.686 139.305
v 49.161 9.696 137.83
v 44.332 11.642 142.321
v 42.565 11.887 142.919
v 49.202 8.031 137.654
v 48.879 6.926 137.521
v 39.765 12.38 143.243
v 49.128 5.559 136.814
v 50.141 4.54 134.888
v 34.929 15.598 137.799
v 34.54 16.33 137.336
v 29.315 -0.004 139.407
v 31.813 15.613 135.972
v 30.03 14.289 135.701
v 29.435 12.73 135.807
v 37.862 -6.194 131.797
v 37.655 -5.956 132.741
v 36.402 -5.612 135.44
v 31.732 -1.575 140.11
v 35.085 -4.918 137.035
v 34.177 -4.127 138.1
v 45.566 10.757 140.259
v 44.677 10.989 141.067
v 40.719 11.412 142.52
v 48.698 5.087 135.168
v 49.751 4.795 134.399
v 34.383 16.01 137.01
v 30.642 0.4 139.44
v 33.598 15.533 136.422
v 28.608 1.144 138.472
v 37.602 -5.112 131.545
v 37.177 -5.298 133.346
v 36.138 -4.441 134.224
v 35.694 -5.256 136.107
v 31.678 -0.821 139.594
v 33.129 -2.269 138.052
v 32.006 -1.431 139.433
v 45.401 9.528 139.283
v 47.726 8.756 138.206
v 43.736 10.807 141.476
v 43.022 10.896 141.937
v 41.966 10.785 142.032
v 47.716 6.605 137.162
v 49.339 5.006 133.977
v 30.147 1.689 138.647
v 31.421 14.106 135.731
v 37.404 -5.249 132.442
v 35.203 -4.065 135.412
v 34.351 -4.102 137.319
v 32.378 -1.901 139.079
v 34.109 -3.244 136.756
v 44.766 10.376 140.266
v 43.802 10.191 140.625
v 46.841 7.829 137.915
v 35.526 -3.889 134.501
v 32.357 -1.375 138.655
v 33.566 -2.478 137.116
v 43.212 10.435 141.369
v 42.588 10.178 141.208
v 34.451 -3.077 135.647
v 45.08 8.346 138.205
v 49.008 8.525 111.141
v 50.096 15.239 115.515
v 49.77 11.543 112.065
v 49.894 13.385 112.75
v 49.161 14.329 114.094
v 47.098 8.193 109.735
v 48.755 20.352 119.781
v 51.418 13.461 118.505
v 50.729 14.668 117.201
v 48.415 20.798 120.666
v 52.811 14.22 119.207
v 48.485 21.057 121.48
v 47.388 18.842 127.309
v 47.958 18.913 126.011
v 49.836 18.4 120.269
v 49.523 17.895 124.715
v 48.949 19.92 121.299
v 52.439 11.937 121.722
v 50.775 15.966 123.928
v 52.093 12.794 123.145
v 48.053 17.658 127.963
v 52.093 10.669 126.713
v 51.702 9.08 125.866
v 51.803 13.589 123.428
v 50.313 13.589 126.708
v 49.574 14.996 127.248
v 49.098 15.891 127.942
v 51.139 12.226 126.163
v 45.357 8.211 108.985
v 44.169 8.454 110.265
v 43.26 8.681 109.27
v 47.448 8.17 110.914
v 50.181 12.485 112.24
v 48.171 10.588 111.796
v 48.51 9.361 111.421
v 48.523 17.66 126.317
v 49.846 18.224 119.732
v 52.371 12.819 119.816
v 52.131 11.822 122.99
v 52.389 11.963 120.725
v 49.593 16.974 124.92
v 50.891 14.906 123.908
v 50.787 13.739 124.688
v 48.824 16.289 126.988
v 51.65 11.336 126.875
v 42.553 8.66 110.482
v 47.222 9.145 111.589
v 48.565 14.192 115.766
v 48.742 12.938 112.941
v 46.447 8.012 110.804
v 48.441 11.975 112.202
v 49.539 14.007 117.208
v 50.943 14.128 117.945
v 48.917 19.417 120.241
v 49.579 18.261 119.778
v 49.731 17.827 119.792
v 52.027 10.858 122.814
v 51.915 10.572 121.561
v 51.4 12.707 124.258
v 51.688 11.726 124.515
v 49.482 16.215 125.095
v 50.179 15.021 124.385
v 51.868 10.669 124.398
v 50.247 8.317 125.386
v 50.439 12.748 126.259
v 49.656 14.284 126.81
v 45.736 8.117 110.389
v 45.456 8.404 111.72
v 47.356 13.161 114.701
v 47.387 12.004 112.64
v 50.56 13.916 117.949
v 51.662 11.332 120.032
v 49.203 19.288 119.762
v 49.685 17.718 119.816
v 48.935 16.632 125.853
v 49.696 15.323 125.139
v 50.133 15.505 124.315
v 51.842 10.043 123.867
v 50.966 8.828 123.619
v 50.481 12.924 125.921
v 49.116 15.915 126.046
v 49.644 14.493 126.234
v 42.87 8.649 112.506
v 45.611 9.207 112.317
v 48.093 13.174 116.823
v 47.876 13.747 115.857
v 47.988 12.624 112.871
v 46.107 10.746 112.551
v 50.086 12.807 118.391
v 50.752 11.287 119.223
v 49.67 17.787 119.856
v 51.866 10.097 122.822
v 51.147 9.685 120.755
v 49.904 14.504 125.208
v 51.662 9.502 123.686
v 49.664 8.324 123.738
v 44.029 8.481 112.169
v 44.751 8.834 112.831
v 49.109 12.949 117.896
v 46.12 12.431 113.466
v 50.808 10.222 119.799
v 50.7 12.186 118.854
v 51.567 9.518 122.466
v 51.486 9.556 121.596
v 49.773 14.98 124.741
v 50.365 8.554 122.733
v 43.527 8.763 113.911
v 44.56 9.654 113.535
v 48.937 11.639 118.372
v 45.99 11.587 116.865
v 45.233 11.957 113.384
v 49.741 10.26 119.196
v 50.172 11.638 118.894
v 50.842 8.881 121.875
v 50.162 9.477 119.976
v 49.412 8.694 122.145
v 44.729 11.086 113.93
v 45.695 12.992 114.965
v 45.085 12.755 114.219
v 49.984 11.023 119.008
v 50.306 8.899 120.973
v 49.172 8.266 123.244
v 42.802 8.913 115.826
v 44.26 10.343 115.276
v 43.759 9.414 114.617
v 48.283 10.376 118.693
v 45.977 12.75 115.833
v 44.624 12.235 114.442
v 49.182 9.704 119.356
v 50.339 8.599 121.535
v 49.085 9.387 120.276
v 43.45 9.409 115.605
v 47.164 9.404 122.895
v 44.628 11.656 115.499
v 46.571 10.516 118.463
v 45.121 12.672 116.126
v 44.839 12.958 115.408
v 44.614 12.798 114.872
v 49.144 9.917 119.068
v 43.283 9.601 116.91
v 48.074 9.975 119.267
v 44.785 10.408 117.663
v 44.584 12.575 115.683
v 47.698 9.964 121.125
v 44.19 10.189 116.576
v 44.897 12.147 116.312
v 46.877 10.409 119.314
v 45.164 10.573 118.89
v 44.698 12.875 116.004
v 47.75 10.091 119.956
v 46.351 10.578 121.842
v 42.556 9.863 117.776
v 46.634 10.124 122.615
v 43.835 10.167 117.938
v 46.29 10.786 120.477
v 46.897 10.608 121.039
v 43.57 10.467 118.657
v 42.388 10.661 118.987
v 43.984 10.836 120.124
v 46.266 11.109 121.029
v 41.491 10.654 118.773
v 46.033 11.106 121.105
v 41.46 11.054 119.522
v 40.114 11.251 120.933
v 40.853 11.228 119.916
v 41.237 11.356 120.48
v 49.835 6.715 130.473
v 50.745 7.614 127.285
v 50.003 7.094 128.135
v 47.426 5.922 136.294
v 49.578 6.583 131.247
v 46.199 6.967 136.956
v 48.811 8.018 125.393
v 48.231 8.243 124.12
v 46.202 10.051 122.91
v 45.138 10.829 121.457
v 42.266 11.075 120.478
v 49.593 7.143 129.054
v 49.644 7.961 126.301
v 46.46 8.487 124.472
v 45.888 10.36 122.711
v 45.979 9.293 123.672
v 43.107 10.493 122.252
v 45.145 9.999 123.068
v 49.646 6.842 130.999
v 49.089 7.427 129.941
v 48.66 7.642 127.722
v 49.111 7.711 126.854
v 48.012 7.942 125.187
v 47.294 7.96 125.992
v 48.96 7.01 131.056
v 48.384 7.911 128.867
v 47.774 7.926 130.349
v 47.481 8.142 127.637
v 46.885 8.788 128.965
v 46.903 8.667 130.237
v 39.637 11.431 121.869
v 41.519 11.103 121.464
v 40.079 11.271 122.081
v 37.939 -4.684 130.362
v 36.771 -4.115 132.763
v 48.081 5.433 133.343
v 43.89 8.634 137.834
v 46.397 5.437 135.096
v 45.079 7.797 137.306
v 46.368 6.084 136.071
v 45.341 8.255 125.322
v 45.224 8.866 124.337
v 43.714 9.078 124.549
v 48.773 6.325 131.904
v 47.046 6.762 132.025
v 45.888 8.497 127.149
v 46.188 9.094 130.291
v 46.295 8.113 131.256
v 40.938 10.485 122.912
v 39.684 11.127 122.403
v 37.425 -4.24 131.533
v 36.104 -3.904 133.673
v 47.349 5.229 134.476
v 45.221 7.105 136.515
v 45.434 6.13 135.729
v 45.643 8.077 126.124
v 42.458 9.854 123.559
v 45.557 9.303 128.455
v 45.936 9.561 129.466
v 46.445 5.205 134.081
v 43.347 8.922 137.647
v 44.367 7.825 136.726
v 44.232 8.392 126.247
v 42.194 9.453 124.344
v 45.2 8.952 127.587
v 45.327 8.561 131.163
v 45.393 9.505 130.315
v 46.125 5.277 133.563
v 43.321 8.659 137.067
v 45.0 5.332 134.774
v 44.414 6.805 135.74
v 42.624 8.711 125.937
v 45.736 5.892 132.897
v 45.853 6.467 132.461
v 45.554 7.974 131.703
v 45.291 9.698 129.519
v 44.669 9.062 128.238
v 44.593 8.656 127.366
v 41.243 9.365 124.734
v 43.522 8.603 125.544
v 44.742 9.282 129.294
v 43.769 8.425 127.461
v 44.845 9.092 130.711
v 44.822 9.384 130.161
v 41.566 8.907 125.883
v 43.801 8.521 128.576
v 40.471 9.332 124.708
v 39.774 9.281 124.727
v 44.263 8.884 129.107
v 31.655 0.791 138.96
v 31.788 0.011 139.085
v 32.144 -0.441 138.615
v 35.614 -3.313 133.968
v 35.639 -3.846 134.267
v 32.625 -0.879 137.914
v 33.643 -1.991 136.595
v 34.197 -2.292 135.577
v 34.742 -2.829 134.942
v 37.285 -3.179 131.422
v 45.352 7.18 131.987
v 37.786 -3.152 130.435
v 44.833 5.246 133.836
v 42.437 9.055 137.105
v 43.395 7.666 135.85
v 44.201 5.69 134.845
v 43.084 8.285 127.466
v 44.155 8.173 130.544
v 40.673 9.04 125.704
v 41.509 8.532 127.371
v 43.21 8.271 128.223
v 33.251 -0.648 136.749
v 42.608 8.504 136.398
v 44.348 5.134 134.369
v 43.271 6.652 135.006
v 44.021 6.133 132.402
v 42.388 8.304 127.597
v 42.302 7.79 129.591
v 39.427 9.092 125.613
v 32.644 -0.014 137.6
v 33.937 -1.308 135.601
v 34.791 -1.598 134.284
v 43.571 5.356 134.108
v 42.998 7.306 135.268
v 43.293 5.786 134.473
v 42.843 5.635 133.123
v 40.149 8.762 127.385
v 32.932 0.339 137.086
v 34.041 -0.357 135.207
v 42.121 6.359 134.233
v 43.064 6.633 131.483
v 42.98 5.855 132.338
v 40.619 8.236 129.378
v 38.742 9.002 126.925
v 33.405 0.516 136.316
v 42.168 6.25 132.061
v 39.405 8.502 129.265
v 40.899 7.781 130.439
v 34.266 0.737 134.813
v 41.16 6.453 133.039
v 42.086 5.826 132.795
v 40.016 8.268 129.929
v 40.709 7.265 131.44
v 40.041 8.002 130.453
v 38.246 8.768 128.522
v 37.923 9.029 127.416
v 38.487 8.511 129.646
v 34.144 1.691 135.184
v 38.614 7.929 130.91
v 39.605 7.251 132.424
v 37.627 8.294 129.553
v 38.534 7.606 132.127
v 37.133 7.725 130.391
v 37.154 7.609 131.042
v 36.821 7.408 131.22
v 23.755 -31.827 121.185
v 24.754 -33.222 119.683
v 25.556 -33.946 119.141
v 26.834 -33.575 117.231
v 28.053 -32.008 115.965
v 22.637 -30.215 120.743
v 22.994 -30.968 120.244
v 23.842 -32.175 119.953
v 25.307 -33.444 118.379
v 25.562 -33.015 117.388
v 27.345 -33.075 116.689
v 24.759 -33.147 118.851
v 26.199 -33.098 117.109
v 26.354 -32.65 116.624
v 23.185 -31.484 119.13
v 23.931 -32.325 118.765
v 24.551 -32.702 118.069
v 25.838 -31.473 115.579
v 24.219 -32.086 116.855
v 25.001 -32.074 116.264
v 26.82 -31.348 115.594
v 22.84 -31.25 117.576
v 23.765 -32.013 117.666
v 23.287 -31.003 114.877
v 23.349 -31.524 116.612
v -15.244 -12.34 105.716
v -15.961 -11.476 104.289
v -14.658 -13.38 106.934
v -15.277 -11.028 101.952
v -14.862 -11.136 100.39
v -14.975 -14.281 108.016
v -14.735 -15.301 109.196
v -13.779 -16.136 110.143
v -14.765 -12.069 105.237
v -14.819 -11.509 104.009
v -13.91 -13.98 107.699
v 36.239 -25.607 114.436
v 37.737 -23.984 114.779
v 38.255 -21.741 114.844
v 38.83 -20.991 115.25
v 36.586 -24.265 114.101
v 37.463 -23.402 114.385
v 37.663 -22.629 114.427
v 37.349 -21.827 114.142
v 36.841 -22.958 113.93
v 30.814 -30.524 115.205
v 32.701 -29.486 114.779
v 33.783 -28.342 114.58
v 34.809 -26.342 114.1
v 29.551 -31.059 115.52
v 26.735 -30.358 115.137
v 25.024 -30.516 114.653
v 35.619 -25.176 113.886
v 35.791 -23.202 113.552
v 31.855 -29.58 114.783
v 28.641 -30.552 115.449
v 27.782 -30.828 115.532
v 35.22 -24.358 113.53
v 29.913 -29.724 115.045
v 31.04 -29.352 114.77
v 32.663 -28.445 114.384
v 33.825 -27.041 114.036
v 27.899 -30.044 115.269
v 35.017 -25.228 113.674
v 31.794 -28.379 114.353
v 33.262 -27.433 114.064
v 33.407 -26.081 113.592
v 28.834 -29.15 114.954
v 34.239 -24.94 113.416
v 30.684 -28.179 114.39
v 32.57 -27.243 113.917
v 29.754 -28.756 114.737
v 31.672 -27.113 113.875
v 31.034 -27.006 113.883
v 39.253 -19.334 115.095
v 39.415 -17.906 114.912
v 40.12 -16.482 115.761
v 38.225 -20.473 114.588
v 25.796 26.534 132.769
v 23.631 25.123 132.215
v 26.284 26.226 133.557
v 32.71 31.308 127.59
v 28.265 30.735 123.939
v 26.668 29.788 123.568
v 24.308 29.142 123.142
v 32.026 31.905 126.904
v 30.415 32.229 126.09
v 24.695 26.62 131.819
v 23.395 29.326 123.996
v 25.401 29.482 123.429
v 29.71 31.842 125.607
v 28.205 30.98 125.309
v 25.622 27.746 131.842
v 23.541 26.481 130.942
v 20.956 25.899 128.8
v 18.193 25.554 127.831
v 26.61 30.311 125.168
v 24.429 29.607 124.048
v 25.905 29.796 124.209
v 29.054 31.505 125.969
v 24.185 28.049 130.588
v 22.629 27.055 129.742
v 20.111 25.869 128.104
v 19.359 25.814 127.864
v 17.281 25.215 127.963
v 16.741 25.032 127.98
v 23.774 29.831 125.136
v 25.202 29.869 124.639
v 27.652 30.944 126.53
v 21.516 27.597 128.428
v 20.465 26.112 128.102
v 19.012 26.263 127.52
v 17.141 25.98 127.251
v 16.071 25.047 127.585
v 22.188 29.149 124.578
v 23.155 29.557 124.525
v 26.135 30.685 127.103
v 24.556 29.354 130.095
v 23.072 28.571 129.36
v 20.183 26.532 127.861
v 18.216 26.452 127.227
v 25.212 30.23 125.842
v 23.861 28.921 129.94
v 22.249 28.784 128.377
v 20.507 27.447 127.702
v 19.495 27.075 127.344
v 17.786 26.583 127.038
v 16.155 25.702 126.835
v 17.635 26.982 125.161
v 22.498 29.588 125.516
v 24.391 30.349 127.014
v 21.067 28.947 125.474
v 24.616 30.173 129.098
v 23.831 29.394 129.507
v 23.315 29.517 128.74
v 20.875 28.272 127.462
v 18.621 27.25 126.779
v 17.213 26.697 126.239
v 23.199 29.955 126.213
v 19.005 27.879 125.59
v 25.373 30.7 128.271
v 22.506 29.422 127.807
v 22.052 29.487 126.284
v 22.994 29.892 127.081
v 20.526 28.605 126.415
v 24.531 30.476 128.15
v 23.736 30.105 128.02
v 21.809 29.248 127.018
v 34.67 29.079 131.734
v 34.441 29.429 130.456
v 33.692 29.923 129.257
v 33.33 30.312 128.865
v 33.562 29.247 132.631
v 31.044 28.542 133.332
v 29.39 28.134 133.545
v 26.965 27.227 133.298
v 32.103 31.116 129.158
v 30.957 31.765 128.24
v 28.651 31.455 127.464
v 25.479 29.01 130.945
v 27.328 31.075 127.875
v 26.522 30.981 128.478
v 25.755 30.11 130.216
v 26.103 30.772 129.324
v 33.113 30.207 130.236
v 32.804 29.426 132.807
v 31.961 29.173 132.997
v 28.397 28.367 133.139
v 29.595 31.684 128.665
v 26.559 28.724 131.84
v 33.255 29.813 131.678
v 32.215 29.65 132.619
v 29.502 29.4 132.73
v 27.695 28.906 132.382
v 30.515 31.532 129.92
v 27.725 31.177 129.25
v 26.588 29.783 131.049
v 26.75 30.71 130.112
v 31.856 30.549 131.664
v 30.834 30.105 132.464
v 28.527 29.262 132.54
v 32.027 30.851 130.709
v 31.182 31.198 130.942
v 29.127 31.359 130.324
v 27.32 29.577 131.631
v 26.636 30.368 130.589
v 29.856 30.448 132.217
v 28.551 30.09 131.903
v 30.054 31.338 131.171
v 27.679 30.573 130.846
v 27.241 29.981 131.236
v 30.594 30.947 131.848
v 29.049 31.0 131.296
v 27.652 30.053 131.412
v 29.666 30.927 131.784
v 36.359 14.171 143.627
v 37.324 12.755 142.863
v 35.863 14.346 142.835
v 35.785 14.437 141.974
v 35.674 15.132 140.301
v 30.277 10.117 136.091
v 39.26 11.805 142.676
v 35.68 14.888 139.402
v 30.306 11.549 135.958
v 32.781 14.446 135.992
v 30.827 13.122 135.772
v 41.052 10.104 141.211
v 34.417 15.545 136.868
v 31.457 1.832 138.664
v 42.796 9.369 139.531
v 42.517 9.115 137.821
v 32.572 0.902 137.762
v 41.552 8.861 136.912
v 42.191 7.613 135.393
v 33.509 1.473 136.326
v 39.576 7.513 134.541
v 39.749 7.079 133.315
v 34.16 2.731 135.081
v 37.32 7.525 131.762
v 38.284 7.449 133.126
v 36.634 13.263 142.939
v 38.233 11.825 142.26
v 36.115 13.951 140.63
v 35.805 13.395 138.161
v 30.534 12.161 135.908
v 39.481 10.808 141.764
v 34.166 14.816 136.628
v 30.619 12.474 135.863
v 31.391 3.068 138.192
v 32.057 13.394 135.851
v 32.258 1.867 138.224
v 30.752 6.934 136.554
v 31.45 5.334 137.231
v 30.879 3.998 137.737
v 42.144 9.205 137.305
v 41.075 7.348 134.832
v 33.673 2.247 136.194
v 35.871 7.115 132.927
v 37.101 12.334 141.474
v 36.194 13.705 142.396
v 31.833 9.489 136.37
v 31.522 11.01 136.133
v 34.906 14.191 137.11
v 31.809 12.22 136.004
v 33.707 13.373 136.345
v 31.831 8.447 136.468
v 39.499 9.857 140.684
v 32.345 2.843 138.053
v 40.591 9.457 140.088
v 40.51 9.23 138.651
v 33.034 2.374 137.312
v 40.537 8.164 135.704
v 33.556 3.053 136.525
v 38.335 10.743 140.989
v 30.951 9.128 136.227
v 31.951 10.308 136.296
v 34.991 13.375 137.029
v 36.863 12.025 139.286
v 32.338 3.714 137.942
v 31.819 4.154 137.839
v 39.848 8.924 137.094
v 39.304 8.47 136.036
v 37.114 7.77 134.681
v 33.848 4.359 136.007
v 37.508 10.734 139.625
v 32.873 10.103 136.501
v 33.143 11.263 136.371
v 34.775 12.212 136.889
v 36.267 11.2 137.824
v 38.439 9.739 139.739
v 39.503 9.405 139.77
v 33.051 3.759 137.356
v 32.493 4.495 137.61
v 38.053 8.405 135.97
v 38.251 7.945 135.018
v 34.989 7.036 134.331
v 34.854 6.989 133.443
v 32.953 9.443 136.599
v 33.538 12.204 136.294
v 35.851 12.351 137.555
v 37.068 11.404 138.458
v 39.002 9.343 139.098
v 38.964 9.22 138.137
v 33.215 5.367 136.992
v 38.673 8.963 137.057
v 34.726 6.941 136.164
v 35.644 7.677 135.553
v 34.52 6.735 135.111
v 37.127 11.103 138.588
v 37.544 9.659 138.742
v 33.688 9.186 136.792
v 34.392 10.372 136.89
v 33.907 11.916 136.407
v 37.071 11.244 138.245
v 33.332 7.359 136.84
v 37.921 8.917 137.067
v 36.711 8.278 136.121
v 34.794 7.228 135.346
v 36.812 10.114 138.148
v 38.095 9.299 138.563
v 33.63 8.545 136.837
v 38.081 9.121 137.719
v 36.787 8.763 137.217
v 36.085 8.093 136.413
v 35.295 9.399 137.239
v 35.457 10.324 137.263
v 35.104 8.117 136.925
v 36.56 8.442 136.653
v 36.291 10.215 137.708
v 27.026 -23.783 138.067
v 27.335 -26.388 138.649
v 27.888 -24.69 138.464
v 24.996 -23.331 137.517
v 23.637 -21.312 137.242
v 21.901 -21.046 136.731
v 27.098 -25.049 138.232
v 23.776 -22.66 137.096
v 18.538 -21.976 133.377
v 18.571 -22.886 133.516
v 27.312 -29.603 139.312
v 28.026 -30.852 139.215
v 29.019 -33.235 138.006
v 27.396 -33.892 137.586
v 26.577 -35.701 136.226
v 26.351 -37.107 135.469
v 26.235 -36.917 134.789
v 25.136 -34.686 131.621
v 25.913 -36.041 133.299
v 23.81 -31.961 131.204
v 24.417 -31.215 130.079
v 23.897 -30.175 130.459
v 23.161 -27.435 130.022
v 23.853 -28.421 129.672
v 26.367 -28.878 139.232
v 22.589 -26.337 130.085
v 25.945 -25.191 137.986
v 21.515 -26.093 130.83
v 22.757 -22.885 136.959
v 20.927 -21.633 136.298
v 23.654 -23.598 137.196
v 20.075 -24.864 131.065
v 18.615 -24.503 133.062
v 19.831 -22.4 136.034
v 18.602 -22.843 134.438
v 18.421 -23.728 133.936
v 28.07 -32.683 138.456
v 26.386 -34.584 136.738
v 25.549 -35.167 136.009
v 25.775 -36.316 135.5
v 25.597 -36.123 134.1
v 25.2 -35.441 133.013
v 23.564 -33.253 132.249
v 22.901 -28.996 130.868
v 26.111 -27.657 138.82
v 25.355 -24.516 137.634
v 20.387 -26.433 131.844
v 21.179 -23.272 136.709
v 21.421 -22.013 136.444
v 25.803 -26.835 138.498
v 23.813 -25.01 137.685
v 19.37 -25.503 132.325
v 18.849 -22.995 135.473
v 26.675 -29.725 139.423
v 26.413 -30.374 139.676
v 26.857 -31.848 139.417
v 26.935 -32.679 138.723
v 26.143 -33.39 137.644
v 25.68 -36.502 135.001
v 24.028 -34.383 133.208
v 22.575 -31.928 132.357
v 23.749 -30.888 131.015
v 22.749 -30.673 131.692
v 22.38 -26.805 130.62
v 24.875 -28.357 139.113
v 24.979 -24.921 137.718
v 21.118 -27.212 131.664
v 22.096 -24.309 137.214
v 24.592 -26.34 138.235
v 22.895 -24.374 137.34
v 18.65 -26.205 133.773
v 19.048 -24.302 136.528
v 18.323 -24.179 135.443
v 18.186 -24.95 134.603
v 26.69 -31.178 139.745
v 26.39 -32.88 138.421
v 24.956 -33.345 137.329
v 24.925 -35.44 134.948
v 24.695 -35.267 133.884
v 23.019 -33.464 133.293
v 21.856 -32.458 133.442
v 21.299 -29.926 132.237
v 21.982 -27.615 131.189
v 25.452 -29.132 139.379
v 20.413 -27.682 132.232
v 21.456 -24.732 137.296
v 20.161 -23.918 136.685
v 22.151 -26.015 138.014
v 19.581 -27.185 132.763
v 25.281 -30.013 139.786
v 25.707 -31.204 139.998
v 25.89 -32.158 139.463
v 25.416 -32.592 138.736
v 23.692 -33.636 136.001
v 23.984 -34.506 134.427
v 22.794 -33.419 134.417
v 21.249 -31.308 132.936
v 21.395 -28.781 131.852
v 20.979 -28.135 131.978
v 20.41 -24.958 137.246
v 20.564 -24.161 136.868
v 23.256 -27.376 138.725
v 23.346 -26.323 138.223
v 18.944 -27.843 133.573
v 18.136 -25.969 135.119
v 18.34 -25.062 136.479
v 18.018 -25.232 135.723
v 25.707 -30.642 139.956
v 23.747 -32.842 137.419
v 20.925 -31.829 133.495
v 20.192 -30.585 133.102
v 19.851 -29.077 132.846
v 23.735 -29.96 139.94
v 23.534 -28.679 139.348
v 22.912 -26.621 138.376
v 18.487 -27.484 134.795
v 18.596 -24.973 136.871
v 19.191 -25.527 137.143
v 24.757 -31.735 140.181
v 25.173 -32.162 139.693
v 24.581 -32.513 138.68
v 24.051 -32.58 138.232
v 22.913 -32.66 137.339
v 21.389 -32.462 134.736
v 20.197 -31.579 134.189
v 24.603 -30.918 140.263
v 20.529 -26.345 137.86
v 22.446 -28.966 139.291
v 18.747 -28.858 133.837
v 18.522 -26.294 136.218
v 19.949 -25.646 137.549
v 24.577 -32.177 139.629
v 23.141 -32.375 138.517
v 22.642 -32.785 136.67
v 21.92 -32.611 136.125
v 19.336 -30.58 133.551
v 23.885 -31.193 140.383
v 21.386 -26.627 138.268
v 22.324 -27.469 138.747
v 18.766 -30.002 133.805
v 18.613 -29.214 134.59
v 18.709 -27.34 135.789
v 23.824 -32.252 139.271
v 22.108 -32.407 137.271
v 20.746 -32.067 135.592
v 18.937 -30.865 134.314
v 22.812 -30.103 139.973
v 22.907 -31.02 140.197
v 21.509 -27.449 138.503
v 18.881 -28.216 135.468
v 19.367 -27.772 136.526
v 19.535 -26.674 137.243
v 23.652 -31.838 140.151
v 22.985 -32.128 139.647
v 22.25 -32.234 138.204
v 20.921 -31.896 137.029
v 20.059 -31.66 135.78
v 19.398 -31.204 135.342
v 22.332 -30.304 139.793
v 20.444 -27.8 137.793
v 21.295 -28.893 138.582
v 18.592 -30.27 134.46
v 19.091 -29.082 135.429
v 22.411 -32.14 139.083
v 21.565 -32.245 137.148
v 18.964 -30.513 135.181
v 21.469 -30.316 138.858
v 22.774 -31.788 140.103
v 18.845 -29.817 135.074
v 19.303 -28.66 135.859
v 22.341 -31.95 139.644
v 21.663 -31.728 138.664
v 21.617 -32.11 137.784
v 20.011 -31.259 136.614
v 19.522 -30.66 136.132
v 22.189 -30.845 139.823
v 22.177 -31.389 139.739
v 20.643 -29.277 137.852
v 21.158 -29.522 138.522
v 19.551 -29.4 136.219
v 19.382 -29.037 135.789
v 20.059 -28.515 137.162
v 20.774 -31.204 137.795
v 20.28 -30.424 137.302
v -21.907 12.68 105.809
v -20.342 12.455 104.98
v -16.045 4.515 118.173
v -17.866 5.954 116.384
v -19.529 12.648 105.105
v -18.65 12.687 105.35
v -17.796 12.335 105.87
v -16.735 11.162 106.535
v -15.738 10.752 107.08
v -14.377 10.051 107.176
v -13.582 9.636 108.619
v -20.144 13.1 105.913
v -16.723 5.329 117.652
v -16.947 11.927 106.895
v -16.462 10.839 106.563
v -14.552 10.135 108.248
v -16.394 6.39 118.077
v -18.938 13.57 106.496
v -17.902 13.404 106.738
v -17.141 13.0 107.353
v -14.4 10.186 109.748
v -15.325 6.698 118.789
v -14.481 6.629 119.016
v -16.223 7.768 118.533
v -14.033 7.586 119.496
v -15.164 8.114 119.256
v -11.616 10.731 121.374
v -12.953 10.57 121.193
v -14.357 10.251 119.72
v -12.072 11.622 121.292
v -13.562 10.431 120.861
v -13.246 10.807 121.234
v -13.092 11.296 120.748
v -12.244 12.021 120.942
v -13.443 11.694 119.109
v -12.347 12.233 120.08
v -12.995 11.768 120.16
v -12.342 12.616 118.933
v -29.328 14.849 112.427
v -29.206 15.223 111.521
v -28.184 14.624 110.86
v -28.54 12.034 114.661
v -27.97 14.248 109.782
v -29.663 10.462 114.297
v -24.201 13.411 107.669
v -28.505 9.562 114.663
v -26.139 13.179 108.122
v -27.081 8.123 115.1
v -25.671 6.53 115.529
v -24.55 5.786 115.91
v -23.529 6.142 116.17
v -22.404 6.464 116.222
v -20.221 5.533 116.009
v -17.335 6.111 117.099
v -18.426 6.894 116.56
v -21.23 13.306 106.408
v -16.282 12.356 108.473
v -15.371 11.197 109.337
v -19.964 13.977 107.066
v -17.955 14.271 107.827
v -17.114 13.878 108.063
v -14.683 11.351 110.777
v -16.828 7.302 117.938
v -15.981 9.241 118.877
v -13.667 13.822 112.946
v -11.494 14.383 114.165
v -14.065 12.849 111.996
v -11.978 14.253 115.236
v -14.759 10.62 118.737
v -12.607 13.126 117.422
v -29.033 13.893 113.461
v -28.699 12.733 114.42
v -28.576 10.886 114.768
v -23.133 13.447 107.197
v -26.145 13.867 109.263
v -26.616 13.496 108.637
v -26.373 7.452 115.314
v -27.754 8.797 114.906
v -21.123 6.949 116.213
v -21.834 13.617 106.944
v -17.733 6.4 116.563
v -16.61 13.339 108.446
v -18.93 14.447 107.78
v -17.497 8.352 117.795
v -12.916 14.18 114.107
v -15.336 9.972 118.874
v -14.569 11.474 117.947
v -13.962 12.117 117.706
v -28.296 13.644 112.736
v -28.229 12.69 113.988
v -22.452 13.955 107.639
v -27.032 10.398 115.173
v -25.654 8.194 115.714
v -26.873 9.187 115.332
v -24.516 7.302 116.01
v -23.139 7.377 116.14
v -21.924 7.64 116.194
v -19.805 7.535 116.416
v -21.048 14.154 107.458
v -16.2 13.023 109.139
v -15.596 12.521 110.026
v -15.353 11.622 110.183
v -19.979 14.893 108.498
v -18.316 15.013 109.234
v -17.085 14.555 109.11
v -16.298 13.775 109.423
v -17.343 9.434 118.357
v -14.551 13.715 112.293
v -14.279 14.225 113.537
v -15.86 10.546 118.21
v -12.722 13.767 116.103
v -15.095 12.363 116.914
v -28.209 14.214 111.773
v -26.676 13.935 110.513
v -27.5 11.595 114.701
v -23.281 14.131 108.317
v -24.147 14.167 109.128
v -25.176 7.443 115.852
v -20.484 8.931 116.437
v -18.892 9.019 117.134
v -16.079 12.687 109.259
v -17.134 10.015 118.345
v -18.128 10.036 117.963
v -14.914 13.694 111.899
v -15.656 14.287 112.263
v -13.866 14.156 114.31
v -13.666 13.776 115.34
v -14.46 11.965 117.429
v -13.47 13.33 116.425
v -27.508 13.952 111.172
v -27.197 12.343 112.799
v -27.613 13.5 111.891
v -24.585 13.79 110.521
v -27.209 11.7 114.076
v -22.426 14.815 109.027
v -26.822 10.997 114.733
v -25.041 13.974 109.537
v -26.079 9.341 115.631
v -24.02 8.248 115.889
v -22.244 8.728 115.784
v -18.211 8.267 117.168
v -21.3 14.776 108.403
v -19.852 15.521 110.198
v -17.149 14.963 110.134
v -16.277 14.493 110.422
v -15.448 13.689 111.005
v -15.071 14.272 113.4
v -14.879 13.976 114.41
v -17.397 11.056 117.827
v -26.603 13.151 111.321
v -26.101 10.186 114.856
v -25.327 9.142 115.565
v -24.82 8.274 115.953
v -20.614 10.452 115.865
v -19.58 10.006 117.003
v -21.048 15.44 109.501
v -18.519 15.27 110.488
v -17.791 15.151 110.224
v -19.156 10.863 117.381
v -15.688 14.161 113.599
v -17.337 11.907 117.263
v -14.856 13.404 115.51
v -26.973 11.608 113.582
v -25.471 12.35 111.316
v -26.547 11.025 113.949
v -23.128 14.818 110.045
v -23.991 8.855 115.069
v -19.896 10.539 116.741
v -21.085 15.876 110.552
v -19.27 15.2 111.688
v -17.544 14.952 111.267
v -16.558 14.804 110.952
v -18.485 10.978 117.84
v -16.956 14.025 113.74
v -17.058 12.49 116.539
v -18.573 11.756 117.33
v -15.999 13.236 115.486
v -26.757 11.515 113.252
v -26.454 12.219 111.89
v -24.311 12.609 111.083
v -21.96 15.544 110.301
v -25.247 9.446 114.797
v -25.694 10.141 113.867
v -22.422 15.07 111.37
v -22.225 9.23 114.731
v -19.818 11.699 116.529
v -20.758 15.748 111.407
v -17.483 14.503 112.58
v -16.056 13.825 114.402
v -17.946 12.126 117.027
v -26.01 11.303 112.591
v -24.113 11.336 111.468
v -22.8 12.94 111.716
v -21.45 9.61 115.398
v -23.473 8.805 114.003
v -20.224 11.938 115.558
v -21.633 15.836 111.171
v -20.54 15.16 112.571
v -18.332 14.773 112.249
v -19.343 11.828 117.09
v -18.933 14.277 113.581
v -16.862 13.495 114.879
v -17.278 13.008 115.703
v -18.281 12.629 116.304
v -22.895 14.144 111.536
v -24.654 9.289 113.914
v -24.852 10.143 112.679
v -21.023 10.212 114.968
v -22.332 8.928 113.788
v -20.032 12.626 115.685
v -20.529 11.282 114.918
v -21.501 15.6 111.908
v -19.443 12.648 116.226
v -17.946 13.424 114.981
v -22.671 11.449 111.662
v -21.713 14.105 112.621
v -23.053 8.675 113.445
v -23.451 9.391 112.796
v -20.633 12.737 114.19
v -21.447 15.027 112.553
v -20.505 14.175 113.767
v -18.962 13.303 115.324
v -24.082 10.247 111.94
v -23.407 11.09 111.162
v -21.208 11.895 112.771
v -21.422 13.152 112.835
v -22.267 8.871 113.188
v -20.101 13.289 115.116
v -21.1 10.431 113.646
v -19.688 13.597 114.937
v -23.326 10.649 111.563
v -23.623 10.986 111.101
v -21.881 10.458 112.512
v -21.678 9.129 113.494
v -20.825 11.195 112.949
v -21.493 9.256 113.308
v -22.26 9.332 112.759
v -20.631 11.365 113.092
v -21.634 9.486 113.002
v -13.899 -13.041 94.662
v -13.471 -12.358 94.937
v -13.686 -11.524 94.921
v -14.88 -11.925 98.06
v -13.661 -9.569 96.634
v -13.772 -11.287 101.195
v -13.643 -12.917 95.73
v -13.515 -12.671 96.866
v -13.507 -10.628 95.925
v -12.485 -9.039 97.835
v -13.985 -11.632 99.443
v -13.64 -12.257 98.043
v -13.017 -12.467 95.871
v -12.68 -10.303 97.149
v -12.894 -11.574 100.374
v -12.209 -12.377 97.057
v -12.339 -12.385 98.012
v -12.463 -12.017 99.25
v 24.444 23.468 135.345
v 24.839 24.557 134.096
v 24.325 22.344 136.234
v 24.136 21.272 136.472
v 23.092 19.119 135.705
v 22.97 18.147 135.526
v 23.834 24.3 133.405
v 22.12 25.261 130.557
v 19.471 25.098 128.608
v 22.64 20.174 135.682
v 22.366 18.417 135.383
v 21.429 18.464 134.912
v 22.774 23.898 133.246
v 22.207 24.301 132.087
v 21.121 24.852 129.59
v 20.42 24.729 129.273
v 23.497 23.565 134.336
v 22.975 22.474 135.255
v 23.287 21.315 135.997
v 22.194 19.188 135.382
v 21.071 24.041 131.36
v 21.005 24.399 130.217
v 19.688 23.961 130.209
v 17.871 22.998 130.577
v 21.937 21.223 135.259
v 21.232 19.846 134.899
v 21.185 23.311 133.028
v 22.316 23.093 134.167
v 20.625 24.358 129.719
v 20.403 19.703 134.366
v 19.998 23.356 131.948
v 19.121 23.22 131.364
v 21.342 22.304 134.415
v 21.074 20.794 134.873
v 20.094 20.585 134.181
v 20.012 23.021 132.804
v 18.655 22.168 132.422
v 19.193 22.87 132.242
v 20.886 21.407 134.674
v 19.189 20.653 133.54
v 19.266 21.413 133.441
v 19.922 22.447 133.419
v 20.247 21.756 134.158
v 20.436 21.34 134.436
v 19.785 22.011 133.782
v 23.47 28.837 123.197
v 25.261 28.825 122.08
v 26.397 29.193 122.234
v 22.234 28.274 123.555
v 18.72 27.612 124.707
v 20.246 28.366 124.693
v 23.861 28.027 122.099
v 21.057 28.384 124.106
v 18.066 27.283 124.688
v 26.389 28.498 120.767
v 25.57 27.949 120.48
v 20.973 27.988 123.861
v 19.869 27.606 124.124
v 22.457 27.15 122.752
v 20.958 27.325 123.714
v 26.347 28.082 120.033
v 23.073 26.373 121.255
v 21.783 27.36 123.439
v 20.059 26.853 123.812
v 36.016 29.768 120.769
v 37.162 28.88 120.306
v 34.417 30.541 120.327
v 28.994 29.866 121.634
v 27.952 28.965 120.699
v 32.867 31.158 120.87
v 30.862 30.817 121.293
v 29.752 30.268 121.623
v 33.601 31.27 121.004
v 31.958 30.894 120.817
v 35.862 29.838 120.077
v 35.819 29.663 119.611
v 29.668 29.751 120.648
v 32.061 30.395 119.76
v 30.804 29.788 119.304
v 40.089 25.456 117.478
v 38.212 26.63 118.803
v 41.015 24.758 116.015
v 27.326 27.477 118.623
v 36.479 28.557 119.078
v 29.426 29.111 119.292
v 33.08 30.54 119.737
v 35.132 29.623 119.037
v 31.689 29.832 118.548
v 37.178 26.518 118.01
v 38.846 25.375 117.1
v 27.843 28.275 119.516
v 28.343 28.466 119.223
v 32.78 29.992 118.692
v 33.947 29.673 118.515
v 31.13 29.581 118.24
v 30.418 29.254 118.161
v 35.028 28.563 118.32
v 29.209 28.605 118.188
v 31.447 29.395 117.734
v 35.119 27.241 117.914
v 33.789 29.029 117.98
v 30.296 28.871 117.337
v 29.357 28.227 117.365
v 40.92 24.039 110.842
v 40.552 24.229 114.566
v 39.52 24.247 106.109
v 40.216 24.15 107.516
v 40.891 23.998 109.426
v 39.838 24.658 115.83
v 38.065 25.275 116.605
v 32.651 29.029 117.675
v 33.766 27.927 117.716
v 35.347 25.828 117.117
v 31.101 28.617 117.061
v 30.215 28.492 116.925
v 39.851 24.225 112.262
v 40.162 24.083 113.458
v 40.582 24.079 108.187
v 40.314 24.192 109.015
v 38.849 24.66 115.292
v 37.407 25.339 116.647
v 34.454 26.886 117.634
v 36.7 25.463 116.899
v 39.602 24.402 110.485
v 39.542 24.262 114.265
v 37.775 24.85 115.22
v 32.029 27.333 116.965
v 33.813 26.253 117.078
v 36.218 25.098 116.225
v 38.999 24.527 111.596
v 39.562 24.178 113.266
v 39.028 24.38 114.29
v 38.641 24.509 113.294
v 36.949 24.964 115.828
v 35.574 25.012 116.097
v 34.507 25.572 116.87
v 38.781 24.663 110.522
v 32.536 25.247 116.238
v 36.102 24.698 114.937
v 34.366 24.788 115.945
v -15.178 -0.129 118.78
v -14.441 -15.405 114.24
v -16.81 -2.009 116.74
v -16.955 -3.213 116.247
v -12.72 -18.191 116.002
v -12.839 -16.841 111.001
v -14.898 -12.46 114.427
v -12.27 -18.455 112.554
v -16.641 -0.556 117.333
v -11.936 2.232 95.618
v -11.74 3.325 97.05
v -12.713 4.931 98.147
v -12.49 6.191 100.73
v -13.151 8.75 102.762
v -13.576 9.968 104.933
v 28.809 -13.118 136.964
v 39.691 -9.281 126.576
v 40.204 -8.693 124.081
v 27.988 -9.174 137.352
v 25.302 -8.95 139.268
v 26.207 14.768 135.459
v 27.092 -2.102 139.472
v 24.467 -7.395 140.066
v 26.451 -3.643 139.646
v 26.355 -4.773 139.858
v 24.015 -9.928 139.507
v 25.159 -14.224 137.609
v 23.131 -7.89 140.157
v 21.643 -9.353 140.523
v 23.627 -10.963 139.337
v 24.178 -13.628 138.357
v 21.255 -11.172 140.142
v 19.834 -11.861 139.714
v 20.081 -13.3 139.561
v 19.937 -19.298 136.153
v 19.587 -14.067 139.3
v -15.297 1.997 118.801
v -11.941 -18.944 116.628
v -11.203 -19.993 117.632
v -9.474 -19.772 119.891
v -8.757 -19.494 122.215
v -8.045 -20.938 122.546
v 27.001 12.451 135.755
v 24.718 15.544 135.289
v 23.634 16.337 135.432
v 22.814 16.32 135.449
v 38.993 -7.307 127.629
v 39.346 -8.563 127.085
v 40.189 -9.368 122.497
v 35.715 9.804 96.415
v 38.355 8.603 96.868
v 33.985 11.799 95.063
v 35.221 11.198 94.819
v 34.006 13.334 94.984
v 34.271 14.255 94.833
v 33.589 15.182 95.592
v 32.622 16.348 96.699
v 40.963 5.798 99.539
v 38.965 7.295 97.525
v 42.395 7.735 107.954
v 41.628 6.396 107.038
v 40.837 5.642 101.739
v 41.843 5.985 104.963
v 41.079 5.848 103.039
v 38.792 -6.17 127.968
v 28.034 -0.376 139.097
v 28.223 11.486 135.848
v 29.221 2.558 137.963
v 42.032 8.616 109.829
v 42.143 8.608 114.014
v 42.165 8.594 115.547
v 42.185 9.006 116.727
v 41.646 10.19 118.249
v 38.802 11.126 121.809
v 38.397 -5.159 128.963
v 39.14 10.44 122.997
v 39.949 9.705 123.987
v 36.384 -2.848 132.604
v 37.587 -2.76 130.905
v 38.162 -3.872 129.301
v 35.777 -2.038 133.037
v 38.516 9.114 125.441
v 34.809 -0.208 133.87
v 37.831 9.16 126.596
v 37.049 8.368 128.137
v 36.54 7.36 129.42
v -13.689 -11.339 102.924
v -13.764 -14.674 108.57
v -13.507 -15.375 109.418
v 17.686 24.454 128.797
v 16.427 24.511 128.262
v 15.6 24.486 127.224
v 16.293 25.725 125.981
v 35.177 1.424 133.237
v 30.203 3.096 137.975
v 29.223 4.319 137.292
v 34.19 3.802 134.724
v 29.707 8.888 136.07
v 34.738 6.336 133.2
v 34.412 5.379 134.387
v -13.989 10.041 106.228
v -14.751 3.413 118.65
v -13.255 9.458 109.697
v -14.542 5.558 118.743
v -13.642 6.531 119.127
v -13.975 9.25 120.198
v -12.381 9.475 120.891
v -10.516 11.952 121.433
v -10.917 12.625 120.664
v -10.991 13.289 118.8
v -13.669 10.23 110.991
v -12.723 13.174 112.839
v -11.817 13.84 113.402
v -10.736 14.584 114.704
v -13.18 11.492 112.071
v -12.112 13.888 116.248
v 21.979 17.317 135.163
v 19.88 18.769 133.859
v 17.746 21.827 131.578
v 18.379 19.845 132.781
v 18.147 21.153 132.413
v 18.371 26.85 124.379
v 24.507 26.759 119.99
v 22.112 26.116 122.241
v 21.493 26.569 123.154
v 19.34 26.743 123.935
v 20.637 26.384 123.435
v 25.73 27.204 119.405
v -15.667 -0.957 117.835
v -15.34 0.488 119.048
v -12.476 7.207 101.823
v -13.137 9.766 103.991
v 27.557 -13.314 136.784
v 26.788 -12.242 136.096
v 27.523 -1.224 139.346
v 24.341 -6.241 139.657
v 25.449 -5.02 139.661
v 25.643 -15.254 137.271
v 21.813 -8.433 140.219
v 20.324 -10.305 140.093
v 18.858 -14.278 139.077
v -15.396 2.626 118.675
v -8.687 -20.185 122.514
v 24.781 13.985 135.599
v 25.154 14.986 135.311
v 25.736 12.624 135.792
v 23.763 15.348 135.472
v 37.635 8.6 96.841
v 34.044 12.683 94.913
v 39.134 5.43 98.959
v 41.601 5.886 105.974
v 41.405 5.913 104.347
v 27.828 2.772 137.415
v 27.694 0.449 138.383
v 42.329 8.734 112.829
v 42.292 8.707 113.104
v 41.435 9.43 117.554
v 39.387 10.853 119.506
v 38.319 10.983 120.261
v 36.579 -1.865 131.941
v 37.383 -1.994 130.789
v 37.819 -2.362 129.658
v 35.717 -0.805 132.721
v 34.885 0.514 133.672
v 37.297 8.999 127.046
v 15.844 24.23 128.056
v 17.3 25.857 124.844
v 34.873 3.325 133.182
v 27.62 9.728 135.976
v 35.193 6.246 132.241
v 29.244 7.805 136.15
v -10.396 11.14 121.47
v -11.098 13.674 117.637
v -12.777 12.71 112.646
v -11.022 14.469 115.416
v -10.064 14.395 113.636
v -12.906 12.356 112.504
v -11.263 14.066 116.41
v 20.775 17.607 134.439
v 16.636 23.856 128.881
v 16.727 21.724 130.276
v 19.909 26.071 123.479
v -12.023 9.92 104.029
v 26.661 -0.757 138.412
v 25.285 -5.788 139.825
v 22.774 -7.201 139.638
v 20.864 -9.292 140.286
v 17.959 -14.416 138.713
v 26.485 11.65 135.847
v 24.515 14.926 135.327
v 21.687 15.966 135.186
v 33.124 13.861 95.752
v 39.406 5.862 98.292
v 41.331 8.708 116.616
v 41.235 8.58 115.392
v 35.324 0.218 133.044
v 37.169 9.055 126.373
v 15.714 24.812 126.268
v 15.585 24.044 127.922
v 16.544 24.507 125.449
v 36.114 2.833 131.19
v 27.027 10.918 135.862
v 35.108 4.777 132.178
v 28.409 8.613 135.962
v -10.741 10.442 121.327
v -10.701 13.685 118.014
v 20.688 16.576 134.372
v 19.785 17.224 133.64
v 16.041 23.271 128.65
v 18.524 18.574 132.793
v 17.372 20.996 131.575
v 17.522 20.426 131.953
v 18.212 25.715 124.069
v 19.022 25.973 123.734
v 20.95 25.276 122.364
v 24.318 12.449 135.971
v 25.136 11.487 136.058
v 22.489 15.111 135.61
v 31.891 16.458 97.315
v 41.106 8.62 113.925
v 38.761 10.714 119.298
v 36.674 -0.568 131.369
v 37.122 -0.191 129.703
v 35.971 0.262 132.214
v 15.687 23.979 126.511
v 17.878 24.49 124.148
v 36.498 1.03 131.2
v 35.475 3.377 131.708
v 26.004 10.605 136.041
v 29.215 6.911 136.312
v 27.783 7.084 136.335
v 27.429 8.302 136.101
v 15.834 22.014 128.84
v 17.308 19.793 131.805
v 19.769 25.238 123.075
v 23.713 13.271 135.917
v 23.26 14.152 135.788
v 20.69 15.633 134.426
v 21.576 14.962 135.261
v 15.627 22.703 127.551
v 17.22 24.302 124.826
v 36.753 2.431 129.971
v 35.808 3.292 131.182
v 26.102 9.769 136.146
v 35.533 3.676 131.389
v 17.24 20.549 131.602
v 19.001 24.828 123.285
v 23.424 12.659 136.067
v 24.249 11.565 136.156
v 25.073 10.644 136.226
v 22.325 14.132 135.77
v 16.276 22.89 126.149
v 17.56 23.776 124.625
v 17.055 24.084 125.056
v 36.719 3.146 130.267
v 25.12 9.678 136.378
v 26.153 8.979 136.256
v 22.965 13.35 136.012
v 23.253 11.686 135.975
v 24.31 10.648 136.287
v 20.762 14.854 134.421
v 21.53 13.907 135.164
v 36.417 1.804 128.896
v 26.225 7.92 136.412
v 22.859 12.74 136.049
v 22.377 13.373 135.878
v 25.346 8.581 136.53
v 22.191 12.755 135.597
v 20.508 14.132 134.027
v 37.431 23.772 101.677
v 38.48 24.386 105.36
v 30.154 27.651 116.821
v 38.931 24.615 107.264
v 39.097 24.585 108.97
v 37.186 24.728 113.774
v 37.046 24.793 114.882
v 38.332 24.718 111.452
v 30.634 25.687 115.984
v 34.856 23.988 114.114
v 37.363 24.119 103.188
v 37.327 24.418 104.477
v 28.946 27.598 117.309
v 38.638 24.637 106.304
v 37.268 24.756 111.634
v 38.124 24.819 110.12
v 36.103 24.47 113.061
v 33.49 23.438 114.788
v 37.138 24.812 106.677
v 28.965 26.57 116.721
v 38.104 24.731 106.258
v 38.165 24.793 106.897
v 37.993 24.833 108.312
v 34.95 23.779 112.744
v 33.766 23.125 113.59
v 32.917 23.897 115.537
v 36.334 24.762 105.057
v 28.974 24.958 115.222
v 35.792 24.317 111.653
v 37.387 24.889 109.768
v 32.507 22.87 114.274
v 32.608 23.224 115.024
v 36.31 24.682 109.957
v 37.083 24.883 108.645
v 34.726 23.63 111.88
v 36.35 24.829 108.318
v 31.8 23.668 115.014
v 34.648 23.813 110.714
v 30.373 23.859 114.115
v 33.866 23.033 112.6
v 32.898 22.668 113.282
v 33.713 23.056 111.784
v 31.885 22.893 114.347
v 33.261 23.023 111.058
v 32.902 22.658 112.58
v 32.419 22.668 111.844
v 33.901 22.271 96.324
v 35.02 24.147 99.756
v 34.124 23.528 96.641
v 34.941 24.012 98.365
v 33.257 20.848 97.023
v 32.731 18.606 97.209
v 32.513 17.39 97.057
v 31.4 17.392 97.788
v 36.175 23.991 100.922
v 35.995 24.503 103.341
v 35.565 25.028 106.001
v 34.983 24.51 108.594
v 35.891 24.893 107.418
v 32.812 23.149 109.809
v 32.302 22.755 110.986
v 34.329 23.025 95.981
v 33.813 24.111 97.602
v 34.001 24.258 98.484
v 32.914 19.846 97.347
v 36.205 24.158 101.938
v 35.718 24.858 104.745
v 35.305 24.338 101.659
v 32.392 24.536 98.367
v 32.102 21.595 97.909
v 32.292 20.204 97.842
v 32.395 19.471 97.722
v 35.031 24.984 104.579
v 33.402 24.207 107.481
v 35.185 24.984 107.236
v 33.243 24.629 99.757
v 33.881 24.604 101.337
v 32.587 23.474 97.53
v 32.608 22.666 97.499
v 31.72 19.14 98.013
v 30.344 19.286 98.589
v 34.667 24.619 102.522
v 34.466 25.25 105.585
v 34.71 24.829 103.539
v 34.524 24.921 107.314
v 32.447 22.861 108.437
v 34.761 25.178 106.555
v 30.906 24.099 98.47
v 31.386 20.169 98.333
v 31.682 23.016 98.172
v 33.812 25.085 104.338
v 34.049 25.162 106.46
v 32.518 23.096 107.599
v 31.818 25.089 100.004
v 32.836 24.83 100.661
v 34.024 24.677 102.322
v 30.831 25.093 98.625
v 30.617 20.965 98.716
v 30.867 22.413 98.665
v 34.01 24.816 103.066
v 33.722 25.319 105.555
v 33.414 25.084 106.174
v 32.278 23.56 106.715
v 32.194 22.546 107.958
v 31.207 25.247 98.935
v 32.668 24.875 101.499
v 33.423 24.773 102.415
v 30.917 23.315 98.608
v 30.05 24.885 98.838
v 33.01 25.022 105.224
v 33.253 24.891 103.321
v 32.854 24.588 106.159
v 30.501 25.342 99.291
v 30.259 23.246 98.841
v 29.236 23.675 99.192
v 32.32 24.765 103.799
v 31.897 24.085 105.285
v 30.889 25.287 100.302
v 31.625 25.003 101.576
v 32.556 24.875 102.674
v 29.595 24.816 99.504
v 30.178 25.193 100.042
v 28.723 23.897 99.925
v 31.894 24.854 102.741
v 30.641 25.034 100.995
v 29.632 24.51 100.873
v 30.946 24.615 102.398
v -15.227 -8.917 114.695
v -15.937 -5.873 115.801
v -16.212 -4.304 116.208
v -15.509 -8.292 114.863
v -15.667 -6.816 115.405
v -14.377 -10.697 114.481
v -13.655 -15.848 115.038
v -14.019 -14.287 114.614
v -11.363 -5.665 98.281
v -11.861 -4.654 97.601
v -12.395 -3.619 96.873
v -12.124 -1.455 96.137
v -9.844 1.388 96.15
v -10.718 0.254 96.11
v 23.449 -25.816 126.881
v 23.909 -27.517 124.8
v 22.526 -28.714 122.158
v 23.29 -28.371 123.542
v 40.438 -14.609 117.314
v 40.432 -13.857 118.455
v 40.381 -12.102 120.848
v 40.389 -12.991 119.705
v 39.827 -9.126 125.874
v 27.842 -10.857 136.117
v 26.811 -17.894 136.167
v 18.906 -16.086 137.599
v -9.667 -19.034 113.564
v -9.549 -21.82 116.106
v -7.817 -22.676 117.315
v -9.008 -19.394 121.138
v -5.612 -23.645 120.297
v -6.643 -22.788 122.303
v 40.315 -11.142 121.504
v 34.591 10.169 96.049
v 41.84 8.635 112.509
v 40.656 10.472 118.85
v 37.993 9.322 124.022
v 36.214 6.472 130.998
v 22.327 -29.46 120.96
v 22.154 -29.653 120.132
v 22.326 -30.438 118.907
v 22.749 -31.108 116.015
v -14.586 -12.581 105.955
v -13.394 -12.169 105.067
v -13.186 -13.466 107.062
v 36.287 -21.924 113.607
v 23.971 -30.183 113.836
v 25.579 -29.334 114.193
v 34.738 -23.277 113.268
v 27.71 -29.044 114.871
v 34.36 -23.996 113.241
v 33.204 -24.718 113.134
v 29.487 -27.819 114.403
v 32.322 -25.848 113.407
v 31.102 -25.676 113.411
v 30.268 -26.795 113.893
v 40.271 -15.114 116.374
v 36.961 -20.827 113.806
v 38.393 -19.245 114.373
v 38.882 -18.712 114.594
v 39.6 -16.837 114.852
v 18.712 -20.988 134.519
v 18.323 -22.764 132.281
v 22.264 -25.515 129.766
v 18.924 -23.847 131.445
v -13.137 9.805 107.127
v -11.932 -11.395 96.939
v -11.361 -7.613 98.62
v -12.762 -11.387 101.383
v -11.833 -10.216 97.838
v -12.093 -11.784 100.172
v -10.976 -12.382 98.155
v -11.156 -12.316 98.888
v -15.937 -3.251 116.581
v -12.174 -16.456 115.974
v -11.93 -17.501 111.795
v -14.188 -12.168 114.632
v -14.265 -13.069 114.6
v -10.713 2.215 96.244
v -11.478 5.309 100.471
v -11.144 3.907 98.371
v 39.668 -8.178 125.816
v 25.786 -9.172 137.796
v -11.064 -18.248 112.627
v 24.677 -10.623 138.424
v 19.692 -17.538 136.695
v -14.911 0.635 119.025
v -10.333 -18.705 117.986
v -9.784 -19.655 119.022
v -6.676 -21.772 122.647
v 39.233 -7.77 126.973
v 40.125 -10.238 121.672
v 36.06 9.284 96.707
v 38.5 6.093 98.095
v 40.634 5.507 100.611
v 41.559 7.937 108.862
v 41.323 8.26 110.213
v 37.379 8.948 125.642
v -12.593 -15.82 110.135
v -13.658 -11.584 103.979
v -12.543 -14.186 108.161
v 29.305 6.058 136.664
v 21.061 -24.401 129.842
v -11.861 9.381 108.074
v -12.287 7.211 119.737
v -12.901 8.409 120.209
v -10.589 9.327 121.231
v -12.845 -11.38 102.322
v -14.648 -1.614 118.074
v -11.791 6.073 101.512
v -11.467 8.318 103.394
v -12.393 10.076 105.593
v -12.239 10.124 104.614
v 39.983 -7.994 122.843
v 25.664 -2.578 138.82
v 25.378 -12.066 136.883
v 18.558 -13.353 139.205
v -11.567 -17.85 116.615
v -8.0 -19.509 122.752
v 39.29 -6.781 126.543
v 37.299 7.43 97.383
v 33.145 12.841 95.457
v 32.477 14.915 96.568
v 39.844 5.303 99.972
v 40.533 7.073 108.914
v 40.509 5.439 106.991
v 40.707 5.598 105.457
v 41.442 5.88 105.021
v 40.452 5.697 103.846
v 39.898 5.499 102.792
v 38.635 -4.571 127.859
v 27.867 1.348 138.0
v 37.544 10.757 121.154
v 37.751 10.33 122.504
v 38.084 -2.984 128.31
v 36.248 8.367 126.819
v 35.754 6.365 127.932
v -12.539 -15.053 109.345
v -12.391 5.378 119.004
v -12.575 9.429 110.703
v -8.604 11.803 121.924
v -8.347 13.197 121.323
v -9.065 13.597 119.732
v -12.445 10.385 111.814
v -11.516 12.516 112.646
v -10.03 14.526 115.802
v -9.637 14.688 114.632
v -10.657 13.726 113.155
v -15.398 -2.07 117.353
v -11.298 9.826 104.074
v 25.676 -13.106 135.912
v 25.225 -3.876 139.143
v 21.743 -7.696 139.481
v 18.957 -10.37 139.622
v 17.624 -15.362 137.786
v -14.472 1.916 118.831
v 33.421 13.326 95.44
v 27.255 4.837 136.833
v 27.12 1.156 137.577
v 40.509 9.21 117.547
v -9.314 10.337 121.428
v -10.105 14.0 117.582
v 18.524 17.537 132.638
v 17.778 18.396 132.157
v 16.758 20.208 130.953
v 24.441 -4.839 139.034
v 23.403 -6.129 139.082
v 20.919 -8.462 139.763
v 19.394 -9.086 139.458
v 40.427 8.749 116.483
v 39.957 9.03 114.626
v 39.289 9.936 118.452
v 38.232 10.376 119.202
v 37.682 -1.817 129.041
v 19.018 15.835 132.983
v 15.884 20.768 129.378
v 16.911 18.807 131.316
v 19.992 24.229 122.323
v 35.882 4.099 131.033
v 15.555 21.496 128.407
v 17.022 23.459 125.241
v 15.958 21.689 126.94
v 18.254 23.114 123.827
v 36.435 4.156 130.136
v 19.227 23.24 122.484
v 20.141 15.329 133.818
v 36.759 0.685 129.11
v 23.411 9.941 136.0
v 24.199 9.465 136.418
v 24.651 8.621 136.566
v 25.312 7.805 136.626
v 22.04 11.917 135.237
v 20.853 12.855 134.277
v 19.871 14.665 133.488
v 31.652 15.789 97.383
v 30.008 18.154 98.554
v -14.841 -9.813 114.527
v -15.137 -4.276 116.45
v -14.5 -7.465 114.967
v -15.196 -10.285 114.568
v -12.02 -2.375 96.747
v -11.336 -0.647 96.35
v 22.011 -24.351 128.572
v 23.843 -26.448 125.561
v 19.188 -16.8 136.932
v -8.551 -20.224 114.489
v -8.828 -21.119 115.205
v -7.051 -23.049 117.829
v -5.21 -23.364 118.797
v -5.57 -23.778 121.351
v -5.034 -23.61 122.304
v 21.57 -30.167 117.355
v 21.877 -30.69 115.888
v 22.582 -30.956 115.467
v -13.7 -12.886 106.282
v 23.321 -30.542 113.786
v 35.087 -21.905 113.264
v 26.331 -29.566 114.686
v 26.755 -28.947 114.593
v 33.512 -23.664 113.032
v 32.772 -25.102 113.162
v 28.484 -27.95 114.516
v 39.666 -15.078 115.245
v 37.214 -19.328 113.59
v 38.264 -18.404 114.011
v 38.854 -16.745 114.063
v 39.567 -16.174 114.788
v 18.324 -21.03 133.281
v 17.93 -21.241 132.345
v 22.663 -25.512 129.342
v 19.281 -23.182 129.954
v -11.124 -9.418 98.499
v -11.888 -11.626 101.066
v -10.255 -12.061 97.935
v -10.849 -12.117 100.103
v -11.719 -16.606 111.088
v -9.475 4.168 99.55
v 39.91 -7.502 124.733
v 26.864 -8.055 136.873
v 28.589 -9.294 135.766
v 18.961 -17.442 136.301
v -9.412 -19.221 119.264
v -8.918 -18.386 120.026
v -8.234 -17.698 121.626
v -5.992 -20.882 122.842
v 39.619 -9.215 121.188
v 35.162 9.822 96.543
v 36.054 8.365 97.091
v 35.259 9.212 96.856
v 39.5 5.194 101.109
v 36.187 5.813 129.451
v -13.049 -11.662 103.902
v 27.617 5.909 136.683
v 18.337 -18.989 134.94
v -12.163 9.007 109.49
v -11.523 8.196 120.495
v -12.707 -11.552 103.299
v -14.124 -0.549 118.717
v -14.8 -0.113 119.087
v -10.861 2.636 96.706
v -11.186 3.399 97.809
v -11.809 6.924 102.332
v 39.576 -7.97 121.759
v 40.001 -7.395 123.437
v 18.034 -12.139 139.204
v -7.8 -18.103 122.804
v -6.676 -19.814 122.876
v 39.182 -5.334 126.565
v 32.424 10.817 95.785
v 31.779 11.839 95.688
v 38.877 5.013 100.021
v 39.71 5.635 108.078
v 40.47 5.739 103.154
v 37.472 10.823 120.415
v -13.121 2.885 118.667
v -9.687 13.767 118.659
v -12.071 11.275 112.381
v -8.437 14.67 113.939
v -9.429 13.696 112.635
v -11.034 10.391 104.982
v 24.572 -1.659 137.55
v 22.341 -6.488 138.782
v 17.899 -11.017 139.236
v 16.643 -14.426 138.126
v 17.117 -13.703 138.72
v 32.172 14.0 96.568
v 36.905 5.035 98.791
v 26.306 4.214 136.41
v 26.378 0.344 137.351
v 36.728 8.887 126.097
v 20.615 23.961 121.471
v 23.953 -5.564 139.016
v 40.262 8.356 112.147
v 36.925 9.997 119.725
v 37.245 -1.541 128.12
v 26.313 6.968 136.56
v 15.561 21.39 127.811
v 17.106 22.385 125.343
v 16.611 21.874 125.994
v 17.677 22.942 124.653
v 36.189 4.05 128.948
v 36.287 0.417 128.348
v 22.184 10.597 135.054
v 19.888 13.819 133.445
v 20.08 14.274 133.537
v 30.677 16.149 98.099
v 29.837 17.133 98.662
v -13.989 -8.767 114.497
v -14.368 -5.503 115.811
v -12.498 -11.805 114.599
v -12.903 -14.865 115.304
v -12.968 -13.354 114.957
v -11.109 -4.711 98.053
v -10.283 -6.263 99.032
v -11.068 -3.729 97.731
v -11.074 -2.608 97.49
v -11.267 -1.536 96.989
v -9.273 2.238 96.764
v -9.455 0.287 96.885
v -10.468 -0.607 96.964
v 22.29 -25.1 129.323
v 22.072 -23.81 126.817
v 23.028 -25.267 125.203
v 23.633 -26.429 124.89
v 23.102 -26.472 123.997
v 22.612 -27.231 122.971
v 21.535 -28.356 120.465
v 40.282 -14.402 116.706
v 40.035 -13.569 117.033
v 39.913 -11.71 119.695
v 39.814 -12.273 118.336
v 39.784 -10.585 120.578
v 17.918 -16.474 136.62
v -10.005 -17.966 112.651
v -7.914 -19.125 113.91
v -7.761 -21.692 115.755
v -7.072 -22.974 117.569
v -6.394 -22.999 117.643
v -4.284 -23.47 120.074
v -4.43 -23.789 121.436
v -4.989 -22.985 122.829
v -4.897 -22.057 123.039
v 22.028 -29.139 120.566
v 21.077 -28.971 118.744
v -12.651 -12.942 106.229
v 35.81 -20.365 113.226
v 22.916 -30.231 113.36
v 24.014 -29.094 113.188
v 34.109 -23.387 113.122
v 27.653 -27.867 114.391
v 32.038 -23.772 112.913
v 28.656 -26.093 113.793
v 30.115 -25.868 113.55
v 40.013 -14.314 116.157
v 38.442 -17.63 113.886
v 17.607 -20.039 133.047
v 17.15 -21.314 130.803
v 18.013 -22.362 130.166
v -11.284 10.065 106.328
v -9.941 -8.382 99.369
v -11.157 -10.48 98.042
v -12.057 -11.507 102.13
v -10.235 -11.494 97.856
v -9.279 -12.536 99.195
v -10.816 -17.142 116.998
v -11.533 -17.121 111.581
v -11.026 -17.221 111.787
v -10.355 4.974 101.265
v -9.586 3.234 98.289
v 40.026 -7.324 124.078
v 39.669 -6.94 125.396
v 25.204 -8.338 136.689
v 28.24 -8.411 136.201
v 25.437 -10.875 136.593
v 28.431 -9.827 134.328
v 18.048 -17.574 135.713
v -13.541 1.051 118.787
v -8.575 -18.529 121.089
v 37.205 5.97 98.02
v 35.427 7.819 124.652
v -11.654 -15.55 110.139
v -12.235 -15.416 109.885
v -11.5 -13.56 107.096
v -11.5 -14.747 109.211
v 20.29 -23.245 129.394
v 17.759 -19.297 134.074
v -11.145 8.908 108.872
v -11.696 6.549 119.591
v -10.351 8.095 121.035
v -11.987 -11.711 103.165
v -14.847 -2.811 117.229
v -13.953 -1.75 118.157
v -10.335 2.598 96.956
v -10.549 3.101 97.718
v -11.018 6.282 102.959
v -10.1 10.062 104.827
v 39.536 -6.356 122.592
v 24.058 -3.357 138.243
v 24.93 -12.301 136.008
v 17.127 -12.804 138.829
v -7.156 -18.641 123.037
v 39.597 -5.975 125.394
v 35.637 6.887 97.64
v 32.592 9.62 96.463
v 31.845 13.127 96.269
v 31.517 14.354 97.094
v 37.844 4.8 99.631
v 39.376 6.285 109.108
v 39.847 5.137 107.552
v 39.222 5.159 107.068
v 39.816 5.465 104.519
v 38.477 5.021 102.27
v 38.997 -4.473 126.769
v 26.661 2.542 136.704
v 36.813 9.989 121.747
v 38.694 -3.709 126.843
v 36.93 9.636 122.699
v 35.144 7.21 126.694
v -11.475 4.086 118.658
v -11.346 9.723 111.279
v -11.319 9.023 110.023
v -7.463 10.708 122.174
v -6.805 12.929 123.194
v -8.04 13.759 120.257
v -8.603 14.179 118.477
v -10.774 10.888 112.0
v -8.656 14.721 115.498
v -8.925 14.426 113.104
v -9.448 14.32 113.144
v -10.472 10.474 104.73
v 26.896 -12.603 135.032
v 25.671 -0.435 137.328
v 20.879 -7.558 138.325
v 17.146 -9.581 138.893
v 16.28 -15.242 137.165
v 26.326 6.056 136.607
v 26.327 5.344 136.561
v 26.135 1.459 136.508
v 39.751 9.06 117.4
v 36.005 8.482 125.815
v -8.846 9.169 121.52
v -8.61 14.562 117.015
v 17.938 16.779 132.111
v 17.31 17.512 131.67
v 15.483 18.667 129.179
v 23.18 -4.943 138.389
v 39.206 9.175 116.572
v 38.893 8.902 112.542
v 38.072 9.751 118.518
v 15.512 20.405 128.474
v 20.1 23.516 121.67
v 16.607 22.351 125.894
v 16.531 20.733 126.307
v 15.739 20.441 127.572
v 18.647 22.27 123.177
v 18.021 22.046 124.196
v 35.779 1.774 128.23
v 22.635 8.804 135.19
v 23.781 8.411 136.064
v 24.665 7.799 136.518
v 25.361 6.974 136.534
v 21.34 11.63 134.455
v 19.575 12.808 133.194
v 30.762 15.038 97.756
v -13.82 -9.638 114.362
v -14.021 -4.204 116.516
v -12.73 -5.872 115.264
v -12.296 -10.552 114.363
v -11.42 -14.524 115.651
v -11.037 -4.345 97.936
v -10.337 -4.385 98.301
v -10.297 -5.223 98.719
v -7.994 2.217 96.952
v -8.279 1.248 96.971
v 21.163 -23.182 128.243
v 21.982 -26.874 122.333
v 21.413 -27.039 121.5
v 17.004 -15.852 136.942
v -10.503 -17.657 112.271
v -8.766 -17.697 112.772
v -8.518 -18.525 113.461
v -6.622 -20.163 114.466
v -7.746 -20.951 114.996
v -5.659 -21.968 115.931
v -5.057 -23.005 117.423
v -4.027 -23.226 119.15
v -3.602 -22.836 123.262
v 40.131 7.717 110.387
v 20.963 -29.577 117.502
v 21.309 -30.278 116.49
v 21.599 -30.725 114.564
v -12.216 -11.997 104.204
v 22.609 -30.676 113.714
v 25.366 -28.181 113.627
v 33.937 -22.324 113.004
v 34.918 -20.829 113.122
v 26.572 -27.569 113.981
v 32.851 -22.267 112.76
v 30.597 -23.897 112.984
v 30.052 -24.974 113.297
v 39.001 -15.634 114.202
v 39.234 -13.356 115.479
v 36.199 -19.138 112.97
v 37.478 -18.164 113.318
v 37.939 -17.858 113.538
v 37.633 -17.245 113.115
v 17.026 -20.335 131.763
v 18.43 -22.546 129.778
v -9.994 10.04 107.034
v -10.091 -10.625 98.473
v -11.273 -11.736 102.02
v -9.405 -11.66 98.322
v -10.786 -11.955 101.376
v -8.921 -12.16 98.64
v -9.5 -12.492 100.128
v -10.197 -15.819 117.071
v -8.225 4.252 101.07
v -8.317 3.363 98.464
v 39.853 -6.646 124.636
v 24.584 -9.434 136.741
v 25.941 -7.502 136.441
v 27.707 -7.662 135.768
v 28.414 -8.444 134.916
v 27.934 -10.976 134.282
v -9.895 -17.019 117.76
v -7.434 -16.687 122.725
v -4.615 -21.095 123.145
v -5.961 -20.251 122.853
v 39.045 -9.217 119.939
v 38.916 -7.996 120.442
v 34.471 8.816 97.032
v 34.96 7.925 97.389
v 36.235 5.873 97.991
v 35.651 8.702 122.195
v -10.678 -16.239 111.018
v -11.295 -14.178 108.338
v 19.796 -22.508 128.587
v 21.017 -23.596 129.233
v 17.027 -17.87 134.665
v -10.129 9.342 108.133
v -10.323 6.725 120.432
v -11.396 7.499 120.144
v -8.81 7.988 122.239
v -13.912 -2.929 117.3
v -12.929 -1.659 117.804
v -10.624 8.992 104.598
v -11.001 7.897 104.161
v 38.885 -6.814 120.887
v 39.878 -6.499 123.911
v 24.922 -12.308 135.135
v 24.909 -11.688 135.895
v 16.707 -11.591 138.685
v -6.732 -17.353 123.294
v -5.815 -18.57 123.174
v 39.498 -5.191 125.535
v 33.487 8.723 97.029
v 30.945 9.978 96.118
v 31.136 10.945 95.719
v 30.645 12.36 96.266
v 37.997 4.754 100.822
v 38.901 7.256 110.406
v 38.73 5.979 109.119
v 39.391 5.283 105.437
v 39.716 5.499 103.745
v 38.823 5.274 103.995
v 39.31 -4.334 125.582
v 37.869 -2.621 126.823
v 34.487 5.434 126.101
v 35.34 8.013 126.222
v 35.082 3.218 127.273
v -11.564 2.639 118.76
v -11.192 4.904 118.673
v -7.933 9.687 121.63
v -7.108 11.711 122.893
v -6.842 13.711 122.116
v -7.032 14.095 120.767
v -8.219 13.812 119.861
v -7.526 14.214 119.636
v -9.115 11.754 111.188
v -7.41 14.759 115.154
v -8.135 14.55 112.973
v -9.753 10.764 105.293
v 24.574 -0.3 136.444
v 23.299 -2.494 137.463
v 21.546 -5.136 137.556
v 16.642 -10.524 138.713
v 16.255 -13.631 138.294
v 15.316 -13.937 137.34
v 16.569 -13.234 138.585
v -12.717 1.906 118.663
v 31.732 13.743 96.777
v 36.972 4.583 99.6
v 25.423 5.853 136.213
v 25.385 2.95 135.605
v 25.724 0.389 136.71
v 17.139 16.286 131.697
v 16.288 17.464 130.739
v 18.764 -8.288 138.414
v 17.303 -8.416 138.488
v 38.878 9.771 115.098
v 39.252 9.649 113.801
v 38.855 9.327 117.727
v 37.516 9.71 118.598
v 36.281 -1.083 126.853
v 18.632 13.929 132.799
v 17.467 21.377 124.956
v 18.975 22.089 122.494
v 35.331 1.539 127.719
v 21.044 9.385 133.886
v 20.29 11.96 133.531
v 20.921 10.747 133.771
v 20.204 12.545 133.596
v 29.437 15.397 98.661
v 28.81 17.538 99.255
v -13.017 -8.903 114.288
v -12.402 -7.6 114.539
v -12.926 -4.064 116.267
v -12.746 -9.683 114.265
v -11.071 -12.645 114.927
v -10.929 -10.965 114.522
v -9.327 -5.157 99.05
v -9.318 -6.529 99.654
v -10.005 -2.768 97.934
v -10.445 -1.772 97.577
v -9.335 2.67 97.503
v -8.03 2.786 97.544
v -8.374 -0.381 97.544
v -9.476 -0.988 97.499
v 21.225 -23.436 128.851
v 20.86 -22.66 127.369
v 21.841 -23.504 125.189
v 22.18 -25.712 123.168
v 20.572 -26.776 120.62
v 39.385 -12.161 116.88
v 39.216 -10.544 118.991
v 16.734 -16.448 136.032
v -9.843 -17.03 111.915
v -7.642 -18.3 113.452
v -6.983 -18.907 113.861
v -6.924 -21.266 115.243
v -4.139 -23.094 118.28
v -3.349 -23.011 119.796
v -3.137 -23.111 120.944
v -4.027 -23.933 122.421
v -3.972 -23.745 122.849
v 21.067 -28.238 119.639
v 20.6 -29.293 117.518
v 20.534 -29.935 116.385
v 20.773 -30.488 115.109
v 21.833 -30.503 113.64
v -11.725 -12.721 105.495
v 22.904 -29.559 112.826
v 24.803 -27.435 113.222
v 34.313 -21.09 112.998
v 34.586 -20.023 112.799
v 31.769 -21.155 112.487
v 30.165 -21.732 112.676
v 38.591 -14.33 114.142
v 35.368 -18.963 112.563
v 36.424 -18.03 112.557
v 37.802 -15.734 113.087
v 16.89 -18.715 133.506
v 16.072 -20.068 130.861
v 16.685 -21.253 129.106
v 18.43 -22.248 129.275
v -9.82 10.634 105.972
v -9.244 -10.123 99.455
v -11.284 -11.846 102.838
v -9.676 -12.415 101.102
v -8.182 -12.448 99.256
v -8.59 -12.788 100.459
v -9.06 4.338 102.625
v -6.846 4.249 100.183
v -8.366 3.749 98.985
v -8.737 2.87 97.93
v 24.049 -8.936 135.705
v 25.381 -7.761 135.093
v 26.726 -7.287 136.299
v 23.99 -10.135 135.776
v 28.381 -10.439 133.724
v 17.507 -16.787 136.035
v -12.249 -0.146 118.493
v -9.233 -17.291 118.763
v -8.494 -16.276 119.792
v -7.453 -17.381 123.074
v -7.798 -16.692 122.084
v -3.962 -21.476 123.363
v -5.234 -20.066 123.06
v 35.254 7.999 125.645
v 34.163 6.743 122.893
v -10.566 -15.285 110.06
v -10.515 -14.075 108.136
v -10.563 -14.577 109.093
v 20.67 -23.073 128.952
v -10.293 9.039 109.177
v -10.308 5.236 119.298
v -10.961 -12.385 104.137
v -9.872 9.467 105.466
v -10.914 6.988 104.735
v 38.712 -5.497 121.042
v 39.657 -5.381 124.386
v 25.295 -13.139 134.756
v 15.909 -12.586 138.123
v 34.307 6.601 97.816
v 31.74 7.893 97.378
v 29.753 10.861 95.846
v 30.988 13.068 96.646
v 37.973 5.529 108.284
v 38.263 5.295 105.695
v 37.461 5.003 103.301
v 37.239 4.671 102.049
v 38.795 -3.197 125.369
v 37.075 -1.947 127.068
v 34.825 7.245 125.844
v -9.8 3.853 119.49
v -10.637 4.589 118.762
v -10.43 10.072 111.502
v -10.108 9.577 110.433
v -7.065 9.714 122.288
v -6.743 11.138 123.097
v -6.616 11.449 124.343
v -6.033 13.982 122.636
v -7.059 13.852 121.507
v -6.718 14.94 118.16
v -8.18 13.272 111.441
v -7.556 14.806 116.526
v -7.264 14.676 114.003
v -7.038 14.534 112.629
v -8.086 14.142 112.257
v -9.726 11.09 111.767
v 23.7 -1.184 136.674
v 22.832 -1.829 136.83
v 21.797 -3.051 137.15
v 15.808 -9.739 138.197
v 15.118 -15.389 136.176
v -11.978 1.308 118.751
v 31.278 13.523 96.852
v 37.087 4.505 100.186
v 36.03 4.288 100.228
v 35.485 5.064 98.361
v 24.835 4.695 135.439
v 25.217 0.993 135.92
v -7.657 8.931 122.174
v 17.551 15.212 132.201
v 15.441 19.475 128.251
v 19.542 21.954 121.463
v 19.184 -8.354 137.668
v 15.707 -8.225 138.165
v 38.155 9.651 116.234
v 39.434 9.73 114.488
v 38.387 9.957 113.243
v 37.533 8.355 111.558
v 37.566 9.583 117.563
v 35.283 0.49 127.064
v 15.465 17.185 129.891
v 18.117 14.802 132.478
v 17.366 20.373 125.129
v 16.038 19.687 127.022
v 18.401 21.152 123.347
v 21.415 7.732 134.148
v 23.195 8.177 135.541
v 24.428 7.095 136.076
v 18.473 12.617 132.698
v 30.238 13.493 97.213
v 29.116 16.832 99.175
v -11.098 -6.199 114.905
v -10.728 -4.463 115.558
v -11.325 -11.842 114.553
v -10.854 -9.425 114.372
v -9.798 -14.538 116.377
v -8.795 -7.778 100.431
v -10.469 -2.392 97.808
v -6.228 3.327 97.712
v -6.764 2.226 97.568
v -7.45 0.937 97.616
v -9.088 -0.154 97.297
v 21.039 -22.574 126.057
v 22.201 -24.593 124.116
v 22.747 -25.506 124.02
v 22.747 -25.837 123.695
v 21.304 -25.858 122.112
v 20.669 -25.96 121.39
v 20.37 -27.6 119.52
v 39.089 -11.06 117.691
v -8.513 -16.623 111.866
v -7.465 -18.737 113.808
v -6.205 -19.069 113.843
v -4.792 -22.756 116.785
v -4.146 -22.873 117.397
v -3.154 -22.732 119.016
v -3.458 -23.644 122.038
v -3.331 -23.516 122.771
v -3.343 -21.693 123.63
v 19.764 -28.75 117.482
v 20.54 -30.479 114.188
v 21.719 -29.56 112.808
v 22.871 -28.947 112.62
v 23.565 -28.116 112.739
v 25.738 -27.201 113.598
v 33.255 -20.455 112.559
v 26.076 -25.434 113.489
v 29.385 -23.602 113.133
v 38.766 -13.601 114.594
v 36.438 -16.599 111.94
v 16.052 -18.905 132.305
v 15.93 -20.64 129.777
v 17.593 -21.735 129.046
v -8.923 10.178 107.865
v -8.563 10.924 107.039
v -9.059 -9.203 100.101
v -8.566 -11.503 99.29
v -10.142 -12.329 102.666
v -7.84 -12.824 99.739
v -8.072 -12.925 99.914
v -9.271 -16.332 118.323
v -10.534 5.084 104.429
v -6.331 4.28 101.217
v -7.275 3.944 98.989
v 39.801 -6.056 124.575
v 26.125 -7.187 135.988
v 26.796 -7.262 135.367
v 27.678 -7.671 134.612
v 24.328 -10.935 135.752
v 27.362 -8.483 133.489
v 27.306 -10.465 133.167
v -7.744 -15.828 121.576
v -3.496 -20.55 123.58
v 38.508 -9.115 118.693
v 38.503 -8.119 119.538
v 38.34 -7.211 119.664
v 34.139 7.918 97.42
v 35.191 5.753 97.992
v 34.152 6.097 124.633
v 34.528 7.738 122.201
v -9.488 -15.812 110.799
v -10.165 -13.319 106.061
v -10.262 -13.766 107.322
v 18.208 -21.569 128.208
v 15.61 -16.58 135.084
v -9.307 9.664 109.016
v -9.452 5.724 120.05
v -8.526 6.097 122.575
v -12.925 -2.836 117.001
v -12.348 -1.006 118.016
v -8.673 10.909 105.777
v -8.939 10.301 105.757
v -10.565 8.391 105.203
v 38.07 -5.886 119.748
v 39.02 -4.648 121.972
v 39.49 -4.894 123.21
v 25.699 -14.095 134.856
v 26.159 -12.375 133.956
v 24.42 -11.052 134.384
v 15.769 -10.6 138.129
v 15.659 -11.367 138.006
v -5.053 -17.545 123.48
v -4.256 -19.152 123.387
v 33.404 7.582 97.53
v 29.87 9.04 96.523
v 29.474 12.033 96.472
v 37.953 6.307 109.6
v 38.388 5.084 107.635
v 37.858 5.302 107.036
v 37.646 5.305 104.473
v 36.838 4.462 100.973
v 25.517 1.817 135.76
v 37.736 -2.352 125.452
v 36.966 -1.997 126.206
v 34.491 3.972 126.324
v 34.508 6.623 125.35
v -9.86 1.907 119.351
v -9.725 10.566 111.383
v -6.693 10.358 123.234
v -6.31 12.618 124.896
v -5.564 13.852 123.809
v -6.217 14.253 121.685
v -6.564 14.523 120.186
v -6.156 14.943 119.625
v -7.81 12.542 110.242
v -6.339 14.96 116.349
v -5.971 14.723 114.177
v -8.818 11.029 106.051
v 22.877 -0.714 135.929
v 15.68 -8.996 138.18
v 14.039 -14.356 136.264
v 34.844 4.357 99.124
v 24.187 6.015 135.436
v 24.283 3.892 134.829
v 16.064 14.805 131.851
v 15.878 16.202 130.847
v 15.362 18.957 128.438
v 19.893 -3.542 136.508
v 20.343 -8.456 136.815
v 17.346 -7.214 136.717
v 16.055 -7.499 137.889
v 37.256 9.89 114.912
v 38.982 10.052 114.132
v 37.842 9.366 112.35
v 37.319 7.141 110.507
v 36.395 9.699 118.151
v 35.386 -0.285 126.119
v 14.782 17.132 128.832
v 17.274 14.17 132.365
v 15.608 19.583 127.712
v 18.023 21.457 124.165
v 16.699 19.826 126.109
v 34.836 1.67 126.917
v 20.825 10.14 133.512
v 19.943 7.658 133.509
v 23.03 7.233 135.098
v 19.934 11.196 133.067
v 17.265 12.542 132.663
v 19.188 11.918 132.827
v 28.651 13.386 98.099
v -11.994 -8.716 114.244
v -10.612 -6.933 114.68
v -11.372 -2.599 116.418
v -10.176 -13.625 115.389
v -10.675 -11.708 114.679
v -9.66 -10.077 114.761
v -9.142 -14.922 117.652
v -8.995 -3.888 98.455
v -8.122 -6.021 100.027
v -7.015 3.489 98.144
v -7.222 -0.436 98.318
v 19.697 -21.864 127.154
v 21.349 -22.776 125.32
v 21.416 -23.634 124.033
v 19.724 -25.614 120.816
v 19.607 -26.471 119.901
v 38.763 -11.603 115.992
v 38.899 -11.117 116.866
v 38.637 -10.024 117.957
v -8.279 -17.112 112.439
v -7.625 -17.255 112.619
v -6.465 -18.19 113.337
v -5.113 -18.984 113.531
v -4.882 -20.565 114.48
v -4.298 -22.42 116.58
v -3.163 -22.548 118.169
v -2.2 -22.214 119.994
v -2.43 -22.733 122.14
v -2.596 -22.681 123.098
v -2.683 -21.83 123.85
v 19.944 -27.999 118.557
v 19.578 -30.161 115.213
v 20.527 -30.076 113.365
v 23.881 -26.872 112.898
v 34.015 -18.76 112.094
v 27.926 -23.621 113.369
v 30.665 -19.705 112.153
v 32.04 -19.336 112.065
v 28.659 -21.944 113.05
v 37.246 -14.116 113.023
v 38.069 -13.063 114.201
v 35.175 -17.794 111.805
v 36.459 -15.376 111.945
v 15.844 -17.613 133.813
v 15.339 -19.155 131.16
v 14.672 -19.419 130.059
v 15.162 -20.361 128.451
v 17.251 -21.346 128.575
v -8.617 -10.346 100.071
v -8.485 -12.902 102.213
v -7.307 -12.335 100.308
v -7.305 -12.98 100.919
v -9.029 -15.591 118.36
v -9.582 3.867 103.67
v -6.771 4.222 102.107
v -5.857 4.36 100.774
v -5.423 4.68 99.509
v 23.704 -9.67 134.734
v 24.12 -8.764 134.396
v -10.992 0.829 118.856
v -7.999 -14.904 120.323
v -6.338 -15.735 123.631
v -6.846 -14.85 122.743
v 38.543 -7.706 119.902
v 33.775 5.49 123.936
v 34.182 7.66 121.516
v -9.766 -14.948 109.699
v -9.741 -14.111 108.113
v -9.94 -14.433 108.851
v -9.122 5.046 120.086
v -8.898 5.745 120.893
v -9.054 6.212 121.252
v -8.201 7.281 124.323
v -11.069 -1.169 117.543
v -9.058 9.523 106.319
v -9.95 8.512 106.204
v -10.616 7.547 105.848
v -10.868 6.371 105.775
v 38.018 -4.631 120.19
v 38.536 -4.594 121.002
v 39.478 -4.167 124.087
v 25.429 -13.476 134.29
v 14.968 -11.481 137.369
v -5.458 -18.053 123.246
v -5.648 -16.338 123.755
v -5.053 -18.251 123.28
v 33.146 6.764 97.819
v 30.152 7.938 97.355
v 29.575 9.989 95.887
v 28.622 11.169 96.268
v 36.881 6.38 109.521
v 37.501 5.492 106.119
v 36.428 5.239 104.359
v 36.071 4.527 103.177
v 36.317 4.387 102.104
v 39.316 -3.633 124.674
v 24.82 1.887 135.268
v 38.538 -2.617 124.461
v 34.368 3.276 125.207
v -8.062 2.534 121.213
v -6.916 9.275 123.261
v -6.271 12.073 126.332
v -6.11 13.203 124.461
v -4.918 14.762 122.161
v -5.763 14.819 120.731
v -5.727 15.348 119.121
v -7.055 13.614 110.656
v -8.01 11.624 109.391
v -9.13 10.336 110.244
v 23.834 0.857 135.211
v 21.08 -1.624 136.093
v 14.803 -8.869 137.505
v 14.951 -9.758 137.476
v 14.742 -12.457 137.122
v 13.965 -13.184 136.429
v 13.778 -15.245 135.36
v 36.69 4.399 100.386
v 34.667 3.87 100.118
v 34.465 5.066 98.372
v 22.935 4.914 134.274
v 23.604 2.904 134.382
v -7.5 8.531 123.212
v 15.464 18.7 127.612
v 19.855 -2.366 136.279
v 20.537 -4.673 136.365
v 21.307 -6.994 136.846
v 18.875 -8.813 136.495
v 14.83 -6.656 137.596
v 15.098 -8.444 137.838
v 37.512 9.769 116.402
v 38.312 10.223 114.14
v 37.388 9.824 113.06
v 37.092 9.175 112.225
v 36.051 7.813 111.519
v 35.443 9.551 118.646
v 35.757 9.522 116.651
v 36.468 -1.609 126.147
v 36.46 -1.262 125.379
v 34.872 0.793 126.013
v 14.768 17.643 128.464
v 14.968 16.107 129.785
v 17.794 19.785 124.418
v 17.133 19.543 125.488
v 16.397 18.866 126.266
v 18.922 21.241 122.2
v 34.67 2.135 126.092
v 20.122 10.254 133.146
v 19.629 9.057 133.157
v 20.438 6.767 133.634
v 21.449 6.416 133.943
v 18.28 11.858 132.618
v 29.21 12.655 97.115
v -10.832 -8.054 114.41
v -10.378 -6.377 114.843
v -9.163 -6.08 115.462
v -10.735 -3.403 115.751
v -9.696 -12.579 115.269
v -9.381 -11.199 115.365
v -9.067 -9.11 114.975
v -9.072 -14.455 117.187
v -9.385 -13.745 115.918
v -8.243 -4.729 99.015
v -7.849 -7.82 101.184
v -8.354 -9.152 100.835
v -8.654 -2.41 98.017
v -5.581 4.295 98.443
v -5.009 3.451 98.15
v -6.647 1.334 98.388
v -7.541 -2.553 98.342
v 19.691 -21.605 125.879
v 20.614 -22.526 124.654
v 21.377 -24.485 123.124
v 21.31 -25.14 122.546
v 20.437 -24.812 122.003
v 18.342 -26.9 118.413
v 38.629 -12.386 115.113
v 38.609 -10.355 117.248
v -8.328 -15.603 110.685
v -4.394 -21.196 114.976
v -4.343 -21.809 115.748
v -3.321 -22.302 117.326
v -2.033 -21.911 118.999
v -1.939 -22.165 121.062
v -2.02 -21.659 123.75
v -2.043 -20.585 124.174
v 19.37 -29.59 116.158
v 19.778 -29.985 115.816
v 19.225 -30.128 114.112
v -9.633 -12.941 104.365
v 20.705 -29.675 112.957
v 21.962 -28.55 112.37
v 22.63 -28.168 112.399
v 22.802 -27.279 112.483
v 24.758 -26.295 113.2
v 26.876 -23.193 113.45
v 29.498 -19.878 112.386
v 32.978 -19.096 112.105
v 28.871 -20.583 112.735
v 38.061 -13.865 113.728
v 35.847 -17.256 111.727
v 35.45 -15.862 111.116
v 14.911 -17.399 133.182
v 14.292 -17.89 131.838
v 16.158 -20.795 128.286
v 16.965 -20.901 127.963
v -8.533 10.685 109.182
v -8.114 11.055 108.218
v -7.615 11.358 106.903
v -9.181 -12.853 103.341
v -7.79 -10.873 100.625
v -9.603 3.58 104.94
v -8.438 3.375 103.716
v -6.587 3.921 103.366
v -5.112 4.686 101.317
v -5.203 4.72 100.47
v 25.181 -8.378 133.396
v 26.756 -7.556 134.227
v 26.032 -9.136 132.806
v 26.831 -11.406 133.005
v 27.098 -11.704 135.296
v -9.398 0.352 119.111
v -7.513 -14.226 121.248
v -8.457 -14.872 119.041
v -2.956 -19.578 123.804
v 38.087 -9.251 117.2
v 38.033 -7.897 118.474
v 33.89 4.893 124.715
v 33.819 4.605 123.435
v 33.838 6.8 121.97
v 34.944 9.007 120.144
v -8.992 -15.1 109.933
v -9.618 -13.821 107.297
v 18.169 -20.986 126.937
v 14.689 -15.882 135.341
v 14.56 -16.378 134.466
v -8.273 6.296 124.599
v -7.79 8.175 124.058
v -7.936 10.828 106.336
v -8.303 10.196 106.415
v -10.945 5.472 105.848
v 37.631 -6.444 118.577
v 37.231 -5.01 118.849
v 38.261 -3.596 121.023
v 39.282 -4.039 122.987
v 25.683 -13.967 134.183
v 25.142 -11.646 133.63
v 14.947 -10.561 137.403
v -4.205 -16.158 123.942
v -4.176 -18.177 123.485
v 32.59 6.337 98.01
v 30.87 7.844 97.552
v 28.802 8.382 96.816
v 28.441 9.44 96.149
v 29.195 10.17 95.739
v 28.257 10.386 96.09
v 28.415 11.988 97.044
v 36.006 5.933 108.194
v 36.55 5.684 106.196
v 37.163 5.55 105.317
v 36.097 4.278 101.391
v 38.943 -3.05 123.519
v 37.815 -1.946 124.292
v 37.058 -2.025 125.651
v 34.576 2.904 126.286
v -8.703 2.058 119.982
v -8.351 4.583 121.417
v -6.864 9.804 124.566
v -6.878 10.375 126.005
v -5.661 13.133 125.645
v -4.705 14.42 123.522
v -4.936 15.566 119.774
v -5.267 15.596 118.678
v -7.427 12.073 108.62
v -4.929 15.511 117.235
v -5.452 15.033 115.88
v -5.534 14.78 112.358
v -5.654 14.541 110.85
v 22.581 0.162 135.004
v 20.772 -2.344 136.608
v 13.161 -13.79 135.768
v 13.293 -14.45 135.715
v 34.616 3.699 101.054
v 33.279 3.318 100.401
v 34.347 4.523 98.685
v 15.022 14.89 131.039
v 16.028 13.481 132.425
v 14.324 17.019 127.311
v 18.983 20.788 122.083
v 18.714 -2.715 136.106
v 18.597 -4.524 135.806
v 21.365 -6.067 137.105
v 21.475 -6.918 137.573
v 21.24 -7.207 134.992
v 19.795 -9.223 136.104
v 17.847 -8.251 135.429
v 15.82 -6.506 137.414
v 14.295 -7.626 137.336
v 37.01 9.758 116.453
v 37.816 10.24 113.685
v 36.7 8.678 111.975
v 36.453 7.007 110.385
v 35.279 -0.04 125.44
v 13.861 15.815 128.302
v 18.454 19.873 123.118
v 18.849 7.943 133.289
v 19.509 5.78 133.531
v 19.035 11.074 132.722
v 17.918 11.002 132.743
v -9.44 -7.471 114.91
v -9.114 -4.778 115.703
v -9.683 -3.164 115.869
v -9.292 -13.078 115.608
v -8.638 -9.815 115.452
v -9.65 -8.412 114.664
v -8.521 -14.061 118.255
v -8.929 -13.902 116.913
v -7.916 -3.827 98.525
v -7.2 -4.869 99.334
v -7.384 -6.632 100.895
v -8.421 -8.155 100.993
v -4.987 4.252 97.994
v -4.887 3.954 97.882
v -5.931 2.49 98.31
v -6.444 0.064 99.579
v -6.73 -2.31 99.162
v 20.503 -23.546 123.119
v 19.121 -24.611 121.21
v 18.869 -25.766 120.035
v 38.017 -11.54 114.941
v 38.491 -10.481 116.645
v -7.46 -16.295 111.658
v -6.515 -17.126 112.522
v -5.7 -17.913 113.054
v -3.414 -20.061 114.096
v -4.232 -20.655 114.39
v -4.792 -21.757 115.467
v -3.444 -21.81 116.443
v -2.045 -21.636 118.072
v -0.866 -21.14 119.879
v -1.107 -21.385 120.673
v -0.969 -21.28 121.759
v -1.638 -21.781 122.931
v 18.426 -28.561 116.847
v 18.346 -30.096 114.981
v 19.558 -29.648 113.329
v -8.954 -13.472 105.714
v 20.264 -29.696 113.085
v 20.33 -29.034 112.753
v 21.255 -28.712 112.446
v 22.959 -26.155 112.694
v 24.216 -24.83 113.233
v 34.008 -17.308 111.266
v 25.635 -23.24 113.495
v 27.67 -22.155 113.314
v 29.784 -18.689 111.943
v 31.232 -17.896 111.418
v 32.782 -18.15 111.614
v 27.806 -20.733 113.1
v 35.163 -14.454 111.446
v 38.375 -12.339 114.793
v 35.205 -16.68 111.152
v 14.098 -19.795 128.725
v 16.194 -20.423 127.573
v -8.521 -13.211 104.169
v -6.549 -11.011 101.567
v -6.587 -12.761 101.015
v -7.236 -13.095 102.2
v -10.606 4.63 105.65
v -5.213 4.628 102.935
v -5.222 4.672 102.09
v -4.773 4.993 100.03
v -4.21 5.234 99.076
v 24.497 -9.647 133.438
v 26.149 -7.844 133.508
v 26.19 -8.244 132.882
v 25.664 -10.396 132.762
v 26.352 -11.314 132.842
v -7.999 -13.955 119.844
v -5.173 -15.112 124.132
v -5.901 -14.706 123.863
v -6.826 -13.295 122.054
v -2.473 -20.028 124.017
v -3.222 -18.761 123.742
v 33.37 5.492 98.304
v 33.551 5.85 121.536
v 33.381 8.209 119.687
v -9.266 -14.552 109.015
v -9.078 -13.792 106.989
v -9.05 -14.156 108.076
v -8.132 5.076 124.929
v -8.297 6.599 126.092
v -7.593 8.477 125.651
v -11.188 -1.727 116.735
v -7.996 11.121 106.178
v -8.252 9.482 107.12
v -9.055 8.375 107.168
v -10.153 6.865 106.847
v -10.868 6.056 106.421
v 37.638 -5.746 119.057
v 37.198 -3.315 119.696
v 38.883 -3.579 122.225
v 25.893 -14.737 134.655
v 26.165 -13.957 134.189
v 25.389 -11.345 133.128
v 14.164 -11.394 136.572
v -3.152 -17.684 123.93
v 31.935 6.262 98.09
v 30.784 7.515 97.7
v 29.207 7.172 97.585
v 27.271 10.727 96.932
v 35.261 6.651 109.806
v 36.858 5.637 107.403
v 36.399 5.654 105.218
v 34.831 4.526 104.369
v 35.635 4.165 102.793
v 35.495 4.06 102.265
v 38.399 -2.219 123.624
v -8.626 1.633 119.931
v -7.756 3.87 123.24
v -7.198 8.807 124.272
v -6.471 10.922 127.2
v -6.009 12.647 126.347
v -4.552 14.046 124.764
v -3.612 14.819 123.362
v -4.84 15.273 120.859
v -6.453 13.116 109.317
v -4.589 15.058 115.046
v -5.606 14.646 113.104
v -6.224 13.871 110.109
v 22.693 1.378 134.304
v 21.784 -0.623 135.394
v 14.334 -9.146 137.003
v 14.055 -9.642 136.676
v 13.944 -12.146 136.361
v 13.252 -13.136 135.815
v 12.561 -14.306 134.955
v 35.429 4.029 101.418
v 33.802 4.432 98.899
v 23.027 3.875 133.937
v 15.124 14.393 131.784
v 13.943 13.181 132.132
v 15.63 17.36 125.884
v 19.066 19.718 121.984
v 18.118 -2.068 135.605
v 18.383 -3.286 136.081
v 20.087 -4.524 135.64
v 20.918 -5.47 135.457
v 20.464 -8.776 135.42
v 19.513 -8.852 134.642
v 17.025 -7.271 134.837
v 16.412 -5.117 136.687
v 15.25 -5.648 137.251
v 13.85 -6.515 137.217
v 36.219 9.121 113.03
v 34.499 9.172 119.148
v 34.351 9.211 118.171
v 35.326 0.8 124.556
v 14.251 14.943 129.682
v 15.574 12.287 132.745
v 17.883 18.931 124.116
v 17.22 18.884 125.232
v 18.892 10.041 132.83
v 18.666 9.003 133.01
v 18.986 7.006 133.474
v 20.426 6.145 133.563
v 20.923 5.478 133.592
v 16.442 10.537 133.067
v 28.014 12.491 97.786
v 27.915 14.006 99.154
v -7.747 -4.557 116.669
v -9.023 -4.054 115.835
v -9.474 -2.106 116.143
v -8.623 -12.052 116.238
v -7.854 -9.86 116.736
v -7.956 -8.922 116.029
v -8.476 -8.168 115.395
v -8.685 -12.997 116.582
v -6.907 -5.934 100.455
v -6.627 -7.497 101.576
v -4.21 4.943 98.347
v -4.132 4.209 97.992
v -5.176 3.017 98.923
v -5.991 1.954 99.248
v -6.45 1.251 98.973
v -6.815 -3.911 99.086
v 18.326 -20.788 125.496
v 19.503 -21.507 124.908
v 19.178 -22.548 123.018
v 19.563 -23.769 122.118
v 18.86 -25.188 120.609
v 17.8 -24.866 120.378
v 38.054 -10.171 116.003
v -8.288 -14.701 109.228
v -7.41 -15.439 110.525
v -5.172 -18.015 112.974
v -3.562 -18.674 112.842
v -3.402 -21.072 115.428
v -2.615 -21.62 117.165
v -0.757 -20.95 119.01
v -1.021 -20.949 123.549
v -0.691 -20.155 124.339
v 18.137 -27.803 117.359
v 18.398 -29.633 115.771
v 18.097 -30.059 114.427
v 18.058 -29.349 113.636
v 20.817 -27.57 112.104
v 21.955 -27.997 112.237
v 22.002 -27.478 112.24
v 21.394 -25.981 112.178
v 25.319 -24.577 113.424
v 26.896 -21.925 113.427
v 28.254 -19.082 112.391
v 36.191 -12.572 113.017
v 37.213 -13.287 113.374
v 34.995 -16.132 110.767
v 13.727 -16.377 133.687
v 14.21 -18.527 130.771
v 13.135 -18.959 129.026
v 13.469 -19.593 127.501
v 15.255 -20.13 127.515
v -6.64 12.227 108.238
v -7.456 -9.557 101.517
v -7.533 -13.167 103.374
v -6.543 -12.339 101.079
v -6.183 -12.784 101.699
v -6.407 -12.931 102.089
v -10.046 4.209 106.403
v -8.388 2.975 104.628
v -6.965 3.171 104.734
v -4.903 4.624 103.808
v -4.103 5.349 102.14
v -4.165 5.307 101.24
v -4.314 5.256 100.48
v -4.16 5.382 99.924
v 24.719 -10.612 133.183
v 26.015 -11.732 133.004
v -7.442 -12.983 120.76
v -5.899 -15.179 124.023
v -5.834 -13.54 123.466
v -1.946 -19.062 124.308
v 37.494 -7.649 117.181
v 34.076 3.406 122.286
v 16.985 -20.561 127.341
v -8.001 4.911 123.032
v -10.414 -1.644 116.587
v -7.559 10.285 107.066
v -10.609 5.397 106.582
v 36.149 -3.507 118.483
v 38.376 -2.688 121.902
v 26.193 -14.685 134.555
v 26.973 -14.518 135.196
v 14.231 -10.563 136.685
v -4.172 -17.773 123.557
v -2.706 -16.46 124.176
v -3.494 -15.167 124.236
v 32.406 5.346 98.426
v 31.033 6.527 98.045
v 30.212 7.14 97.797
v 27.655 7.532 97.275
v 28.172 8.548 96.6
v 27.423 9.676 96.291
v 27.564 11.908 97.617
v 34.573 6.019 108.298
v 35.826 5.76 106.964
v 35.463 5.449 105.245
v 34.397 3.624 103.522
v 37.741 -1.438 122.412
v 37.916 -1.704 123.434
v 37.011 -0.862 123.458
v 34.143 3.092 123.384
v -7.787 1.121 120.764
v -7.332 2.284 124.121
v -7.026 9.109 127.289
v -6.044 11.919 127.443
v -5.797 12.725 126.627
v -4.929 13.563 125.826
v -3.733 15.235 122.042
v -3.788 15.662 120.765
v -4.126 16.101 118.656
v -5.026 14.709 113.83
v -5.191 14.686 113.024
v -4.526 15.21 111.373
v -5.763 13.792 109.775
v 21.648 0.255 134.578
v 21.056 -0.778 135.282
v 19.414 -1.343 135.309
v 13.479 -8.374 136.553
v 13.208 -12.382 135.652
v 12.617 -13.124 135.177
v 13.044 -15.437 134.49
v 13.692 -15.814 134.584
v 34.722 3.698 102.125
v 33.634 3.063 102.138
v 32.566 4.251 99.036
v 22.359 3.722 133.706
v 14.034 16.115 124.857
v 17.802 -2.803 135.917
v 17.294 -3.615 136.07
v 19.808 -4.62 134.98
v 21.149 -6.114 133.974
v 20.78 -8.252 133.82
v 17.844 -7.521 134.093
v 16.992 -6.447 134.886
v 14.43 -5.148 137.128
v 13.789 -5.694 137.185
v 13.525 -6.76 136.963
v 35.729 9.406 114.544
v 33.785 7.041 111.861
v 33.697 8.82 116.696
v 13.096 15.875 126.981
v 13.281 14.66 128.625
v 18.503 18.891 122.926
v 16.615 18.112 125.675
v 18.049 8.323 133.264
v 17.992 6.842 133.647
v 21.421 4.502 133.542
v 17.827 9.584 133.014
v 27.311 12.963 98.683
v -8.238 -7.282 115.674
v -7.23 -6.03 116.708
v -8.232 -3.364 116.382
v -8.329 -2.266 116.542
v -8.004 -11.031 117.068
v -8.277 -13.057 118.026
v -7.311 -3.949 98.655
v -6.483 -5.387 100.059
v -7.213 -8.542 101.798
v -4.16 4.574 98.007
v -3.285 4.383 98.398
v -3.726 3.771 99.551
v -6.084 -2.421 100.291
v -6.042 -3.795 100.101
v 17.079 -20.357 126.57
v 19.605 -21.859 124.2
v 18.394 -23.63 121.583
v 16.453 -25.342 119.308
v 37.42 -9.802 115.108
v -6.538 -16.235 111.58
v -5.589 -17.194 112.43
v -4.581 -17.715 112.481
v -2.035 -18.967 112.745
v -2.44 -21.006 116.34
v -1.569 -20.904 117.284
v -0.583 -20.617 118.147
v 0.486 -20.16 119.909
v 0.193 -20.337 121.087
v -0.735 -20.894 122.783
v -0.388 -18.972 124.992
v 17.698 -27.83 117.109
v 17.497 -28.924 116.274
v 17.405 -29.687 115.613
v 17.388 -30.014 115.009
v 19.089 -28.978 113.031
v -7.889 -13.451 105.632
v -8.275 -13.804 106.912
v 22.408 -24.999 112.773
v 32.561 -16.839 110.875
v 34.101 -15.722 110.692
v 26.258 -21.69 113.494
v 29.547 -17.197 111.302
v 27.778 -19.881 112.94
v 34.04 -12.628 111.632
v 37.316 -12.021 114.07
v 12.998 -16.285 133.107
v 13.383 -18.003 130.69
v 14.58 -19.985 127.53
v 15.73 -19.925 126.65
v 16.653 -20.563 127.641
v -6.154 11.713 108.068
v -7.665 -13.279 104.475
v -6.752 -9.253 101.944
v -5.926 -12.166 101.809
v -6.565 -12.964 102.875
v -9.435 3.421 106.156
v -8.31 3.036 106.029
v -5.092 4.219 104.962
v -4.087 5.355 103.736
v -4.117 5.376 102.965
v -2.978 5.937 99.973
v -3.015 5.593 98.901
v -8.019 -13.223 119.304
v -4.899 -13.751 124.358
v -5.639 -11.809 122.799
v -7.153 -12.962 121.489
v 37.584 -8.633 116.38
v 34.182 3.082 121.296
v 32.653 6.728 120.396
v -8.462 -14.113 107.878
v -8.463 5.052 127.021
v -8.117 7.321 127.521
v -9.738 -1.289 117.058
v -6.965 10.948 107.265
v -7.342 9.365 107.867
v -8.046 8.379 107.971
v -8.422 6.729 108.033
v 36.772 -6.025 117.1
v 36.488 -4.805 117.938
v 36.569 -2.781 119.241
v 37.395 -1.945 120.65
v 13.332 -11.353 135.764
v -1.608 -17.218 124.507
v -3.501 -15.762 124.053
v -3.899 -15.623 124.015
v -4.035 -14.081 124.539
v 31.615 5.296 98.469
v 30.08 6.301 98.068
v 28.682 6.236 97.929
v 27.675 9.43 96.115
v 26.78 9.714 96.702
v 26.699 11.663 98.167
v 34.181 6.186 108.78
v 34.493 5.271 106.789
v 35.326 5.665 106.157
v 34.597 4.997 105.102
v 34.334 3.958 104.11
v 22.282 2.61 133.746
v 34.753 2.048 123.289
v -7.142 1.57 122.377
v -7.284 2.165 122.54
v -7.736 3.725 124.823
v -6.132 10.14 127.746
v -5.472 11.335 128.047
v -5.785 12.503 127.175
v -4.736 13.216 126.871
v -4.441 13.777 125.796
v -3.733 14.413 124.486
v -2.486 15.574 121.994
v -3.93 16.042 119.592
v -3.663 16.214 117.631
v -5.792 12.923 108.964
v -3.271 15.828 116.314
v -4.311 14.888 113.132
v -4.545 14.959 112.187
v -4.357 15.169 110.647
v -4.632 13.979 109.932
v 21.693 1.662 133.842
v 20.386 -1.02 135.266
v 13.632 -9.96 136.215
v 12.719 -13.773 135.367
v 12.25 -15.298 133.858
v 32.974 2.753 101.606
v 31.695 2.864 99.825
v 13.966 14.074 130.643
v 14.267 11.16 132.978
v 15.298 16.397 124.899
v 12.326 15.847 125.393
v 19.096 18.465 121.856
v 17.852 -0.606 134.543
v 16.912 -2.797 135.77
v 18.92 -4.943 134.432
v 20.062 -5.329 134.003
v 21.53 -6.558 134.031
v 21.28 -6.897 133.565
v 19.602 -7.614 133.087
v 16.992 -7.148 134.165
v 17.206 -6.417 134.117
v 17.634 -5.739 134.606
v 15.292 -4.577 136.743
v 12.744 -5.818 136.661
v 13.068 -7.13 136.589
v 34.69 8.867 114.818
v 34.852 8.285 113.187
v 33.474 6.24 109.575
v 33.396 8.821 118.233
v 36.058 0.625 121.937
v 11.865 14.79 127.155
v 13.416 14.103 129.604
v 17.734 18.061 123.868
v 17.165 18.006 124.825
v 16.531 17.487 125.268
v 18.171 5.556 133.788
v 20.513 4.816 133.418
v 17.026 8.368 133.471
v -7.426 -6.782 116.356
v -6.522 -5.443 118.143
v -8.517 -1.808 116.23
v -8.998 -1.523 116.581
v -7.964 -11.847 117.765
v -8.062 -11.605 116.997
v -7.366 -10.102 118.02
v -7.234 -8.713 117.241
v -7.35 -7.785 116.633
v -6.235 -4.895 99.952
v -5.769 -5.955 101.058
v -3.463 5.125 98.23
v -3.376 4.772 98.068
v -5.011 2.819 100.039
v -5.761 1.272 100.621
v -5.716 -0.84 101.214
v 16.841 -20.136 125.346
v 18.476 -21.251 124.058
v 15.587 -24.381 120.46
v 17.151 -25.952 118.484
v 36.722 -10.7 114.024
v 37.594 -9.172 115.837
v 37.811 -9.296 116.338
v -7.288 -14.823 109.563
v -6.561 -15.422 110.544
v -3.638 -17.902 112.264
v -2.71 -17.801 112.0
v -0.79 -19.835 113.97
v -2.109 -20.315 115.2
v 0.612 -20.012 118.934
v -0.234 -20.618 121.571
v -0.069 -20.404 122.109
v 0.094 -20.0 123.361
v 0.001 -19.319 124.951
v 17.738 -27.23 117.553
v 17.378 -29.906 114.463
v 18.432 -28.491 112.876
v 19.256 -28.087 112.439
v 21.772 -25.145 112.555
v 22.642 -23.057 113.138
v 24.607 -23.403 113.489
v 25.594 -21.769 113.523
v 26.887 -20.957 113.362
v 28.122 -17.587 111.612
v 31.184 -16.627 110.787
v 31.694 -16.955 110.833
v 27.18 -19.961 113.045
v 34.263 -14.839 110.735
v 33.456 -14.245 110.668
v 34.734 -11.753 112.486
v 12.909 -15.794 133.874
v 12.854 -16.768 132.096
v 11.797 -17.315 130.023
v 12.555 -19.129 128.04
v 14.469 -19.624 126.755
v 14.947 -19.894 127.171
v -7.222 -13.179 104.138
v -5.781 -9.128 102.2
v -4.928 -10.581 102.571
v -4.874 -12.133 103.304
v -6.638 -12.971 103.712
v -9.569 5.243 107.396
v -9.007 3.739 107.176
v -5.841 3.381 105.485
v -4.011 5.267 104.562
v -3.169 6.147 103.043
v -3.079 6.075 102.108
v -3.249 5.914 100.941
v -7.718 0.204 120.3
v -7.691 -12.287 119.401
v -4.691 -12.538 124.366
v -6.859 -12.56 121.61
v -0.841 -18.427 124.851
v -1.415 -18.01 124.584
v 37.015 -7.906 115.493
v 34.328 2.611 122.73
v 34.31 2.853 121.818
v 32.5 5.057 120.284
v 32.168 7.424 119.716
v -8.301 4.773 126.134
v -8.588 6.235 127.622
v -8.383 -1.246 118.05
v -6.66 10.185 107.857
v 35.969 -4.774 117.206
v 36.322 -2.496 119.145
v 36.709 -2.228 119.613
v 13.455 -10.462 135.988
v -1.046 -16.354 124.768
v -2.562 -15.675 124.275
v -2.667 -14.047 124.663
v 32.007 4.665 98.714
v 30.727 5.279 98.468
v 29.417 6.109 98.053
v 28.072 4.896 98.543
v 27.465 9.03 96.386
v 26.683 8.835 96.886
v 26.107 9.599 97.411
v 25.813 10.654 98.29
v 34.04 5.987 108.31
v 33.199 5.221 107.949
v 34.653 5.283 105.681
v 34.019 4.362 105.277
v 34.113 3.909 104.418
v -6.87 0.184 122.082
v -7.709 3.187 125.442
v -6.159 9.309 127.864
v -5.426 12.374 127.714
v -3.249 14.237 125.567
v -3.276 14.594 124.352
v -2.415 15.257 123.111
v -2.716 16.461 119.215
v -3.18 16.548 118.204
v -3.16 15.194 114.168
v -3.54 15.172 112.196
v -3.499 15.468 111.147
v 20.777 0.876 133.93
v 20.766 -0.332 134.719
v 19.993 -0.315 134.445
v 12.72 -9.285 135.762
v 12.579 -12.248 135.01
v 11.37 -14.272 133.83
v 32.497 2.125 102.314
v 32.578 2.483 101.399
v 31.647 1.697 101.192
v 31.275 3.98 98.996
v 20.613 3.271 133.491
v 13.428 12.143 132.721
v 16.589 16.62 123.866
v 15.038 16.024 124.281
v 12.568 15.875 123.913
v 19.982 18.807 120.801
v 18.891 19.082 122.262
v 19.055 -0.532 134.43
v 16.739 -1.781 135.164
v 16.105 -3.783 136.224
v 20.405 -6.637 132.931
v 20.957 -7.327 132.948
v 20.343 -8.969 133.863
v 20.271 -8.579 133.427
v 18.569 -6.082 133.601
v 17.053 -6.014 134.415
v 14.571 -3.857 136.491
v 13.095 -4.287 136.769
v 12.545 -7.532 136.186
v 35.258 9.006 113.771
v 33.208 7.666 114.548
v 32.966 6.454 110.49
v 32.241 8.079 118.287
v 37.095 -0.597 122.538
v 12.34 13.916 128.701
v 15.371 8.311 133.639
v 18.109 17.855 123.114
v 17.352 5.544 134.013
v 18.29 4.142 133.719
v -6.915 -6.552 116.727
v -6.783 -6.727 117.19
v -6.757 -4.07 118.09
v -7.284 -2.94 117.902
v -8.291 -1.63 116.642
v -7.45 -10.75 118.408
v -7.061 -9.216 118.074
v -5.231 -7.216 102.035
v -2.674 4.935 98.214
v -1.972 4.538 99.418
v -4.371 3.502 99.946
v -5.737 2.203 99.91
v -6.201 0.262 100.498
v -5.12 -3.226 101.435
v -5.821 -3.409 100.549
v -5.3 -4.82 101.029
v 17.641 -20.54 124.577
v 17.682 -21.799 122.757
v 17.708 -22.727 121.969
v 16.829 -23.567 121.187
v 15.081 -24.884 119.786
v 16.265 -26.068 118.0
v 17.289 -26.311 118.064
v 36.755 -9.064 114.418
v -7.537 -14.179 108.296
v -5.762 -16.262 111.532
v -5.188 -16.938 112.095
v -3.895 -16.837 111.589
v -1.539 -18.338 112.071
v -0.292 -19.039 112.326
v -1.143 -20.24 116.197
v -0.262 -20.197 117.095
v 0.902 -19.807 117.826
v 1.885 -19.243 119.78
v 1.772 -19.253 121.002
v 0.535 -19.228 124.559
v 0.572 -18.75 125.248
v 17.161 -27.004 117.455
v 16.746 -28.066 116.66
v 16.552 -29.018 116.134
v 16.274 -29.52 115.656
v 16.6 -29.82 114.938
v 16.575 -29.404 114.28
v 17.745 -28.227 112.844
v -6.564 -12.948 104.961
v -7.277 -13.567 106.974
v 18.773 -26.869 111.664
v 20.781 -26.618 111.833
v 21.535 -24.23 112.629
v 23.904 -23.087 113.432
v 24.688 -22.194 113.515
v 32.181 -15.372 110.468
v 26.082 -20.687 113.318
v 26.845 -17.85 111.68
v 27.604 -16.381 110.937
v 30.615 -15.857 110.669
v 31.9 -16.464 110.613
v 26.932 -19.008 112.557
v 32.896 -12.8 110.874
v 33.84 -10.938 112.127
v 35.219 -10.674 112.999
v 12.228 -15.888 132.987
v 12.15 -16.682 131.483
v 11.683 -18.181 128.561
v 11.899 -18.883 127.19
v 13.494 -19.381 126.609
v -5.096 12.473 109.038
v -6.081 10.835 108.053
v -6.671 3.183 106.243
v -5.486 3.927 106.42
v -3.869 5.327 105.496
v -3.388 5.995 104.495
v -3.244 6.161 103.894
v -2.417 6.322 100.916
v -1.919 6.049 99.91
v -2.685 5.298 98.383
v -8.056 -0.265 119.397
v -6.742 -11.572 120.843
v -3.343 -12.431 125.134
v -4.284 -11.338 124.842
v -0.073 -17.457 125.21
v 34.63 2.348 122.147
v 33.336 2.956 120.12
v 32.152 6.474 120.246
v 32.497 8.148 119.325
v -8.103 4.052 126.118
v -8.496 5.391 128.588
v -8.543 6.408 128.264
v -7.378 7.462 128.365
v -6.241 9.046 108.419
v -6.884 7.983 108.44
v -7.728 7.583 108.443
v -8.096 4.554 107.987
v 36.391 -6.306 115.505
v 35.313 -4.027 117.215
v 35.928 -1.903 119.164
v 36.7 -1.631 119.855
v 36.841 -0.356 121.05
v 12.408 -11.441 134.915
v -1.585 -15.143 124.653
v 29.96 5.437 98.356
v 29.279 5.145 98.419
v 27.182 5.89 98.225
v 25.87 11.606 98.851
v 32.747 3.1 105.916
v 33.606 3.436 104.767
v -6.828 0.921 123.632
v -7.749 2.572 126.422
v -6.205 8.235 128.328
v -4.794 9.513 128.773
v -4.356 12.462 128.289
v -2.321 14.986 124.119
v -1.204 15.662 123.14
v -2.485 15.987 120.637
v -2.537 16.64 117.451
v -1.73 15.694 115.417
v -4.126 14.987 112.282
v -3.413 15.054 110.619
v 11.954 -7.948 135.825
v 11.892 -11.967 134.479
v 11.601 -13.161 134.258
v 11.381 -15.266 133.044
v 33.061 2.387 103.532
v 30.448 1.576 100.054
v 30.929 2.745 99.511
v 12.104 11.66 132.741
v 14.339 15.608 122.892
v 13.253 15.733 123.579
v 11.204 16.24 123.231
v 19.847 17.578 120.267
v 18.63 -0.135 134.117
v 16.538 -0.39 134.426
v 15.667 -2.941 135.823
v 20.502 -7.676 132.751
v 15.379 -3.796 136.32
v 12.188 -4.61 136.572
v 11.71 -6.769 136.059
v 33.255 7.074 113.172
v 32.529 6.585 111.03
v 31.686 5.537 109.426
v 32.847 8.54 116.885
v 33.071 8.413 116.118
v 11.142 15.357 125.589
v 11.581 13.891 127.995
v 12.518 13.372 130.399
v 13.949 9.559 133.272
v 16.637 6.738 133.96
v -6.397 -7.597 118.6
v -6.218 -3.706 119.749
v -6.539 -9.681 119.554
v -7.343 -11.212 119.275
v -5.125 -6.302 101.714
v -2.147 4.89 98.649
v -1.587 4.025 100.581
v -4.071 3.231 100.606
v -4.972 -1.989 102.155
v 15.306 -19.535 125.322
v 16.328 -20.571 123.333
v 13.553 -24.915 119.722
v 14.859 -25.578 118.813
v 35.761 -8.815 113.463
v -6.421 -14.644 109.507
v -5.734 -15.429 110.618
v -4.972 -16.34 111.458
v -1.355 -17.112 111.407
v -1.413 -18.793 112.321
v 1.893 -20.363 112.787
v -1.093 -19.971 115.205
v 2.186 -19.184 118.563
v 1.095 -19.67 121.369
v 1.089 -19.492 122.329
v 1.039 -19.211 123.608
v 1.477 -17.605 125.793
v 16.594 -28.167 113.154
v 18.281 -27.654 112.3
v -7.061 -13.253 106.067
v 20.061 -26.254 111.514
v 20.026 -24.001 112.01
v 21.152 -21.996 112.65
v 23.487 -21.694 113.258
v 33.274 -15.147 110.398
v 25.171 -21.089 113.398
v 29.439 -15.631 110.807
v 26.253 -19.624 112.909
v 31.807 -12.914 110.504
v 32.595 -11.532 111.143
v 11.982 -16.055 132.425
v 11.201 -16.147 131.441
v 11.351 -17.441 129.225
v 12.732 -18.948 125.611
v 13.138 -19.382 126.68
v 14.039 -19.213 125.952
v -4.951 11.062 108.826
v -4.526 -8.578 102.664
v -3.2 -10.491 103.085
v -8.355 3.176 107.241
v -7.613 3.211 107.288
v -4.402 5.252 106.735
v -3.222 6.072 105.299
v -2.364 6.953 104.038
v -2.304 6.775 103.063
v -1.529 6.83 102.151
v -1.797 6.336 100.764
v -1.741 5.683 99.291
v -7.233 -0.612 120.316
v -4.043 -12.023 125.006
v -4.505 -10.562 124.25
v -6.062 -11.351 121.68
v 34.655 1.739 120.652
v 31.544 3.394 118.53
v 31.774 6.305 119.946
v -8.271 3.746 127.344
v -8.43 4.203 128.247
v -8.067 6.375 128.922
v -5.554 9.887 108.498
v -7.127 6.847 108.478
v -6.858 5.473 108.183
v 36.187 -6.688 114.286
v 36.025 -5.492 116.144
v 35.34 -4.799 116.138
v 34.609 -2.86 117.58
v 36.42 -0.925 120.08
v 12.45 -10.365 135.206
v 0.371 -16.647 125.408
v -2.637 -15.301 124.295
v -1.006 -14.089 124.885
v -1.929 -13.27 124.926
v 30.167 4.371 98.752
v 26.929 4.981 98.726
v 26.142 6.124 98.546
v 26.329 7.673 97.592
v 25.745 8.426 97.775
v 24.75 9.227 98.891
v 32.678 5.719 108.756
v 31.769 3.127 107.175
v 33.198 2.717 104.538
v -6.635 0.097 123.782
v -6.892 0.35 125.587
v -7.358 1.685 125.686
v -4.106 11.25 128.86
v -3.435 13.721 126.994
v -0.759 16.08 121.948
v -1.659 15.981 121.158
v -2.443 16.819 118.158
v -2.054 16.401 116.665
v -1.472 14.782 112.971
v -2.734 15.315 111.755
v -2.463 15.113 111.329
v -2.947 13.917 110.326
v -3.676 12.338 109.705
v 20.056 1.577 133.524
v 19.222 0.735 133.813
v 11.312 -8.475 135.314
v 10.49 -13.138 133.476
v 10.365 -14.228 133.046
v 32.299 1.614 103.435
v 30.785 1.009 100.68
v 30.19 2.97 99.281
v 12.724 12.599 132.591
v 13.292 10.602 133.021
v 12.398 15.927 122.497
v 10.59 15.82 124.451
v 18.99 16.721 121.109
v 18.163 0.628 133.936
v 17.088 0.01 134.236
v 15.349 -1.576 135.064
v 17.638 -5.866 133.856
v 20.222 -7.283 132.476
v 13.558 -3.196 136.307
v 12.449 -4.208 136.711
v 11.828 -5.134 136.363
v 11.458 -5.643 136.178
v 32.338 6.673 113.08
v 32.738 6.79 111.956
v 32.376 7.947 116.475
v 9.7 15.16 125.69
v 11.062 13.911 127.78
v 10.909 13.351 128.977
v 13.835 7.788 133.673
v 18.223 17.139 122.558
v 16.474 5.53 134.251
v 17.008 4.746 134.122
v 19.136 2.604 133.495
v 15.838 6.32 134.159
v -5.645 -5.774 120.059
v -6.696 -1.928 120.349
v -4.36 -5.931 102.121
v -2.002 5.25 98.631
v -0.834 5.234 99.711
v -0.158 4.453 100.553
v -2.56 3.542 101.037
v -4.668 2.838 100.699
v -4.471 1.801 101.527
v -5.102 0.55 101.9
v -4.526 -1.184 102.608
v -4.021 -2.356 102.759
v -4.266 -4.489 101.973
v 16.19 -22.385 121.746
v 15.389 -23.503 121.065
v 14.328 -23.964 120.72
v 36.421 -7.932 114.147
v -6.148 -13.712 108.356
v -4.733 -14.573 109.913
v -2.911 -16.112 111.043
v -0.882 -18.143 111.836
v 1.091 -19.571 112.246
v 1.233 -20.236 114.385
v -0.128 -19.93 115.378
v -0.098 -19.966 116.281
v 1.187 -19.945 116.093
v 1.633 -19.433 117.976
v 3.38 -18.496 119.662
v 3.201 -18.443 120.635
v 0.734 -19.574 123.122
v 1.645 -18.537 124.351
v 1.273 -18.414 125.149
v 15.989 -27.017 117.112
v 15.805 -28.166 116.568
v 15.704 -28.86 116.269
v 15.157 -29.303 115.225
v 15.571 -28.793 114.099
v 17.608 -27.278 112.117
v -5.796 -12.782 106.731
v 18.179 -27.196 111.973
v 18.515 -25.142 110.547
v 19.999 -25.356 111.48
v 22.178 -21.761 112.995
v 22.65 -21.708 113.113
v 24.421 -21.03 113.3
v 24.999 -19.894 112.806
v 25.898 -18.752 112.248
v 26.467 -16.888 110.83
v 28.506 -14.258 110.861
v 30.517 -14.378 110.533
v 32.846 -9.944 111.693
v 34.214 -9.001 112.562
v 11.435 -15.869 132.203
v 10.507 -16.034 130.804
v 10.291 -16.686 129.227
v 10.321 -17.831 127.489
v 10.62 -18.483 125.765
v -3.703 -9.362 102.981
v -2.16 -11.198 103.298
v -4.313 -12.047 105.7
v -8.193 3.529 107.777
v -6.716 3.95 107.542
v -5.607 4.828 107.53
v -3.283 6.061 106.289
v -2.564 6.881 105.138
v 0.004 6.239 101.129
v -6.589 -0.966 121.718
v -3.803 -11.612 125.311
v -3.907 -9.915 125.561
v -4.761 -10.13 123.036
v -5.643 -10.414 121.422
v 1.348 -16.555 125.934
v 33.661 1.358 119.719
v 31.454 5.442 119.433
v 31.388 6.851 119.138
v -8.087 4.06 129.25
v -7.344 6.616 129.333
v -4.914 8.477 108.585
v -5.628 7.777 108.526
v 35.594 -5.596 114.852
v 34.698 -4.072 116.355
v 34.8 -1.474 118.802
v 35.41 0.43 120.319
v 36.748 0.193 121.276
v 0.643 -16.931 125.568
v 0.534 -15.752 125.456
v 0.478 -14.669 125.373
v -1.503 -12.147 125.426
v 29.233 3.749 98.94
v 27.075 3.543 99.2
v 24.764 10.668 99.312
v 32.207 5.283 108.413
v 31.57 4.2 108.13
v 31.107 1.616 106.615
v -6.368 -1.139 123.597
v -7.409 1.47 126.342
v -6.559 7.047 129.142
v -5.277 8.092 128.87
v -3.71 10.45 129.221
v -2.945 12.197 129.154
v -3.288 13.266 128.053
v -2.187 14.033 127.272
v -1.888 14.869 125.012
v -0.533 15.546 124.458
v 0.312 16.267 123.016
v -1.449 16.409 120.135
v -0.989 17.241 117.985
v -1.656 16.849 117.202
v -0.811 16.742 116.678
v -0.746 15.131 114.808
v -2.434 14.654 110.82
v 20.115 0.592 133.782
v 10.221 -7.461 135.469
v 11.469 -9.358 134.93
v 11.865 -11.295 134.47
v 10.744 -11.883 133.793
v 10.54 -15.23 132.282
v 32.269 1.652 104.57
v 31.786 1.299 102.499
v 31.981 1.725 102.061
v 30.204 -0.03 100.991
v 12.323 12.621 132.464
v 12.764 9.485 133.164
v 15.842 15.19 122.188
v 11.163 16.657 121.643
v 9.807 16.537 123.167
v 19.028 15.822 118.654
v 19.438 16.727 120.183
v 16.811 1.294 133.979
v 14.675 -2.844 135.891
v 12.947 -3.521 136.633
v 11.93 -3.961 136.544
v 10.894 -4.649 136.218
v 10.293 -5.955 135.905
v 31.954 6.537 114.56
v 31.738 6.608 111.725
v 31.657 6.327 110.649
v 31.501 7.328 117.258
v 31.542 6.702 115.871
v 9.817 13.982 127.615
v 10.929 12.815 130.753
v 14.893 5.951 134.129
v 17.743 15.953 122.107
v 16.829 3.671 133.984
v 18.473 3.161 133.541
v -5.718 -6.83 119.684
v -5.537 -4.431 121.301
v -6.004 -8.226 119.595
v -4.331 -7.294 102.535
v -0.225 3.881 101.243
v -0.701 3.016 101.8
v -2.846 2.696 101.73
v -5.346 1.35 101.456
v -3.247 -3.468 102.636
v 14.985 -19.373 123.921
v 14.976 -21.62 121.508
v 13.194 -23.738 120.696
v 13.966 -25.683 118.863
v 15.247 -26.438 117.594
v 35.724 -7.362 113.449
v -1.892 -15.494 110.705
v -0.031 -17.961 111.583
v 1.799 -19.011 111.677
v 2.657 -20.823 113.764
v 2.293 -19.46 117.244
v 3.736 -18.545 118.836
v 3.072 -18.41 121.331
v 2.853 -18.339 122.313
v 1.478 -18.837 123.825
v 2.273 -17.79 125.134
v 14.948 -28.716 116.317
v 15.35 -27.763 113.238
v 16.352 -26.881 112.011
v 17.564 -26.182 111.016
v 20.001 -22.593 112.577
v 22.57 -20.496 112.458
v 25.603 -18.026 111.561
v 25.39 -17.514 110.93
v 26.61 -16.518 110.589
v 26.681 -15.207 110.667
v 31.62 -11.381 110.581
v 31.859 -10.33 110.989
v 10.522 -15.659 131.613
v 11.065 -18.553 124.668
v 14.212 -19.03 124.924
v -3.487 10.623 109.465
v -3.093 -7.507 103.045
v -2.841 -9.194 103.162
v -1.952 -10.393 103.142
v -2.334 -11.565 103.961
v -3.085 -11.708 104.639
v -7.627 3.672 107.911
v -5.567 6.328 108.129
v -3.61 6.397 107.363
v -2.636 6.802 106.125
v -1.66 7.818 105.161
v -1.432 7.692 103.934
v -3.467 -10.557 125.9
v -4.165 -9.272 124.615
v 2.958 -16.201 126.82
v 32.449 0.944 118.839
v 30.972 5.633 118.436
v 31.389 7.459 118.707
v -7.954 2.844 128.232
v -7.878 5.214 129.794
v -7.382 5.969 130.064
v -4.098 9.328 108.869
v 35.601 -5.941 113.911
v 34.444 -4.703 114.893
v 33.735 -3.671 115.633
v 34.032 -1.709 118.252
v 35.38 -0.74 119.54
v 36.525 0.257 121.082
v 11.131 -10.437 134.357
v 0.609 -13.646 125.445
v -0.722 -13.232 125.098
v -2.384 -11.633 125.623
v 28.539 3.371 99.117
v 27.983 3.448 99.157
v 26.128 4.522 99.176
v 25.674 7.323 98.253
v 25.128 7.759 98.656
v 23.653 10.254 100.059
v 30.286 1.666 107.767
v 31.328 1.028 105.643
v -7.379 1.27 127.328
v -5.643 7.412 129.127
v -4.445 7.681 129.886
v -3.05 9.876 129.809
v -3.092 10.934 129.541
v -3.65 12.769 128.605
v -1.431 14.779 125.862
v -0.417 15.861 123.518
v 0.353 16.479 122.051
v -0.861 16.233 121.02
v -1.388 16.846 119.125
v -0.32 15.872 115.81
v 0.005 14.613 114.214
v -1.198 13.987 111.191
v -1.191 12.234 110.026
v 10.527 -8.605 134.887
v 9.381 -13.048 132.954
v 9.298 -14.076 132.407
v 31.639 0.825 103.672
v 31.194 0.799 101.807
v 29.125 0.159 99.901
v 28.775 1.995 99.461
v 11.889 12.82 131.766
v 11.406 12.455 132.354
v 11.794 10.108 132.923
v 16.766 15.524 122.584
v 14.955 14.873 120.209
v 13.007 15.764 121.057
v 11.868 16.326 121.133
v 9.931 17.157 121.88
v 9.328 16.018 124.125
v 18.12 2.365 133.688
v 15.271 0.748 134.092
v 14.215 -2.269 135.577
v 12.144 -2.994 136.308
v 30.651 5.085 114.895
v 30.57 5.689 110.624
v 31.826 5.118 108.495
v 31.177 7.031 118.287
v 8.386 14.576 126.76
v 9.825 12.787 130.177
v 12.639 7.466 133.665
v 13.07 5.854 134.093
v 15.854 5.412 134.302
v 16.357 4.803 134.256
v -5.725 -7.468 119.742
v -5.349 -6.663 120.424
v -4.938 -6.169 121.903
v -5.915 -3.257 121.314
v -6.202 -2.704 120.878
v -5.331 -8.064 120.631
v -3.257 -4.626 102.606
v 1.285 5.099 100.69
v 0.542 3.978 101.221
v -1.995 3.131 101.829
v -3.822 0.073 102.607
v -3.983 -1.8 103.058
v -2.777 -2.483 103.064
v 14.809 -19.865 122.582
v 15.234 -20.587 122.079
v 14.333 -22.858 121.015
v 12.259 -24.025 120.492
v 13.695 -26.941 117.636
v 15.817 -26.364 117.434
v 34.979 -8.12 112.969
v 35.312 -7.778 113.12
v -5.389 -13.655 108.894
v -2.986 -14.62 110.239
v -0.531 -15.609 110.521
v -0.227 -17.008 111.175
v 3.105 -20.404 111.994
v 3.792 -21.483 113.206
v 2.458 -20.442 114.733
v 3.208 -20.028 115.712
v 4.107 -19.001 117.757
v 4.978 -18.302 119.49
v 4.838 -17.908 120.613
v 4.406 -17.682 121.837
v 1.81 -18.725 123.404
v 2.859 -16.967 126.157
v 15.088 -27.35 117.032
v 15.002 -28.109 116.729
v 13.963 -28.661 116.297
v 14.207 -28.536 114.362
v 16.033 -27.546 112.864
v 16.295 -27.566 112.766
v -4.845 -12.154 106.476
v -4.865 -13.05 108.486
v 17.363 -25.425 109.917
v 18.7 -23.846 111.245
v 19.207 -22.838 112.196
v 19.868 -21.668 112.538
v 21.436 -20.21 112.008
v 23.816 -20.453 112.898
v 24.574 -18.467 111.512
v 25.499 -16.29 110.097
v 26.575 -14.156 110.873
v 30.101 -12.197 110.564
v 31.139 -11.731 110.392
v 32.197 -9.462 111.37
v 32.946 -8.539 111.859
v 9.683 -15.077 131.618
v 9.121 -15.262 130.574
v 9.609 -16.909 128.152
v 9.377 -17.852 126.185
v 10.424 -18.457 124.926
v 12.008 -18.638 124.033
v 13.658 -19.03 123.462
v -2.726 11.444 109.904
v -2.222 -9.698 103.186
v -1.182 -10.541 103.182
v -0.996 -11.335 103.826
v -2.046 -11.605 105.902
v -4.331 6.093 107.67
v -2.808 6.962 106.998
v -1.777 8.204 107.016
v -0.372 8.35 103.496
v -0.667 6.727 101.941
v -6.374 -1.546 121.988
v -5.63 -9.389 120.609
v -2.592 -10.888 126.036
v -3.629 -9.789 126.137
v -3.903 -8.838 125.844
v -4.318 -8.682 123.027
v -4.738 -9.552 122.046
v 2.413 -16.965 126.384
v 2.383 -15.866 126.547
v 34.625 0.967 120.038
v 32.978 1.085 119.462
v 31.34 1.365 117.826
v 30.72 4.839 117.21
v -7.42 2.817 129.439
v -7.312 4.184 130.227
v -6.653 6.367 130.078
v -3.402 7.893 108.187
v -4.474 7.044 108.192
v 35.429 -6.403 113.458
v 34.41 -5.542 113.526
v 33.105 -2.641 116.276
v 33.545 -2.208 117.44
v 33.893 -0.152 119.134
v 1.905 -15.654 126.214
v 1.744 -15.031 126.045
v 2.261 -13.986 126.361
v 0.378 -12.348 125.658
v -1.771 -11.079 125.955
v 27.718 2.568 99.392
v 25.605 3.209 99.603
v 24.775 4.924 99.78
v 25.067 6.597 99.135
v 23.824 7.637 99.924
v 23.045 8.91 100.405
v 30.088 3.148 108.731
v 30.362 0.927 107.01
v 30.296 0.263 106.584
v -6.437 -1.202 125.855
v -5.62 6.767 130.025
v -3.269 8.679 130.125
v -1.889 10.549 130.435
v -2.484 13.638 128.021
v -0.302 14.764 126.931
v 1.498 16.94 122.05
v 0.177 16.58 121.224
v -0.443 16.574 120.451
v -0.143 17.19 119.318
v 0.768 16.802 116.267
v 0.041 15.14 115.209
v 0.363 14.135 113.15
v -1.98 13.873 110.658
v 9.513 -8.351 134.834
v 10.818 -9.313 134.58
v 9.598 -10.552 133.651
v 9.522 -11.933 133.279
v 30.996 0.282 102.564
v 29.138 -0.871 100.069
v 10.541 12.298 132.357
v 10.846 10.268 132.809
v 11.476 8.674 133.181
v 16.51 15.051 121.613
v 15.774 14.794 121.403
v 11.337 16.8 120.733
v 10.788 17.398 120.382
v 8.977 17.142 122.581
v 8.839 16.697 123.297
v 18.73 15.89 120.575
v 18.473 15.93 121.279
v 15.72 2.029 133.822
v 14.224 -1.001 134.801
v 13.203 -2.079 135.587
v 10.646 -3.421 136.254
v 9.161 -4.904 136.008
v 8.982 -6.349 135.747
v 31.013 6.241 112.633
v 31.789 6.666 112.448
v 30.668 5.435 109.767
v 30.909 6.247 117.267
v 8.461 15.853 124.729
v 7.925 15.528 125.508
v 7.577 13.613 128.444
v 9.193 13.158 129.043
v 10.085 12.603 131.181
v 10.696 12.577 131.802
v 15.765 4.644 134.186
v -5.207 -6.094 120.772
v -5.221 -4.693 122.313
v -5.575 -3.652 122.666
v -6.122 -2.34 122.076
v -2.713 -5.387 103.013
v 0.135 5.505 100.44
v 1.712 3.926 101.064
v 0.786 3.393 101.575
v -1.638 2.415 102.242
v -1.84 0.907 102.531
v -4.641 0.873 102.188
v -3.309 -1.575 103.095
v -1.733 -2.717 102.984
v -1.631 -3.876 103.027
v 14.525 -20.708 121.6
v 14.337 -22.223 121.0
v 12.904 -22.492 120.875
v 12.196 -23.368 120.773
v 11.435 -24.387 119.851
v 34.212 -7.158 112.653
v -3.616 -13.289 109.254
v -1.92 -14.025 109.788
v 1.031 -16.993 110.894
v 3.952 -19.528 111.198
v 2.877 -20.826 112.369
v 3.79 -21.292 112.37
v 3.859 -20.996 114.333
v 3.529 -19.434 116.699
v 4.573 -18.525 118.608
v 2.797 -17.891 124.03
v 2.201 -18.08 124.562
v 3.928 -16.954 125.312
v 14.12 -29.24 115.637
v 14.066 -29.209 115.232
v 14.143 -26.966 112.788
v 15.734 -27.223 112.669
v 16.695 -25.815 110.482
v -4.166 -12.149 107.238
v 17.209 -24.928 109.128
v 17.811 -24.016 110.052
v 20.603 -20.465 112.105
v 21.873 -19.015 111.014
v 23.792 -19.44 112.134
v 25.193 -17.925 111.326
v 23.358 -17.493 109.783
v 26.239 -14.851 110.698
v 27.666 -13.179 111.159
v 28.735 -12.65 110.988
v 30.942 -10.707 110.517
v 31.479 -9.137 110.955
v 33.835 -8.138 112.386
v 9.014 -15.713 129.423
v 9.183 -16.245 128.649
v 8.403 -16.779 127.219
v 9.401 -18.078 125.274
v 9.51 -18.203 123.886
v 11.059 -18.895 123.099
v 12.727 -18.69 123.948
v -2.12 10.561 109.707
v -2.775 9.152 108.878
v -2.112 -8.652 103.271
v -1.203 -9.358 103.274
v -0.672 -10.969 103.366
v -0.997 -11.409 104.624
v -1.872 -11.466 104.804
v -2.8 -11.821 106.9
v -0.389 9.378 105.611
v -0.806 7.432 102.753
v -0.344 7.236 102.431
v -4.992 -9.176 121.257
v -2.473 -9.638 126.79
v -3.452 -8.93 126.638
v -4.043 -8.301 125.48
v -4.131 -8.19 124.573
v 3.045 -14.906 127.016
v 34.481 0.749 119.876
v 33.152 0.839 119.419
v 31.693 0.426 117.968
v 30.509 2.164 116.289
v 30.816 3.997 117.653
v -7.321 1.632 128.623
v -6.926 5.316 130.772
v -6.622 5.923 130.734
v -3.392 8.645 108.789
v 32.758 -4.184 113.581
v 32.384 -2.998 114.708
v 33.259 -1.388 117.955
v 2.01 -12.8 126.234
v -0.33 -10.608 126.282
v 28.309 2.826 99.328
v 27.215 2.716 99.387
v 26.886 2.137 99.479
v 25.393 5.834 99.166
v 25.384 7.248 98.577
v 29.212 1.587 108.988
v 29.963 0.387 107.393
v 30.126 -0.647 105.5
v 31.291 0.496 104.683
v -5.976 -2.394 125.134
v -6.634 -0.643 126.211
v -6.938 0.149 127.12
v -2.395 7.493 131.564
v -2.239 9.118 130.728
v -0.981 12.119 130.103
v -1.793 13.402 128.599
v -1.161 14.112 127.858
v -0.375 15.209 125.748
v 1.499 16.449 124.108
v 1.574 16.766 123.081
v -0.225 17.508 118.465
v 0.528 17.604 116.965
v 0.728 15.701 115.643
v 0.71 14.941 114.929
v 1.281 14.606 114.015
v 0.613 13.775 111.917
v 8.359 -7.505 135.352
v 10.268 -9.129 134.501
v 9.513 -9.353 134.193
v 8.027 -12.549 132.747
v 7.937 -13.998 131.422
v 30.679 -0.255 103.834
v 29.996 -0.919 102.524
v 29.064 -1.435 100.477
v 28.548 -0.734 99.756
v 27.259 -0.067 99.703
v 10.239 11.848 132.584
v 10.327 11.197 132.691
v 13.115 15.772 119.853
v 12.002 16.668 119.721
v 9.625 17.773 120.392
v 8.15 17.57 121.814
v 8.476 16.356 123.927
v 17.524 15.179 120.543
v 15.704 3.279 133.938
v 15.14 2.536 133.808
v 13.966 0.641 134.056
v 11.775 -1.34 135.361
v 9.848 -1.816 135.955
v 9.918 -4.028 136.131
v 30.786 5.741 116.307
v 30.023 5.368 113.115
v 30.757 6.301 111.64
v 30.025 4.416 109.687
v 7.007 15.026 126.555
v 8.589 12.852 129.959
v 9.366 12.613 131.053
v 11.725 6.564 133.857
v 12.553 6.567 133.942
v 15.061 4.529 134.13
v -5.033 -4.839 123.537
v -1.767 -5.848 103.41
v 3.572 4.455 100.653
v -0.731 1.759 102.447
v -2.292 -0.748 103.005
v -1.856 -1.798 103.09
v 13.534 -20.089 121.851
v 13.916 -21.712 121.067
v 11.162 -23.359 120.653
v 12.343 -25.478 118.871
v -4.477 -13.428 109.252
v -0.437 -13.383 108.996
v 2.233 -17.88 111.021
v 3.448 -18.225 110.837
v 4.608 -20.722 111.593
v 5.795 -22.626 112.697
v 5.187 -21.894 113.843
v 4.692 -19.775 116.473
v 4.726 -18.672 118.323
v 5.613 -19.042 118.724
v 6.628 -18.201 120.49
v 6.525 -17.321 121.911
v 3.759 -17.815 122.277
v 4.05 -17.514 123.062
v 4.346 -16.19 126.889
v 13.551 -28.08 116.847
v 13.383 -28.866 115.742
v 13.551 -28.954 115.103
v 13.22 -27.728 113.921
v 15.307 -26.746 112.218
v 15.451 -25.606 110.603
v -3.797 -12.435 108.339
v 16.591 -25.255 109.483
v 17.455 -24.518 109.16
v 18.06 -22.974 111.294
v 18.834 -21.814 112.181
v 19.523 -20.501 111.963
v 21.11 -19.638 111.574
v 23.283 -18.893 111.362
v 23.83 -16.353 108.944
v 25.576 -14.899 110.257
v 26.524 -12.863 111.036
v 29.057 -11.819 110.833
v 23.823 -18.861 111.633
v 7.714 -14.884 129.954
v 9.558 -16.082 129.161
v 7.845 -17.242 124.88
v 12.503 -19.159 122.659
v -1.164 -7.382 103.437
v 0.048 -9.965 103.375
v 0.194 -11.08 103.921
v 0.103 -11.364 104.724
v -0.996 -11.45 105.477
v -1.281 -12.036 107.49
v -0.757 8.915 106.826
v -0.061 10.012 104.295
v 1.61 8.154 102.727
v -5.883 -2.639 123.644
v -1.679 -10.22 126.524
v -3.917 -7.741 126.506
v -4.332 -7.172 123.878
v -4.511 -8.982 121.908
v 4.472 -14.868 128.208
v 32.299 -0.449 117.816
v 31.26 0.391 117.149
v 30.694 3.872 116.974
v -6.638 0.161 128.253
v -6.465 1.513 129.423
v -6.475 3.174 130.257
v -6.263 4.693 131.0
v -5.874 6.231 130.757
v 33.995 -4.828 114.013
v 31.361 -1.577 115.038
v 32.537 -1.667 116.871
v 3.703 -12.565 127.671
v 0.732 -11.416 126.021
v 25.628 1.798 99.667
v 24.563 3.705 99.983
v 23.616 6.062 100.332
v 22.516 8.085 100.868
v 21.923 8.827 101.093
v 29.343 2.307 108.868
v 29.456 0.694 108.603
v 29.591 -0.075 108.386
v 29.798 -0.678 106.641
v -6.169 -2.022 126.418
v -6.467 -1.028 126.943
v -4.369 6.56 131.193
v -0.149 10.242 131.566
v -0.243 13.957 128.503
v 0.743 15.664 125.582
v 2.683 17.088 123.369
v 1.158 17.196 120.5
v 0.188 16.842 120.396
v 0.561 17.776 118.276
v 0.53 17.887 117.476
v 1.577 17.584 116.425
v 1.569 16.221 115.627
v 1.352 13.956 112.841
v 0.578 13.052 110.519
v -1.081 10.678 109.637
v 8.609 -8.541 134.676
v 9.102 -9.732 133.774
v 8.12 -10.814 133.539
v 8.733 -12.1 133.034
v 29.091 -1.77 101.442
v 28.362 -1.412 99.959
v 27.68 1.574 99.496
v 9.834 12.501 131.806
v 9.311 12.16 132.191
v 9.575 10.401 132.656
v 9.979 9.137 132.874
v 13.08 15.997 118.559
v 10.608 18.028 119.204
v 8.14 17.188 123.053
v 8.239 16.751 123.561
v 17.119 14.614 117.291
v 17.063 14.478 118.978
v 14.297 2.475 133.822
v 13.15 -0.722 134.68
v 9.186 -3.412 136.102
v 7.605 -5.857 135.947
v 29.132 3.802 113.237
v 29.899 5.416 111.954
v 28.842 3.444 111.047
v 7.475 16.617 124.256
v 7.921 15.926 124.881
v 6.751 16.004 125.428
v 5.84 14.793 127.126
v 8.461 13.093 129.174
v 10.407 7.613 133.331
v 14.233 4.792 134.153
v -4.666 -5.795 124.13
v -4.568 -8.328 121.725
v -1.852 -4.872 103.326
v 3.489 5.465 100.83
v 3.529 3.283 100.827
v 2.191 2.777 101.405
v 1.024 2.51 101.86
v 0.588 1.538 102.187
v -0.644 -1.833 102.807
v -0.596 -2.618 102.816
v 13.278 -19.137 122.531
v 13.121 -21.35 121.067
v 11.676 -22.454 120.863
v 10.052 -23.596 120.328
v 11.228 -25.068 118.918
v 13.105 -25.699 118.856
v -2.5 -12.475 108.33
v 0.771 -14.985 109.881
v 2.689 -16.551 110.286
v 5.248 -18.495 110.387
v 5.643 -19.767 110.716
v 5.101 -21.76 112.015
v 5.372 -21.245 114.899
v 4.53 -20.506 115.279
v 4.771 -19.312 117.12
v 6.257 -18.663 119.647
v 5.59 -17.178 122.204
v 3.887 -17.263 124.133
v 5.042 -16.378 126.268
v 13.299 -28.247 116.57
v 12.726 -28.291 114.986
v 12.782 -26.865 113.165
v 14.83 -26.258 111.777
v 16.463 -24.859 108.873
v 16.488 -24.32 108.797
v 16.956 -23.865 109.112
v 17.066 -23.188 110.099
v 20.473 -19.32 111.129
v 22.714 -16.316 108.181
v 23.747 -15.082 108.688
v 25.006 -13.28 110.167
v 27.726 -11.729 110.905
v 29.155 -10.718 110.509
v 30.166 -10.8 110.437
v 30.156 -9.615 110.405
v 31.92 -7.347 111.291
v 8.3 -14.683 130.792
v 7.908 -15.79 128.495
v 7.04 -16.659 126.019
v 9.8 -19.965 121.612
v 11.316 -19.924 121.823
v -1.271 9.656 108.853
v 0.192 -8.234 103.434
v 0.215 -10.733 103.521
v 0.09 -11.553 105.779
v -0.377 -11.815 106.796
v -0.405 9.456 107.562
v 0.498 11.873 104.461
v 0.534 10.253 103.671
v 2.046 6.761 101.868
v -0.904 -9.167 127.412
v -2.397 -8.37 127.716
v -3.638 -8.078 126.958
v -4.179 -7.376 125.408
v -4.414 -7.544 122.423
v 4.246 -15.64 127.623
v 4.481 -13.587 128.519
v 30.866 0.399 116.347
v -6.425 5.303 131.167
v -5.823 5.679 131.239
v 33.831 -6.014 112.71
v 30.595 -2.354 112.645
v 3.49 -13.803 127.346
v 2.815 -11.839 126.885
v 1.65 -11.734 126.24
v 1.045 -10.648 126.505
v 25.232 2.561 99.691
v 24.419 2.772 99.991
v 23.364 4.065 100.51
v 22.443 6.974 100.948
v 22.454 8.561 100.882
v 21.147 9.902 101.264
v 29.093 2.532 109.448
v 29.148 -0.046 109.765
v 29.674 -0.677 107.577
v 29.332 -1.805 107.006
v -5.399 -3.856 124.637
v -5.514 -3.552 126.246
v -6.402 -1.445 126.504
v -3.305 6.83 131.562
v -1.319 9.139 131.427
v 0.3 11.738 130.95
v -0.691 13.207 129.348
v 1.416 14.619 127.774
v 0.967 15.29 126.596
v 1.77 16.217 125.064
v 3.066 17.466 122.14
v 2.201 17.322 121.302
v 0.446 17.614 118.89
v 2.182 18.044 116.891
v 1.865 16.949 115.858
v 1.447 15.413 115.071
v 2.207 14.499 113.198
v 2.134 13.934 112.147
v 2.423 13.719 110.848
v 0.712 12.371 109.665
v 0.032 10.636 108.834
v 7.498 -8.554 134.893
v 8.34 -9.36 134.125
v 8.813 -10.038 133.639
v 6.526 -12.274 132.362
v 29.399 -1.696 103.978
v 29.009 -2.067 102.599
v 28.155 -2.358 100.643
v 9.118 11.276 132.502
v 16.387 14.46 119.816
v 13.944 15.215 117.547
v 11.385 17.683 118.836
v 9.819 17.991 118.616
v 8.197 17.387 119.932
v 7.071 17.633 123.006
v 14.743 3.68 133.958
v 13.055 0.665 134.0
v 12.368 -0.233 134.487
v 10.238 -0.632 135.445
v 7.819 -2.36 136.113
v 7.991 -4.152 136.097
v 6.716 -7.561 135.66
v 29.691 3.293 114.719
v 5.789 15.834 125.942
v 5.346 13.781 128.469
v 8.648 12.587 131.059
v 9.1 12.49 131.645
v 9.83 5.761 133.88
v 12.073 5.634 134.186
v -4.68 -7.488 121.614
v -4.839 -5.119 124.472
v -1.029 -4.663 103.367
v -0.297 -5.59 103.485
v 2.209 5.791 101.232
v 4.935 5.343 100.365
v 4.636 3.854 100.413
v -0.329 1.001 102.548
v -0.914 -0.816 102.813
v 0.331 -3.021 102.736
v 12.262 -20.94 121.296
v 10.876 -22.52 120.835
v 9.989 -22.459 120.821
v 9.853 -24.287 118.901
v 11.532 -26.165 117.663
v 0.854 -13.666 109.034
v 1.592 -15.788 110.126
v 4.742 -16.862 110.073
v 5.61 -20.649 111.196
v 6.328 -22.412 111.711
v 6.439 -22.578 113.834
v 6.446 -21.927 114.772
v 5.563 -20.654 115.827
v 5.462 -19.651 117.532
v 7.569 -19.702 120.112
v 8.097 -18.292 121.525
v 5.854 -17.074 123.187
v 4.983 -16.884 124.298
v 5.707 -16.567 125.451
v 6.43 -15.996 127.379
v 12.429 -27.846 116.296
v 12.314 -27.5 114.082
v 12.997 -25.88 111.91
v 14.327 -25.95 111.544
v 16.083 -25.084 109.316
v 17.163 -22.57 110.946
v 17.694 -21.831 111.558
v 18.505 -20.787 111.807
v 18.506 -19.082 110.68
v 20.9 -17.617 109.209
v 22.077 -17.049 108.435
v 25.868 -11.733 110.498
v 30.552 -8.053 110.477
v 32.419 -5.61 112.049
v 6.943 -15.209 128.915
v 7.583 -16.171 127.689
v 6.704 -16.773 125.219
v 8.227 -17.297 123.733
v 1.704 -8.67 103.453
v 1.453 -10.334 104.005
v 1.253 -11.247 104.997
v 1.103 -11.723 106.021
v -0.262 -12.336 107.91
v 0.931 10.689 107.306
v 3.863 7.518 101.794
v -3.403 -7.609 127.533
v -4.396 -6.347 126.246
v -4.445 -6.371 125.13
v 5.364 -15.309 128.227
v 5.493 -13.847 129.603
v 31.453 -0.62 116.463
v 30.451 0.254 115.395
v -5.411 -0.035 129.509
v -5.379 2.21 130.27
v -5.269 3.757 130.999
v 31.39 -3.556 112.698
v 30.503 -1.431 113.839
v 3.679 -10.963 127.866
v 0.47 -9.903 126.652
v 0.056 -9.587 126.874
v 25.453 0.677 99.784
v 23.918 4.607 100.361
v 23.525 4.983 100.522
v 21.803 5.474 101.111
v 21.552 7.844 101.32
v 20.771 8.726 101.421
v 28.774 1.76 109.484
v 28.547 1.55 110.481
v 29.664 -2.224 109.702
v 29.37 -1.741 105.953
v -5.888 -2.427 127.262
v -5.5 -1.908 128.569
v -3.191 6.442 131.878
v -0.439 8.28 132.328
v 1.283 10.964 131.653
v 0.372 12.954 129.911
v 0.679 13.907 128.884
v 2.078 15.832 126.002
v 2.617 16.654 124.577
v 2.34 16.82 123.965
v 4.135 17.652 123.162
v 2.247 17.425 120.716
v 0.983 17.626 119.189
v 2.383 17.399 115.867
v 2.629 16.034 114.591
v 1.86 12.899 109.307
v 1.218 11.764 108.531
v 6.605 -11.293 133.438
v 6.167 -12.931 131.119
v 27.711 -3.406 102.041
v 27.544 -1.977 100.073
v 8.222 11.642 132.152
v 8.73 10.514 132.535
v 8.767 9.682 132.63
v 8.949 8.125 133.001
v 15.701 14.147 119.163
v 14.948 14.264 118.489
v 13.105 16.217 117.238
v 12.567 17.196 117.366
v 11.377 18.17 117.394
v 6.729 17.331 121.054
v 6.191 17.722 122.057
v 15.92 14.086 117.909
v 14.026 3.871 133.995
v 13.502 1.885 133.757
v 11.327 0.267 134.642
v 9.634 -0.874 135.76
v 8.348 -1.044 135.964
v 6.521 -4.147 136.301
v 6.093 -6.058 136.268
v 29.266 1.916 114.344
v 5.72 16.881 124.69
v 4.912 15.573 126.378
v 4.613 14.899 127.167
v 6.498 13.403 128.829
v 7.669 12.962 129.698
v 7.76 12.656 130.54
v 11.333 5.432 134.149
v 12.009 4.886 134.209
v 13.499 4.542 134.115
v 13.137 18.173 115.874
v -4.913 -5.01 125.426
v -5.003 -4.723 124.565
v -0.539 -3.89 103.13
v 0.506 -6.436 103.48
v 3.555 6.191 101.283
v 4.943 6.48 100.711
v 5.06 4.558 100.255
v 4.967 3.037 100.37
v 3.822 1.743 100.942
v 1.988 1.848 101.685
v 0.323 0.167 102.391
v 0.299 -1.039 102.486
v 0.492 -1.82 102.466
v 10.836 -21.396 121.088
v 9.021 -22.935 120.514
v 9.356 -23.664 120.179
v 0.504 -12.683 108.14
v 1.869 -14.008 108.842
v 6.563 -17.182 109.675
v 7.028 -18.699 109.829
v 6.425 -20.481 110.758
v 5.642 -21.372 111.528
v 7.823 -23.912 111.755
v 7.482 -23.588 113.466
v 6.893 -21.544 116.093
v 6.252 -20.618 116.981
v 7.109 -20.894 118.693
v 7.57 -18.57 120.626
v 7.626 -17.34 121.998
v 7.329 -17.054 123.277
v 11.425 -27.356 114.657
v 11.581 -26.707 113.421
v 12.325 -26.333 112.707
v 15.695 -24.683 109.263
v 16.099 -23.363 109.221
v 16.518 -23.161 109.477
v 15.82 -21.808 110.459
v 21.523 -16.557 108.027
v 22.384 -15.314 107.781
v 23.565 -13.347 108.76
v 24.877 -11.8 110.039
v 26.62 -10.469 110.082
v 27.859 -10.372 110.344
v 29.453 -8.251 109.991
v 29.824 -5.794 109.835
v 6.573 -14.155 130.202
v 7.026 -14.899 129.482
v 6.116 -16.781 124.59
v 7.966 -17.33 122.717
v 8.665 -19.676 120.92
v 1.468 -7.245 103.396
v 0.845 -11.816 106.459
v 0.666 -12.071 107.058
v 0.867 11.139 105.756
v 0.59 12.205 103.658
v 1.553 9.806 103.423
v 3.039 8.046 102.509
v 2.774 6.336 101.636
v -1.318 -7.788 128.71
v -2.527 -7.194 128.681
v -4.072 -6.476 127.366
v 5.657 -14.575 129.193
v 5.444 -12.964 129.995
v -5.54 1.144 129.8
v -4.965 5.055 131.548
v -4.577 5.859 131.663
v 30.872 -3.921 111.712
v 29.566 -0.123 113.554
v 5.094 -11.991 129.795
v 4.695 -11.145 128.988
v 2.331 -10.765 127.054
v 1.092 -9.42 127.49
v 0.124 -9.782 126.585
v 25.427 -0.401 100.019
v 24.394 1.603 99.971
v 23.27 3.083 100.433
v 21.339 6.925 101.377
v 20.027 9.68 101.407
v 29.081 -0.186 111.771
v 28.674 -3.04 106.096
v 29.359 -1.794 105.267
v -5.298 -4.138 125.521
v -5.241 -3.558 127.81
v -3.954 6.137 131.773
v -2.297 6.508 132.247
v -0.984 7.227 132.552
v 0.599 9.011 132.459
v 0.996 9.806 132.227
v 1.008 12.032 130.972
v 1.316 13.562 129.31
v 4.152 17.178 124.263
v 4.03 17.735 122.393
v 2.861 17.483 121.284
v 2.014 17.596 119.856
v 2.065 17.972 118.411
v 3.432 17.505 115.365
v 3.423 14.836 112.389
v 2.665 13.992 111.8
v 3.392 14.219 108.269
v 0.947 10.874 108.393
v 6.812 -8.347 135.27
v 7.719 -9.055 134.438
v 6.443 -10.157 134.277
v 5.726 -11.155 133.212
v 6.069 -12.248 131.919
v 28.495 -2.641 103.344
v 26.781 -3.368 100.741
v 26.775 -2.01 100.095
v 8.119 12.271 131.558
v 7.729 10.482 132.36
v 15.091 14.202 119.305
v 14.899 14.401 116.974
v 13.823 16.228 116.163
v 9.768 18.338 116.321
v 8.512 17.367 118.032
v 6.689 16.841 120.037
v 6.147 17.921 122.899
v 6.111 17.616 123.583
v 15.878 14.345 116.592
v 13.254 3.335 133.896
v 12.284 0.794 134.067
v 10.092 0.643 134.978
v 8.907 0.106 135.587
v 7.511 -1.039 136.048
v 5.714 -7.081 136.18
v 28.474 2.457 113.412
v 28.265 2.424 112.477
v 28.209 2.348 110.905
v 4.64 16.355 125.502
v 3.387 14.518 127.788
v 6.619 13.02 129.582
v 8.038 6.977 133.274
v 10.883 4.548 134.179
v 12.755 4.462 134.12
v 12.399 18.748 109.579
v 12.169 18.617 115.271
v 13.827 17.41 115.745
v 0.15 -4.257 103.172
v 0.412 -5.68 103.505
v 1.799 6.147 101.55
v 6.127 6.192 99.968
v 6.148 5.238 99.896
v 5.832 4.104 100.009
v 2.012 0.813 101.744
v 9.049 -22.077 120.754
v 8.935 -23.446 120.027
v 10.418 -25.795 116.826
v 1.175 -13.279 108.631
v 3.923 -14.881 109.258
v 6.06 -15.868 109.574
v 6.828 -19.763 110.233
v 6.048 -21.002 111.201
v 6.729 -21.514 111.063
v 7.531 -22.68 111.105
v 7.2 -23.704 112.548
v 7.607 -22.693 114.831
v 7.811 -21.334 119.812
v 5.582 -16.644 124.731
v 6.254 -15.282 128.508
v 11.279 -27.139 116.011
v 11.854 -27.902 115.49
v 11.793 -25.973 112.342
v 14.018 -25.293 110.886
v 14.372 -24.508 110.07
v 15.136 -23.687 109.427
v 17.542 -20.489 111.27
v 19.013 -17.564 109.295
v 21.583 -17.105 108.313
v 21.824 -15.894 107.679
v 22.93 -14.907 107.872
v 23.177 -14.399 108.223
v 24.213 -11.943 109.371
v 25.005 -10.272 108.885
v 28.399 -9.728 110.087
v 29.147 -9.454 110.149
v 31.017 -5.126 111.189
v 6.474 -14.841 129.3
v 8.827 -20.873 120.763
v 10.008 -21.377 121.067
v 2.972 -6.967 103.149
v 2.45 -9.335 103.681
v 2.687 -11.28 105.596
v 2.005 -11.84 106.253
v 1.312 -12.408 107.265
v 1.275 11.013 106.496
v 0.102 12.707 103.708
v 1.225 11.003 103.545
v 2.601 9.376 103.137
v 3.496 8.689 102.56
v 0.121 -8.187 128.657
v -3.489 -6.49 128.391
v -4.757 -5.038 127.133
v -4.172 -1.642 130.292
v -4.329 1.05 130.602
v -4.1 2.704 131.21
v -3.976 4.254 131.832
v 30.458 -3.124 112.003
v 4.297 -10.344 128.752
v 2.993 -9.889 128.024
v 0.421 -9.532 126.832
v 26.148 -1.401 100.053
v 24.287 0.585 100.134
v 23.233 2.39 100.375
v 22.124 3.22 100.853
v 20.411 6.698 101.447
v 20.544 7.709 101.484
v 19.786 8.576 101.449
v 28.464 1.036 112.272
v 29.493 -1.235 110.96
v 29.037 -3.327 107.816
v 28.923 -2.635 106.948
v 28.996 -2.288 104.883
v -3.526 5.453 132.177
v -2.446 5.913 132.525
v -1.237 6.078 133.011
v -0.084 6.855 133.135
v 0.894 7.719 133.028
v 1.601 9.803 132.323
v 1.354 11.827 131.196
v 1.788 12.21 130.734
v 2.539 13.47 129.23
v 2.699 15.375 126.797
v 3.402 16.355 125.465
v 4.512 17.663 123.715
v 5.017 17.823 122.607
v 3.744 17.627 121.688
v 3.004 17.543 120.698
v 2.424 18.206 117.561
v 5.399 18.279 115.352
v 3.552 15.94 113.763
v 3.892 14.161 110.244
v 2.382 13.038 108.02
v 6.276 -8.849 135.13
v 7.357 -9.447 134.378
v 5.526 -10.425 134.122
v 5.573 -11.43 131.886
v 28.812 -2.345 103.828
v 27.812 -3.489 103.384
v 26.429 -4.763 101.566
v 6.913 11.496 131.793
v 8.034 9.266 132.601
v 14.375 15.094 116.188
v 7.038 16.603 118.775
v 5.423 17.006 120.273
v 5.542 17.34 121.222
v 15.221 14.73 115.814
v 12.66 1.991 133.824
v 11.78 1.644 134.076
v 10.762 1.87 134.419
v 7.681 -0.249 135.926
v 7.043 -1.414 136.121
v 6.183 -2.033 136.293
v 5.035 -4.882 136.725
v 4.884 -6.331 136.625
v 5.494 -7.846 135.911
v 28.526 1.531 113.304
v 28.15 2.134 111.407
v 5.004 17.649 123.698
v 3.787 15.642 126.415
v 3.75 13.443 129.086
v 4.858 12.692 130.051
v 6.625 12.343 130.844
v 7.813 8.478 132.754
v 8.671 5.363 133.946
v 9.988 4.439 134.221
v 11.806 3.331 134.08
v 12.172 19.359 111.412
v 11.889 19.3 112.687
v 1.126 -4.976 103.201
v 6.442 7.291 100.032
v 6.072 3.226 100.012
v 5.792 1.992 100.339
v 1.887 -0.753 101.923
v 1.394 -1.917 102.232
v 1.26 -3.66 102.785
v 9.494 -21.462 120.983
v 8.361 -21.739 120.374
v 8.745 -23.3 119.481
v 9.687 -24.666 117.208
v 1.176 -12.834 108.047
v 3.006 -12.805 107.537
v 5.065 -15.639 109.673
v 7.405 -15.682 109.084
v 8.512 -16.72 108.859
v 7.702 -19.962 109.964
v 7.066 -20.106 110.291
v 8.916 -23.385 110.791
v 7.941 -24.273 112.625
v 8.685 -24.015 114.908
v 7.406 -21.938 115.564
v 7.461 -21.704 117.567
v 8.238 -22.456 119.836
v 11.133 -26.958 114.008
v 11.518 -25.209 111.482
v 12.783 -24.657 110.785
v 17.64 -19.697 111.089
v 17.144 -17.114 108.919
v 19.326 -16.495 108.394
v 20.401 -15.112 107.771
v 22.485 -14.008 107.905
v 23.072 -14.727 107.989
v 23.267 -11.068 107.944
v 26.228 -9.637 109.245
v 27.312 -9.324 109.523
v 28.426 -8.719 109.663
v 28.711 -7.528 109.427
v 2.072 -5.829 103.203
v 3.402 -8.349 103.299
v 3.236 -9.916 104.17
v 1.893 -12.493 107.199
v 1.512 11.615 106.361
v 0.763 11.718 105.05
v 0.329 12.82 103.733
v 2.035 11.972 103.471
v 2.444 10.58 103.339
v 5.492 9.325 101.578
v -0.475 -7.406 129.379
v -1.439 -6.386 129.966
v -2.83 -6.319 129.272
v -4.166 -5.651 128.098
v 5.633 -12.357 130.762
v -4.565 -2.684 129.555
v -4.244 -0.139 130.462
v -4.689 2.038 130.499
v 30.269 -2.945 111.54
v 28.865 0.202 112.601
v 5.16 -11.121 129.796
v 4.736 -10.249 129.628
v 3.834 -10.11 128.387
v 1.474 -8.354 128.826
v 25.071 -1.559 100.437
v 23.788 -0.634 100.648
v 23.187 1.487 100.396
v 21.829 4.127 101.054
v 19.557 5.771 101.463
v 19.089 9.353 101.36
v 28.371 -2.999 104.251
v -4.512 -4.704 128.399
v -4.539 -3.678 129.116
v 1.613 8.832 132.715
v 2.475 9.48 132.431
v 2.986 15.879 126.151
v 2.968 17.678 119.578
v 3.494 18.038 117.49
v 4.513 16.948 114.038
v 3.221 14.072 111.172
v 4.19 14.235 108.833
v 2.898 13.989 107.045
v 2.117 12.629 106.985
v 1.654 11.563 107.359
v 5.463 -9.675 134.832
v 4.896 -9.953 133.55
v 28.199 -2.964 103.631
v 26.995 -4.68 103.161
v 26.622 -4.968 102.338
v 25.646 -4.782 101.22
v 25.67 -2.775 100.579
v 6.655 10.696 132.133
v 10.683 19.015 114.127
v 8.06 17.73 116.876
v 7.847 16.828 118.132
v 6.02 16.46 119.421
v 4.494 17.496 120.963
v 9.472 2.036 134.811
v 7.083 0.972 135.74
v 6.66 -0.499 136.096
v 5.063 -3.286 136.647
v 5.135 -7.193 136.321
v 7.038 8.477 132.683
v 7.242 5.314 133.901
v 9.173 4.993 134.126
v 8.941 4.093 134.38
v 10.289 3.403 134.334
v 10.784 19.278 111.557
v 12.377 18.863 113.963
v 5.618 7.874 100.896
v 7.242 6.881 99.579
v 6.983 5.998 99.655
v 7.004 4.922 99.704
v 6.87 3.939 99.799
v 4.927 1.62 100.55
v 3.164 0.379 101.321
v 1.828 -2.629 102.328
v 8.833 -23.341 118.729
v 8.578 -23.11 116.98
v 9.669 -25.073 115.908
v 10.495 -26.438 115.233
v 4.666 -13.305 108.224
v 5.438 -14.464 109.06
v 6.74 -14.682 108.968
v 8.563 -18.784 109.386
v 7.186 -19.869 110.117
v 7.226 -20.725 110.491
v 8.198 -21.499 110.384
v 8.584 -24.148 111.161
v 8.565 -24.842 112.449
v 8.696 -24.767 113.375
v 8.36 -22.962 115.669
v 8.054 -22.378 115.89
v 8.169 -22.519 118.723
v 10.534 -26.442 113.76
v 10.456 -25.747 112.37
v 13.11 -23.125 110.249
v 15.441 -22.926 109.67
v 16.591 -19.491 110.73
v 17.016 -18.372 110.144
v 20.612 -16.481 108.233
v 26.225 -8.701 108.172
v 28.484 -6.881 108.998
v 3.2 -5.683 102.997
v 3.877 -7.326 102.973
v 3.971 -10.97 105.367
v 1.052 11.972 105.237
v 1.498 12.92 104.016
v 4.076 10.112 102.696
v 5.129 8.192 101.435
v 0.882 -7.246 129.997
v -3.679 -5.505 129.065
v -3.634 -3.225 130.494
v -2.964 -0.067 131.967
v -3.912 0.247 130.821
v -2.919 3.401 132.501
v -2.887 4.421 132.68
v 5.144 -10.604 130.65
v 5.094 -10.761 129.759
v 3.734 -9.371 129.264
v 2.472 -8.984 128.577
v 23.074 0.631 100.57
v 22.057 2.267 100.814
v 20.123 3.803 101.456
v 19.648 6.736 101.458
v 19.557 7.573 101.436
v 18.921 8.58 101.347
v 17.663 9.642 101.124
v 28.414 -4.842 107.498
v -1.949 4.842 133.264
v -0.056 5.647 133.737
v 1.116 5.804 133.892
v 2.446 7.316 133.295
v 2.119 10.976 131.692
v 3.401 12.249 130.562
v 2.959 17.861 118.569
v 6.176 18.252 113.975
v 5.706 16.302 112.511
v 4.925 14.343 109.161
v 4.889 14.762 108.116
v 3.584 15.066 106.883
v 4.825 -8.629 135.456
v 4.851 -9.58 134.663
v 5.026 -10.082 132.45
v 27.405 -4.363 104.053
v 25.962 -5.731 102.303
v 25.763 -5.531 101.648
v 25.774 -3.888 100.839
v 5.495 11.733 131.249
v 5.838 10.743 131.959
v 6.486 9.756 132.354
v 7.329 9.357 132.509
v 8.362 18.841 114.766
v 7.912 18.294 115.933
v 7.399 17.012 117.73
v 6.001 16.252 118.891
v 5.511 16.659 118.721
v 5.068 17.215 120.968
v 8.12 2.251 135.13
v 4.895 -1.929 136.568
v 3.861 -3.821 137.147
v 3.709 -5.17 137.229
v 4.23 -7.143 136.494
v 3.243 13.074 129.605
v 3.71 12.905 129.772
v 6.751 7.366 132.967
v 10.249 18.456 110.23
v 2.668 -3.603 102.485
v 2.246 -4.786 102.964
v 7.154 8.712 100.065
v 7.293 7.723 99.612
v 7.111 5.566 99.642
v 7.004 2.933 99.991
v 5.233 0.929 100.641
v 4.304 0.384 100.966
v 3.796 -0.68 101.335
v 2.219 -1.71 101.985
v 4.023 -12.047 106.816
v 7.575 -14.734 108.77
v 8.363 -14.534 108.078
v 9.992 -17.956 109.032
v 8.664 -19.875 109.623
v 9.333 -24.675 111.401
v 8.897 -25.012 112.02
v 9.662 -25.554 114.317
v 7.809 -22.053 116.194
v 10.446 -24.954 111.367
v 10.74 -23.834 110.7
v 14.659 -22.713 110.037
v 15.818 -18.023 109.869
v 17.817 -15.698 107.69
v 21.129 -12.64 107.67
v 24.052 -10.319 108.253
v 25.403 -9.221 108.018
v 27.691 -7.806 108.729
v 28.09 -6.367 108.181
v 3.1 -4.79 102.805
v 4.108 -6.038 102.817
v 4.009 -6.855 102.894
v 5.097 -7.295 102.618
v 4.474 -9.001 103.296
v 4.447 -10.142 104.16
v 1.653 12.773 105.326
v 1.014 12.351 104.918
v 3.671 13.023 103.374
v 3.696 11.527 103.007
v 5.091 10.252 102.215
v -2.799 -5.663 129.881
v -3.475 -2.518 130.901
v -3.078 -1.964 131.521
v -2.943 1.552 131.941
v -3.05 2.638 132.041
v 4.49 -9.51 130.479
v 2.49 -8.328 129.526
v 23.799 -2.562 101.228
v 21.861 0.088 101.1
v 21.913 1.297 100.903
v 21.227 2.89 101.132
v 18.906 4.799 101.582
v 19.002 6.9 101.417
v 27.797 -4.94 106.353
v 27.512 -4.791 105.197
v -4.127 -4.681 129.145
v -0.749 4.618 134.024
v -0.429 5.149 133.876
v 2.199 8.547 132.857
v 2.858 10.996 131.638
v 4.175 17.509 118.793
v 5.885 17.652 117.089
v 7.905 19.041 113.558
v 5.886 17.602 113.547
v 4.76 14.793 111.308
v 5.276 14.438 110.092
v 4.643 15.531 106.939
v 3.738 15.062 107.264
v 3.285 14.844 106.059
v 2.605 13.776 106.085
v 4.403 -9.045 132.645
v 5.213 -10.403 131.789
v 26.593 -5.717 104.256
v 26.244 -5.669 103.099
v 25.114 -5.701 101.837
v 24.67 -4.094 101.277
v 9.408 19.333 113.458
v 6.305 16.665 118.094
v 6.065 16.3 118.587
v 6.835 2.782 135.154
v 5.897 0.462 136.085
v 5.38 -0.708 136.348
v 3.971 -2.542 136.944
v 3.955 -6.269 136.956
v 4.417 11.879 130.989
v 6.127 8.587 132.565
v 6.06 6.836 133.079
v 7.649 3.634 134.704
v 9.115 19.099 112.082
v 10.442 19.408 112.79
v 8.263 7.982 99.347
v 8.449 5.949 99.553
v 7.797 4.545 99.714
v 7.781 3.681 99.856
v 7.493 1.712 100.285
v 7.102 0.369 100.533
v 2.994 -1.396 101.721
v 2.812 -2.212 101.988
v 4.944 -12.503 107.413
v 5.391 -13.589 108.563
v 6.116 -13.235 107.945
v 7.321 -14.09 108.46
v 9.204 -15.478 108.208
v 10.576 -15.259 107.633
v 9.377 -19.517 109.485
v 8.446 -20.51 109.881
v 10.029 -21.951 110.264
v 9.55 -25.604 112.886
v 10.153 -26.047 113.01
v 13.899 -21.963 110.437
v 15.153 -17.011 108.772
v 16.57 -16.143 107.807
v 19.192 -15.795 107.928
v 21.328 -10.35 106.772
v 24.101 -9.937 107.792
v 25.097 -8.795 107.014
v 3.897 -5.054 102.729
v 4.723 -10.862 105.004
v 5.14 -11.742 106.226
v 5.422 11.312 102.1
v -0.215 -6.239 130.463
v -2.313 -5.035 130.735
v -3.449 -4.604 130.005
v -3.08 -2.835 131.329
v -2.455 -1.545 132.47
v -3.401 0.852 131.366
v -2.425 2.424 132.831
v -2.009 3.633 133.563
v 3.374 -8.114 131.15
v 22.418 -1.497 101.374
v 20.783 2.221 101.283
v 17.777 4.178 101.715
v 18.206 5.382 101.544
v 18.322 6.373 101.436
v 18.558 7.922 101.329
v 27.613 -5.883 107.041
v -0.749 3.399 134.607
v 0.247 4.084 134.617
v 2.617 4.714 134.442
v 3.571 9.829 132.262
v 3.774 10.928 131.696
v 4.307 17.783 117.703
v 7.377 18.187 112.912
v 5.862 15.001 110.764
v 6.708 15.031 108.961
v 5.977 15.507 107.406
v 4.234 15.818 105.951
v 3.82 -7.808 135.874
v 4.034 -8.435 134.649
v 4.285 -8.847 133.559
v 4.727 -9.575 131.62
v 25.456 -6.05 102.234
v 24.612 -5.174 101.708
v 4.671 10.917 131.729
v 5.276 9.465 132.351
v 5.711 1.756 135.71
v 4.017 -1.039 136.736
v 3.112 -2.947 137.378
v 2.513 -3.774 137.721
v 3.137 -5.954 137.235
v 3.768 -6.507 136.948
v 5.972 7.789 132.714
v 5.441 5.85 133.623
v 7.043 3.911 134.628
v 8.87 18.496 111.694
v 9.516 19.464 112.597
v 13.432 10.177 100.263
v 7.114 9.91 100.566
v 8.458 2.744 100.105
v 5.626 -0.922 100.952
v 4.193 -2.05 101.612
v 11.675 -17.097 108.673
v 10.156 -19.453 109.588
v 9.094 -20.655 109.845
v 9.796 -23.196 110.475
v 9.504 -25.376 112.086
v 11.445 -22.521 110.389
v 12.267 -20.981 110.317
v 13.923 -21.221 110.598
v 15.108 -18.76 110.424
v 14.245 -17.89 109.7
v 15.504 -16.197 107.55
v 16.325 -15.83 107.302
v 19.647 -13.28 107.684
v 23.064 -9.757 106.785
v 23.68 -10.111 107.585
v 26.303 -7.63 106.747
v 27.106 -7.109 107.419
v 4.571 -4.025 102.193
v 4.637 -5.083 102.536
v 5.385 -8.625 102.755
v 5.607 -9.6 103.14
v 5.286 -10.514 104.144
v 4.53 12.154 102.734
v 6.782 10.828 101.083
v 0.597 -5.924 131.019
v -0.628 -5.445 130.97
v -1.47 -5.119 131.047
v -2.609 -3.807 131.372
v -2.933 -3.246 131.391
v -2.474 -2.687 132.106
v -2.156 -0.972 133.082
v -2.098 2.867 133.515
v 1.932 -6.676 131.185
v 23.359 -3.865 101.759
v 22.588 -2.465 101.679
v 20.647 -1.061 101.503
v 20.359 0.703 101.429
v 19.167 2.117 101.778
v 18.374 3.103 101.901
v 18.276 7.195 101.366
v 17.904 7.938 101.29
v 27.023 -6.261 106.144
v -0.418 4.028 134.486
v 1.636 4.147 134.74
v 4.107 5.591 133.89
v 4.415 7.866 132.896
v 4.005 11.546 131.285
v 7.137 17.115 112.463
v 7.16 15.93 111.106
v 5.9 14.596 109.972
v 6.938 16.169 106.41
v 3.838 15.23 105.237
v 2.965 14.06 104.877
v 3.082 -6.822 136.618
v 3.669 -7.816 132.985
v 26.816 -6.063 105.235
v 25.237 -6.674 103.728
v 23.96 -5.988 102.743
v 5.852 3.039 135.106
v 4.816 0.483 136.252
v 3.16 -2.022 137.208
v 2.732 -4.901 137.654
v 5.435 8.301 132.613
v 5.457 7.591 132.78
v 5.358 7.031 133.014
v 6.305 4.1 134.526
v 9.122 17.483 110.664
v 7.825 9.985 99.968
v 8.491 9.732 99.419
v 9.768 7.651 99.277
v 9.185 3.967 99.951
v 9.102 1.178 100.373
v 7.966 0.891 100.466
v 8.222 -1.666 100.58
v 4.517 -1.119 101.251
v 7.382 -13.616 107.976
v 9.141 -12.614 106.102
v 12.032 -15.906 107.83
v 11.208 -19.031 109.636
v 9.819 -20.413 109.805
v 13.958 -20.178 110.541
v 15.076 -19.807 110.674
v 13.573 -16.37 107.753
v 15.966 -15.409 106.499
v 18.092 -13.724 107.11
v 19.525 -12.175 107.372
v 22.854 -8.94 105.899
v 23.836 -9.682 107.154
v 26.005 -7.122 105.356
v 5.101 -5.784 102.488
v 6.618 -8.433 102.287
v 5.333 -11.087 105.035
v 5.11 12.625 102.459
v 6.77 11.852 101.251
v -1.583 -4.2 131.774
v -1.666 -1.817 133.491
v -1.52 -0.407 134.248
v -2.38 1.049 132.539
v -2.146 1.522 133.028
v -1.833 1.978 133.859
v -1.436 2.438 134.438
v 2.905 -6.933 132.082
v 23.544 -4.827 102.034
v 22.499 -3.211 101.89
v 21.672 -2.392 101.82
v 21.059 0.143 101.304
v 21.159 0.431 101.253
v 17.57 3.169 101.989
v 17.359 5.14 101.521
v 17.244 6.014 101.426
v 17.553 7.194 101.345
v 17.501 8.151 101.252
v 1.879 2.586 135.554
v 2.246 3.663 134.995
v 3.835 3.311 135.076
v 4.314 9.814 132.252
v 7.662 17.751 112.617
v 7.003 15.7 107.417
v 5.424 16.27 105.954
v 4.642 15.704 104.966
v 3.138 -7.215 135.63
v 24.984 -6.159 102.493
v 5.042 2.745 135.301
v 4.4 1.761 135.836
v 3.56 0.438 136.477
v 2.581 -1.089 137.165
v 2.479 -2.463 137.558
v 1.953 -4.679 137.837
v 5.15 4.045 134.589
v 9.226 16.661 106.509
v 9.039 16.113 108.931
v 8.239 17.995 112.147
v 16.094 9.819 100.766
v 11.115 10.228 99.461
v 10.502 11.982 99.906
v 10.89 13.091 100.383
v 9.626 14.071 100.735
v 7.61 10.675 100.385
v 9.479 9.163 99.026
v 10.187 6.518 99.541
v 9.984 5.075 99.824
v 9.16 3.074 100.111
v 10.055 2.439 100.226
v 8.41 0.349 100.515
v 8.352 -0.331 100.537
v 6.822 -1.886 100.872
v 6.485 -3.003 101.244
v 6.559 -12.178 106.357
v 7.532 -12.999 107.132
v 11.973 -13.079 105.662
v 12.417 -15.306 107.096
v 12.991 -18.525 109.778
v 10.622 -20.377 109.964
v 14.089 -18.859 110.385
v 14.69 -15.896 106.371
v 19.073 -12.991 107.623
v 21.736 -8.819 105.48
v 23.989 -8.836 106.147
v 25.02 -7.841 105.287
v 5.531 -4.892 102.161
v 6.091 -5.896 102.107
v 6.712 -7.321 102.034
v 6.362 -10.434 103.459
v 6.087 -11.006 104.457
v 5.989 -11.492 105.429
v 5.198 13.539 102.714
v 6.487 12.794 101.604
v 7.493 11.55 100.63
v 1.655 -5.638 132.21
v 0.135 -4.697 131.878
v -0.784 -4.481 131.721
v -1.568 -3.114 132.711
v -1.932 0.529 133.697
v -2.151 0.841 133.118
v -2.337 1.393 132.518
v -0.507 1.468 135.556
v 3.43 -7.514 132.0
v 22.371 -4.187 102.185
v 20.664 -2.536 101.839
v 19.057 1.19 101.798
v 17.419 2.157 101.93
v 16.84 3.201 101.842
v 16.116 4.97 101.311
v 16.939 8.16 101.201
v -0.087 3.224 135.038
v 0.287 2.332 135.564
v 2.752 3.359 135.123
v 4.665 6.381 133.432
v 7.999 17.129 111.814
v 8.105 15.503 109.651
v 8.291 15.935 107.594
v 5.254 16.177 105.277
v 4.571 14.612 103.963
v 2.162 -5.732 137.279
v 2.4 -6.282 136.472
v 3.448 -7.608 134.918
v 3.459 -7.484 134.224
v 25.503 -7.31 104.745
v 22.385 -5.247 102.668
v 1.516 -2.469 137.656
v 1.62 -3.674 138.017
v 8.44 16.315 110.516
v 16.431 9.034 100.979
v 15.116 9.938 100.58
v 10.1 13.193 100.343
v 9.252 15.354 101.405
v 8.128 10.944 99.97
v 9.224 10.125 99.118
v 10.631 8.848 99.203
v 11.942 7.441 99.845
v 9.906 5.83 99.637
v 10.324 4.313 100.013
v 10.978 1.023 100.32
v 9.603 -0.096 100.397
v 5.877 -4.136 101.811
v 7.587 -12.302 106.178
v 10.483 -11.646 105.243
v 12.206 -14.554 106.526
v 13.668 -18.341 110.123
v 14.076 -15.719 106.188
v 15.868 -14.216 105.62
v 19.32 -10.682 106.566
v 20.837 -9.372 105.709
v 22.748 -7.822 104.879
v 23.939 -7.904 105.019
v 6.384 -6.674 102.079
v 7.228 -7.769 101.94
v 7.516 -9.755 102.576
v 7.21 12.228 100.927
v -0.181 -3.686 133.011
v -0.621 -2.557 134.332
v -0.759 -1.462 135.063
v -1.382 1.065 134.65
v -1.818 1.205 133.843
v 2.786 -6.489 133.564
v 21.422 -3.372 102.084
v 19.482 -2.383 101.576
v 19.301 -0.477 101.506
v 18.505 0.397 101.697
v 18.285 1.384 101.928
v 16.596 3.933 101.636
v 16.631 7.064 101.319
v 1.059 0.929 136.414
v 2.972 2.737 135.44
v 8.28 15.257 108.855
v 8.314 15.387 108.411
v 6.734 16.209 105.09
v 5.999 15.509 104.0
v 2.229 -5.753 135.289
v 3.063 -6.951 134.787
v 23.516 -7.069 104.137
v 22.146 -6.817 103.797
v 3.203 1.877 135.88
v 2.287 0.636 136.553
v 1.14 -3.768 137.778
v 1.447 -4.807 137.606
v 15.651 9.278 100.799
v 14.784 9.072 100.741
v 9.893 10.386 99.188
v 9.184 12.823 100.202
v 7.988 13.665 101.034
v 8.961 11.349 99.655
v 10.227 9.62 99.028
v 11.094 5.628 99.801
v 10.963 4.601 99.981
v 11.07 3.579 100.149
v 10.923 1.85 100.305
v 9.953 0.627 100.395
v 10.491 -1.17 100.126
v 8.054 -3.222 100.802
v 6.636 -4.725 101.654
v 7.244 -11.646 105.222
v 9.651 -11.553 105.213
v 11.038 -11.12 104.296
v 13.676 -14.798 105.748
v 14.551 -15.555 105.564
v 15.023 -15.727 105.753
v 15.203 -15.356 105.519
v 16.9 -12.646 106.032
v 18.096 -11.955 106.741
v 20.445 -10.293 106.702
v 20.316 -9.956 106.269
v 20.263 -8.351 104.122
v 21.797 -7.959 104.703
v 7.55 -6.084 101.59
v 7.431 -7.292 101.811
v 8.24 -7.672 101.717
v 7.651 -8.797 102.052
v 7.583 -10.57 103.27
v 7.074 -10.974 104.039
v 6.209 14.243 102.524
v 7.834 12.222 100.458
v 0.936 -4.307 133.06
v -0.353 -4.168 132.08
v -0.624 -0.733 135.616
v -0.648 0.119 135.656
v 0.261 1.109 136.202
v 1.902 -5.242 133.678
v 21.281 -4.301 102.337
v 20.357 -3.379 101.959
v 19.096 -1.422 101.452
v 17.426 0.961 101.808
v 16.157 2.359 101.672
v 15.683 3.378 101.394
v 16.278 6.173 101.343
v 15.855 8.188 101.073
v 1.712 -5.324 136.799
v 21.062 -5.381 102.746
v 1.356 -0.622 137.074
v 13.942 8.729 100.684
v 7.483 14.98 102.368
v 9.801 15.806 100.489
v 11.703 9.164 99.572
v 12.504 5.54 100.043
v 11.505 2.264 100.309
v 10.855 -0.159 100.218
v 9.801 -2.226 100.208
v 9.408 -3.72 100.543
v 7.828 -4.315 101.095
v 8.789 -11.21 104.472
v 10.15 -11.195 104.885
v 10.622 -11.153 104.896
v 13.101 -12.073 104.708
v 13.54 -13.547 105.294
v 14.869 -14.806 105.182
v 16.001 -12.778 105.151
v 18.029 -11.162 106.386
v 19.834 -9.413 105.211
v 8.536 -8.911 101.946
v 7.829 -10.331 102.84
v 0.556 -3.47 135.405
v 0.032 -2.148 135.98
v -0.163 -1.292 136.136
v 0.273 0.06 136.514
v 19.309 -3.385 101.658
v 18.301 -2.066 101.335
v 18.0 -1.048 101.414
v 15.792 0.856 101.368
v 14.455 4.118 100.784
v 15.421 6.076 101.155
v 15.674 6.949 101.231
v 7.928 15.776 103.662
v 1.474 -4.703 135.911
v 22.844 -7.209 104.38
v 20.378 -6.552 103.024
v 0.51 -1.452 136.908
v 0.685 -2.807 137.07
v 1.075 -4.286 137.025
v 14.728 7.797 100.993
v 13.534 9.068 100.501
v 8.436 12.546 100.193
v 8.136 15.337 102.333
v 13.983 5.896 100.611
v 12.061 4.47 100.065
v 12.988 3.135 100.42
v 12.482 1.781 100.415
v 12.02 -0.165 100.168
v 10.868 -2.284 99.923
v 13.385 -10.952 103.424
v 13.287 -12.844 105.188
v 14.225 -14.064 105.058
v 15.261 -14.355 105.105
v 14.994 -13.43 104.809
v 16.8 -11.442 105.092
v 17.293 -11.501 106.018
v 17.892 -10.68 105.725
v 19.277 -9.894 105.777
v 18.501 -9.555 103.861
v 9.777 -9.545 102.19
v 8.923 -10.415 103.137
v 1.438 -4.505 134.661
v 0.523 -3.722 133.143
v 0.362 -3.472 134.039
v -0.107 -0.682 136.344
v 20.186 -4.293 102.116
v 18.406 -2.769 101.357
v 17.19 -0.033 101.553
v 15.17 2.123 101.27
v 14.476 2.875 100.914
v 7.757 16.114 104.753
v 1.785 -4.958 135.384
v 19.774 -5.346 102.222
v 0.76 -3.572 137.105
v 8.028 16.052 104.633
v 13.978 7.947 100.827
v 13.382 8.213 100.503
v 13.267 7.106 100.437
v 13.265 4.578 100.302
v 12.549 0.979 100.378
v 11.64 -1.367 99.903
v 8.424 -4.898 101.043
v 11.84 -10.445 103.223
v 14.177 -12.162 104.4
v 14.01 -12.989 104.925
v 14.182 -14.59 105.12
v 14.447 -14.494 105.034
v 15.789 -11.792 104.153
v 18.771 -10.231 106.016
v 19.091 -9.625 105.02
v 19.11 -8.91 103.551
v 8.684 -6.261 101.372
v 9.853 -8.321 101.547
v 0.657 -3.703 133.807
v 19.15 -4.198 101.706
v 18.362 -3.388 101.378
v 16.835 -2.593 101.018
v 16.934 -1.028 101.317
v 16.404 -0.333 101.361
v 14.978 1.543 101.186
v 14.79 6.705 101.027
v 19.111 -7.328 102.433
v 19.56 -6.299 102.397
v 13.994 7.199 100.793
v 13.966 1.481 100.761
v 12.853 -1.298 100.058
v 11.933 -1.978 99.772
v 10.924 -3.133 99.943
v 8.727 -5.308 101.105
v 10.707 -10.236 102.972
v 12.087 -9.886 102.159
v 14.808 -11.77 103.913
v 16.915 -10.492 103.328
v 17.127 -11.192 105.645
v 18.593 -10.08 105.697
v 18.481 -9.956 105.116
v 18.54 -8.77 102.659
v 9.405 -6.613 101.331
v 9.624 -7.46 101.434
v 11.317 -8.953 101.454
v 15.789 -0.401 101.182
v 18.687 -6.09 101.719
v 13.026 0.632 100.396
v 13.498 0.025 100.449
v 11.756 -2.68 99.732
v 10.575 -3.808 100.228
v 9.44 -5.42 101.024
v 14.05 -10.174 101.828
v 15.301 -10.77 102.719
v 17.628 -10.396 104.592
v 17.497 -9.748 102.281
v 10.293 -7.609 101.29
v 11.367 -7.604 100.938
v 18.808 -4.946 101.635
v 18.092 -4.073 101.315
v 16.156 -1.088 101.134
v 14.762 -1.074 100.687
v 14.483 0.36 100.83
v 17.911 -8.073 101.474
v 12.71 -2.446 99.824
v 11.267 -3.689 99.988
v 10.277 -4.758 100.628
v 13.281 -9.527 101.124
v 16.43 -10.102 101.557
v 17.616 -9.963 103.05
v 17.343 -9.139 101.194
v 10.11 -5.861 101.008
v 10.324 -6.839 101.153
v 12.686 -8.665 100.77
v 12.322 -9.32 101.33
v 17.197 -4.226 101.007
v 18.177 -7.118 101.491
v 17.807 -5.212 101.182
v 13.753 -2.121 100.162
v 11.712 -3.357 99.804
v 11.062 -4.387 100.278
v 14.584 -9.663 100.721
v 15.31 -10.134 101.305
v 17.054 -9.762 101.256
v 12.69 -7.736 100.455
v 16.176 -4.216 100.644
v 14.687 -2.463 100.399
v 17.018 -8.37 100.66
v 17.263 -7.409 100.833
v 17.76 -6.577 101.129
v 17.8 -6.016 101.148
v 14.289 -1.936 100.374
v 13.829 -3.302 100.016
v 12.564 -3.397 99.79
v 12.159 -4.538 100.01
v 11.134 -5.752 100.626
v 13.901 -9.035 100.429
v 15.793 -9.582 100.472
v 16.694 -9.631 100.758
v 12.703 -6.5 100.228
v 14.03 -7.886 100.065
v 16.815 -5.015 100.794
v 15.229 -3.485 100.408
v 16.476 -8.999 100.341
v 16.572 -6.184 100.56
v 14.883 -8.972 100.076
v 16.045 -5.146 100.479
v 14.923 -4.662 100.15
v 16.056 -7.909 100.12
v 13.493 -4.409 99.88
v 14.084 -6.417 99.915
v 15.699 -8.83 99.977
v 13.468 -5.453 99.883
v 15.148 -8.327 99.852
v 15.133 -7.027 99.986
v 15.638 -5.488 100.266
v 14.199 -5.216 99.872
v 15.08 -7.812 99.865
v 14.184 -5.728 99.833
v 14.967 -5.832 100.011
v 10.053 15.742 100.722
v 29.558 20.626 99.036
v 29.511 18.839 98.797
v 28.845 18.409 99.071
v 28.41 16.526 99.551
v 28.449 14.533 99.137
v 27.17 14.74 99.779
v 26.249 12.369 99.049
v 25.309 11.269 99.134
v 24.163 11.488 100.151
v 22.352 10.031 100.838
v 19.186 10.479 101.307
v 28.189 15.347 99.59
v 26.014 13.574 99.757
v 27.936 14.634 99.571
v 25.156 12.255 99.738
v 24.872 11.369 99.59
v 22.869 11.411 100.765
v 23.491 12.164 100.761
v 24.363 14.071 100.51
v 22.879 12.334 100.956
v 24.125 12.591 100.506
v 20.494 11.239 101.235
v 11.072 17.603 107.362
v 10.02 17.318 108.894
v 15.722 10.849 100.586
v 8.39 16.295 105.027
v 9.721 16.722 107.715
v 11.837 11.435 99.997
v 10.748 13.823 100.674
v 12.441 13.199 100.655
v 10.95 15.313 101.458
v 10.001 16.066 103.198
v 10.036 15.73 100.638
v 21.7 11.046 101.095
v 18.539 11.091 101.21
v 21.878 12.653 100.985
v 12.348 18.024 107.903
v 17.171 11.76 100.803
v 10.436 16.909 105.407
v 14.907 11.619 100.405
v 10.089 15.699 101.457
v 19.394 12.067 101.09
v 17.885 11.268 101.087
v 12.281 18.191 108.655
v 12.291 17.841 106.787
v 15.862 12.369 100.513
v 17.551 10.89 101.04
v 14.659 12.652 100.535
v 20.419 12.838 100.961
v 18.481 12.154 101.023
v 12.614 18.185 108.54
v 13.555 18.301 106.822
v 12.58 17.662 105.308
v 16.85 13.291 100.547
v 11.348 17.401 105.86
v 11.503 16.858 104.415
v 13.641 15.292 101.892
v 11.387 16.2 103.063
v 19.65 13.559 100.694
v 17.908 12.137 100.933
v 20.854 14.43 100.734
v 13.147 18.142 107.909
v 15.887 13.488 100.602
v 18.079 13.313 100.616
v 11.473 17.258 105.28
v 15.265 14.591 101.175
v 13.063 16.512 103.134
v 18.918 13.054 100.776
v 14.152 18.595 105.529
v 16.594 14.236 100.674
v 17.473 14.234 100.552
v 11.78 17.289 105.076
v 14.84 15.338 101.836
v 18.861 13.961 100.466
v 19.524 14.602 100.5
v 19.943 15.991 100.912
v 15.048 18.649 104.378
v 18.511 14.728 100.514
v 14.618 16.008 102.349
v 15.3 15.49 101.834
v 13.899 17.634 103.918
v 17.252 15.421 101.065
v 18.483 14.071 100.399
v 13.825 15.953 102.531
v 15.906 16.032 101.929
v 15.159 17.305 103.005
v 16.355 18.454 103.34
v 17.3 17.23 102.379
v 16.449 19.018 103.845
v 16.782 18.918 103.506
v 29.634 22.125 99.084
v 30.911 24.003 103.855
v 28.47 23.512 99.569
v 28.267 23.452 101.263
v 29.445 23.702 102.681
v 28.498 17.252 99.504
v 28.849 19.807 99.118
v 27.201 17.807 99.836
v 27.559 16.148 99.924
v 25.687 15.225 100.326
v 23.267 13.08 100.86
v 22.853 14.585 100.792
v 22.131 16.338 100.836
v 18.545 15.898 100.985
v 18.044 16.377 101.435
v 16.665 19.588 105.053
v 30.634 23.267 104.941
v 28.734 22.483 99.388
v 27.85 22.546 99.99
v 28.664 21.386 99.365
v 27.379 19.665 99.563
v 26.697 16.128 100.175
v 24.035 16.203 100.672
v 21.164 17.256 101.23
v 18.998 17.079 101.895
v 29.865 23.239 104.065
v 27.882 20.892 99.534
v 26.9 19.055 99.722
v 25.816 16.61 100.377
v 23.726 14.992 100.721
v 20.299 17.492 101.776
v 26.072 19.601 99.944
v 25.377 17.557 100.399
v 23.096 16.671 100.778
v 23.168 17.327 100.837
v 25.482 18.718 100.21
v 26.358 20.581 99.963
v 24.176 18.301 100.655
v 23.106 19.275 101.151
v 25.185 19.567 100.194
v 25.655 20.65 100.198
v 27.009 21.107 99.882
v 24.702 19.332 100.392
v 24.5 20.495 100.616
v 23.102 20.633 101.315
v 25.951 21.687 100.771
v 24.118 19.406 100.637
v 24.769 21.71 101.322
v 23.574 21.1 101.036
v 23.963 21.448 101.228
v 23.204 21.2 101.715
v 31.604 22.431 107.552
v 31.702 22.244 108.37
v 30.788 22.59 106.398
v 26.751 22.638 101.664
v 27.82 22.961 102.751
v 22.343 17.876 101.118
v 29.296 22.334 105.303
v 28.781 22.892 103.767
v 23.21 18.257 100.942
v 22.706 20.802 101.711
v 25.978 22.321 101.585
v 26.678 22.55 102.909
v 22.311 25.46 121.126
v 23.107 25.313 119.733
v 25.702 26.403 118.564
v 27.785 25.388 116.132
v 28.896 23.577 113.246
v 31.807 22.797 113.394
v 30.631 22.528 111.139
v 31.44 22.324 109.452
v 21.473 24.307 120.59
v 20.33 23.252 121.075
v 19.864 20.951 120.834
v 19.935 19.706 120.898
v 21.079 19.025 119.579
v 20.738 17.13 118.449
v 17.898 15.284 116.291
v 16.335 15.263 115.453
v 14.979 15.427 115.436
v 14.231 18.929 114.488
v 14.799 18.163 114.86
v 15.359 16.765 114.94
v 13.875 19.833 111.982
v 13.183 18.774 114.324
v 13.109 19.145 113.199
v 13.543 18.594 108.727
v 14.026 18.533 107.746
v 14.758 19.084 106.278
v 15.118 19.235 105.482
v 17.811 18.916 103.969
v 15.704 19.473 105.254
v 18.711 18.1 103.078
v 21.491 18.493 101.823
v 20.195 18.727 103.189
v 22.2 20.142 102.424
v 25.598 22.225 102.205
v 24.242 21.815 102.206
v 30.662 21.954 107.502
v 30.522 21.795 108.533
v 29.737 21.924 106.482
v 27.498 22.255 104.161
v 22.877 25.699 120.665
v 24.656 25.613 118.518
v 26.281 26.28 118.042
v 25.799 24.999 117.059
v 28.334 25.007 115.466
v 28.68 24.41 114.479
v 31.612 22.586 110.153
v 21.039 23.193 119.871
v 20.69 22.068 119.889
v 20.314 15.919 117.327
v 18.786 16.178 115.305
v 15.45 14.984 115.353
v 14.307 19.739 109.754
v 13.135 18.848 113.842
v 13.682 19.013 109.372
v 14.202 18.553 107.249
v 14.876 19.263 107.402
v 18.203 20.053 105.66
v 16.046 20.178 106.706
v 23.36 21.239 102.943
v 29.669 21.607 107.537
v 29.017 21.592 106.599
v 27.604 21.289 106.165
v 26.152 22.133 103.52
v 24.037 24.91 118.26
v 26.663 23.89 114.721
v 28.136 24.402 114.674
v 20.71 21.438 119.855
v 20.864 20.688 119.859
v 21.51 18.088 118.742
v 20.665 16.395 116.259
v 19.99 15.765 116.555
v 17.651 15.567 115.247
v 15.769 19.229 114.054
v 13.817 19.194 113.516
v 16.605 18.119 114.187
v 15.354 21.354 110.613
v 13.602 19.329 112.942
v 14.152 19.106 109.185
v 14.538 19.261 108.601
v 17.398 20.516 106.35
v 19.118 19.637 105.129
v 19.079 18.692 103.764
v 24.177 21.771 102.96
v 22.094 20.281 104.253
v 30.426 21.948 109.677
v 26.188 21.41 104.749
v 24.853 21.631 103.532
v 24.808 25.059 117.808
v 23.065 24.311 118.474
v 22.059 24.193 119.371
v 25.376 23.364 115.176
v 27.322 23.085 112.955
v 21.831 22.859 118.846
v 21.836 21.701 118.821
v 21.896 18.545 118.64
v 22.046 17.694 117.191
v 20.459 15.724 116.655
v 19.919 16.056 115.591
v 17.287 16.183 114.672
v 16.4 16.281 114.649
v 15.207 19.396 114.031
v 15.412 20.094 113.292
v 16.658 16.95 114.354
v 15.563 21.18 112.142
v 15.556 20.641 108.622
v 15.612 20.047 107.555
v 18.403 21.293 107.083
v 19.508 20.37 106.206
v 19.378 19.131 104.336
v 17.36 21.415 107.315
v 21.194 19.758 103.799
v 24.057 21.531 103.323
v 29.499 21.462 108.579
v 29.483 21.703 109.603
v 28.532 21.27 107.382
v 26.159 20.726 105.92
v 24.648 24.536 117.497
v 23.973 24.238 117.72
v 24.909 22.112 112.425
v 25.355 23.818 116.246
v 28.146 22.475 111.572
v 22.075 23.679 118.833
v 22.078 20.65 118.7
v 22.561 19.297 117.942
v 21.228 17.446 115.318
v 19.903 16.64 114.924
v 17.758 17.199 114.258
v 17.372 19.697 113.665
v 14.987 20.428 112.492
v 16.117 22.402 111.195
v 16.217 22.535 109.963
v 20.391 19.728 104.875
v 16.815 22.181 108.397
v 23.577 20.793 104.072
v 28.579 21.276 108.592
v 27.551 20.882 107.91
v 24.492 20.326 105.632
v 25.977 20.172 107.594
v 23.607 23.881 117.722
v 24.306 23.314 116.708
v 24.028 22.406 114.324
v 29.086 22.611 111.564
v 26.851 21.953 111.292
v 29.564 21.982 110.372
v 22.949 23.494 118.049
v 22.874 22.573 117.89
v 22.404 17.693 115.532
v 20.516 16.936 115.014
v 19.211 17.208 114.322
v 18.597 17.252 114.24
v 18.711 18.424 113.889
v 16.511 20.095 113.601
v 16.785 22.257 112.402
v 15.836 22.265 110.578
v 17.854 22.536 108.058
v 19.663 21.372 107.708
v 21.139 20.214 106.194
v 21.855 22.408 112.281
v 28.952 22.005 110.525
v 27.861 21.715 110.334
v 23.088 21.183 117.072
v 22.465 21.303 118.254
v 23.093 18.307 116.483
v 22.918 17.545 116.305
v 21.105 19.102 114.315
v 20.122 17.604 114.398
v 18.563 19.787 113.518
v 17.345 21.209 113.244
v 16.308 21.263 112.824
v 16.826 23.082 111.661
v 16.95 23.356 109.43
v 18.603 22.445 108.051
v 17.61 23.472 108.989
v 22.785 20.234 104.508
v 22.353 20.015 105.171
v 28.484 21.524 109.627
v 26.471 20.444 109.065
v 27.656 20.963 108.728
v 23.773 19.692 108.043
v 23.191 20.11 104.996
v 25.588 21.031 110.689
v 22.213 21.167 110.595
v 22.457 21.338 114.382
v 23.776 22.057 115.524
v 26.96 21.279 110.118
v 23.245 19.552 116.824
v 23.082 17.612 115.887
v 22.285 18.076 114.904
v 19.406 19.473 113.65
v 18.241 20.566 113.42
v 17.443 23.22 112.24
v 16.617 23.205 110.864
v 16.872 23.547 110.243
v 18.261 23.318 108.692
v 18.974 22.914 108.86
v 21.555 20.513 108.59
v 22.814 19.856 106.362
v 27.717 21.198 109.375
v 26.196 20.019 108.435
v 23.647 19.689 106.563
v 25.101 19.519 108.874
v 24.596 21.115 111.269
v 23.715 20.921 111.041
v 20.706 22.291 110.709
v 20.889 22.434 113.107
v 22.927 19.533 115.661
v 22.748 18.15 115.353
v 19.447 20.361 113.519
v 18.746 21.249 113.378
v 17.984 22.713 112.884
v 17.452 23.788 111.208
v 17.499 23.951 109.987
v 19.939 21.815 108.881
v 18.43 23.955 109.907
v 25.853 19.728 108.73
v 24.311 19.482 109.206
v 24.195 20.405 110.526
v 22.928 20.2 109.857
v 20.645 21.614 109.692
v 20.601 22.843 111.283
v 20.14 23.378 112.307
v 20.152 21.358 113.519
v 18.711 22.066 113.267
v 18.297 23.644 112.305
v 19.631 22.78 109.762
v 25.578 19.654 109.185
v 23.894 19.736 109.629
v 24.957 19.912 109.737
v 25.51 19.437 109.024
v 22.087 20.39 109.769
v 19.957 23.081 110.692
v 20.149 23.381 111.409
v 19.353 22.981 112.93
v 20.231 20.347 113.644
v 18.42 24.148 111.335
v 17.939 24.195 110.593
v 18.973 23.543 109.618
v 19.251 23.985 111.318
v 19.116 23.872 112.198
v 19.305 23.659 110.4
v 27.017 -14.876 135.559
v 26.604 -13.79 135.186
v 49.339 5.052 133.516
v 6.926 18.414 115.588
f 3 2 1
f 5 2 3
f 5 3 4
f 8 12 7
f 12 8 10
f 12 10 13
f 17 14 11
f 17 13 14
f 20 11 16
f 21 17 11
f 16 15 18
f 19 9 17
f 23 20 16
f 21 11 20
f 24 17 21
f 25 18 22
f 26 16 18
f 27 19 17
f 26 23 16
f 29 20 23
f 24 21 20
f 27 17 24
f 30 25 22
f 26 18 25
f 28 19 27
f 32 23 26
f 33 29 23
f 24 20 29
f 29 27 24
f 34 30 22
f 26 25 30
f 34 22 31
f 29 28 27
f 35 32 26
f 33 23 32
f 36 30 34
f 37 26 30
f 36 34 31
f 37 35 26
f 39 32 35
f 37 30 36
f 38 36 31
f 40 35 37
f 40 39 35
f 41 37 36
f 42 36 38
f 46 40 37
f 42 41 36
f 46 37 41
f 45 42 38
f 47 40 46
f 48 41 42
f 49 46 41
f 50 42 45
f 50 45 44
f 49 47 46
f 50 48 42
f 49 41 48
f 49 43 47
f 48 50 44
f 43 49 48
f 48 51 43
f 48 44 51
f 57 54 55
f 61 58 59
f 64 61 59
f 64 58 61
f 64 62 58
f 65 60 62
f 68 64 59
f 69 62 64
f 66 65 62
f 66 60 65
f 68 67 63
f 68 59 67
f 73 64 68
f 66 69 64
f 66 62 69
f 74 70 66
f 76 63 72
f 77 68 63
f 77 73 68
f 74 64 73
f 74 66 64
f 78 70 74
f 79 75 71
f 82 76 72
f 77 63 76
f 74 73 77
f 83 78 74
f 84 71 78
f 84 79 71
f 85 75 79
f 85 80 75
f 81 82 72
f 85 76 82
f 85 77 76
f 83 74 77
f 79 78 83
f 79 84 78
f 77 85 79
f 82 80 85
f 79 83 77
f 87 72 63
f 88 71 75
f 89 75 80
f 90 82 81
f 91 81 72
f 92 80 82
f 93 87 63
f 91 72 87
f 89 88 75
f 92 89 80
f 91 90 81
f 92 82 90
f 94 91 87
f 94 90 91
f 95 92 90
f 96 71 88
f 97 87 93
f 98 88 89
f 98 89 92
f 97 94 87
f 99 90 94
f 100 92 95
f 99 95 90
f 98 96 88
f 100 98 92
f 101 99 94
f 99 100 95
f 102 101 94
f 100 99 101
f 103 101 102
f 104 100 101
f 105 103 102
f 108 103 105
f 108 105 107
f 109 103 108
f 112 108 107
f 112 109 108
f 110 103 109
f 110 106 103
f 112 107 111
f 113 109 112
f 114 110 109
f 113 112 111
f 116 109 113
f 117 114 109
f 118 110 114
f 118 115 110
f 119 116 113
f 117 109 116
f 118 114 117
f 120 116 119
f 120 117 116
f 121 118 117
f 122 120 119
f 123 117 120
f 124 121 117
f 126 120 122
f 126 123 120
f 123 124 117
f 127 121 124
f 125 126 122
f 128 123 126
f 129 124 123
f 128 126 125
f 129 123 128
f 133 132 130
f 134 131 132
f 134 132 133
f 135 131 134
f 136 134 133
f 137 134 136
f 140 136 139
f 140 137 136
f 144 143 138
f 140 139 143
f 145 141 140
f 144 142 141
f 144 138 142
f 146 143 144
f 146 140 143
f 146 145 140
f 146 141 145
f 147 110 115
f 148 118 121
f 148 121 127
f 149 127 124
f 149 124 129
f 150 130 132
f 151 133 130
f 150 132 131
f 152 131 135
f 153 135 134
f 154 136 133
f 155 137 140
f 156 138 143
f 154 143 139
f 155 140 141
f 157 141 142
f 146 144 141
f 158 142 138
f 160 118 148
f 161 148 127
f 161 127 149
f 162 130 150
f 154 133 151
f 163 150 131
f 164 131 152
f 137 153 134
f 139 136 154
f 153 137 155
f 154 156 143
f 165 138 156
f 166 155 141
f 167 157 142
f 166 141 157
f 167 142 158
f 164 163 131
f 169 150 163
f 170 153 155
f 165 156 154
f 171 168 159
f 172 168 171
f 174 169 164
f 175 172 171
f 176 173 172
f 176 172 175
f 177 173 176
f 178 176 175
f 180 115 118
f 180 147 115
f 181 152 135
f 182 135 153
f 183 158 138
f 180 118 160
f 185 162 150
f 186 154 151
f 187 164 152
f 183 138 165
f 188 155 166
f 189 157 167
f 189 166 157
f 190 167 158
f 192 150 169
f 193 153 170
f 188 170 155
f 194 171 159
f 195 169 174
f 196 174 164
f 194 175 171
f 198 176 178
f 199 178 175
f 198 177 179
f 198 179 176
f 182 181 135
f 202 152 181
f 193 182 153
f 203 158 183
f 192 185 150
f 165 154 186
f 202 187 152
f 196 164 187
f 204 183 165
f 189 188 166
f 190 189 167
f 203 190 158
f 206 192 169
f 207 193 170
f 207 170 188
f 208 195 174
f 206 169 195
f 209 174 196
f 199 175 194
f 210 197 177
f 211 198 178
f 212 178 199
f 213 177 198
f 193 181 182
f 217 202 181
f 218 203 183
f 219 184 200
f 220 185 192
f 204 165 186
f 221 187 202
f 221 196 187
f 218 183 204
f 222 188 189
f 223 189 190
f 224 191 201
f 226 192 206
f 227 193 207
f 222 207 188
f 209 208 174
f 229 195 208
f 230 206 195
f 221 209 196
f 225 199 194
f 213 210 177
f 231 211 178
f 231 198 211
f 232 212 199
f 233 178 212
f 234 213 198
f 236 200 214
f 216 215 184
f 237 201 216
f 217 181 193
f 238 184 219
f 226 220 192
f 239 222 189
f 239 189 223
f 240 205 191
f 241 224 201
f 241 191 224
f 242 225 205
f 230 226 206
f 217 193 227
f 225 194 228
f 243 208 209
f 244 229 208
f 245 195 229
f 245 230 195
f 232 199 225
f 234 210 213
f 246 231 178
f 247 198 231
f 248 212 232
f 249 233 212
f 246 178 233
f 247 234 198
f 250 214 235
f 250 236 214
f 219 200 236
f 238 216 184
f 251 237 216
f 241 201 237
f 252 238 219
f 241 240 191
f 242 205 240
f 253 225 242
f 254 243 209
f 244 208 243
f 255 229 244
f 256 245 229
f 256 230 245
f 248 232 225
f 257 231 246
f 257 247 231
f 249 212 248
f 258 233 249
f 259 246 233
f 261 236 250
f 252 216 238
f 252 251 216
f 241 237 251
f 262 240 241
f 262 242 240
f 263 253 242
f 248 225 253
f 264 243 254
f 265 244 243
f 265 255 244
f 266 257 246
f 267 249 248
f 268 258 249
f 268 233 258
f 268 259 233
f 269 246 259
f 274 261 250
f 275 251 252
f 276 241 251
f 277 262 241
f 277 242 262
f 277 263 242
f 278 253 263
f 267 248 253
f 265 243 264
f 279 255 265
f 270 256 255
f 269 266 246
f 281 257 266
f 282 249 267
f 282 268 249
f 283 259 268
f 286 260 272
f 277 241 276
f 287 278 263
f 288 253 278
f 288 267 253
f 273 255 279
f 273 270 255
f 280 256 270
f 289 266 269
f 290 281 266
f 288 282 267
f 291 268 282
f 292 283 268
f 269 259 283
f 292 271 284
f 292 285 271
f 286 272 285
f 293 260 286
f 294 278 287
f 294 288 278
f 291 282 288
f 292 268 291
f 284 283 292
f 290 269 283
f 291 285 292
f 295 286 285
f 296 293 286
f 296 288 294
f 285 291 288
f 288 295 285
f 296 286 295
f 297 293 296
f 297 296 294
f 295 288 296
f 298 59 58
f 299 58 62
f 299 62 60
f 300 60 66
f 301 63 67
f 301 67 59
f 300 66 70
f 302 70 78
f 303 78 71
f 301 93 63
f 306 71 96
f 307 94 97
f 308 96 98
f 309 98 100
f 307 102 94
f 310 101 103
f 310 100 104
f 310 104 101
f 307 105 102
f 307 107 105
f 311 106 110
f 312 103 106
f 313 111 107
f 314 113 111
f 314 122 119
f 315 125 122
f 316 128 125
f 317 129 128
f 311 110 147
f 318 149 129
f 319 151 130
f 320 160 148
f 320 148 161
f 321 161 149
f 319 130 162
f 169 163 164
f 322 168 172
f 323 173 177
f 179 177 176
f 311 147 180
f 324 180 160
f 319 162 185
f 319 186 151
f 325 190 203
f 326 177 197
f 327 202 217
f 328 203 218
f 329 185 220
f 330 204 186
f 327 221 202
f 328 218 204
f 325 223 190
f 331 227 207
f 332 207 222
f 333 209 221
f 334 220 226
f 332 222 239
f 325 239 223
f 334 226 230
f 335 217 227
f 336 234 247
f 337 250 235
f 338 219 236
f 338 252 219
f 339 254 209
f 256 229 255
f 340 230 256
f 336 247 257
f 341 236 261
f 342 264 254
f 343 261 274
f 344 274 250
f 345 251 275
f 346 275 252
f 345 276 251
f 347 263 277
f 348 265 264
f 349 279 265
f 350 257 281
f 351 272 260
f 352 277 276
f 353 273 279
f 354 270 273
f 340 256 280
f 355 280 270
f 290 266 289
f 290 289 269
f 353 281 290
f 356 284 271
f 357 271 285
f 357 285 272
f 347 294 287
f 358 283 284
f 359 290 283
f 360 293 297
f 361 297 294
f 362 298 58
f 363 59 298
f 362 58 299
f 364 299 60
f 365 60 300
f 366 301 59
f 302 300 70
f 367 302 78
f 368 303 71
f 367 78 303
f 369 305 86
f 371 86 304
f 372 306 96
f 372 71 306
f 309 308 98
f 373 96 308
f 374 309 100
f 312 310 103
f 106 100 310
f 375 107 307
f 376 106 311
f 310 312 106
f 377 111 313
f 377 314 111
f 119 113 314
f 378 122 314
f 378 315 122
f 379 316 125
f 317 128 316
f 318 129 317
f 321 149 318
f 324 160 320
f 380 320 161
f 380 161 321
f 173 322 172
f 322 173 323
f 381 311 180
f 382 180 324
f 383 319 185
f 384 186 319
f 385 325 203
f 386 327 217
f 385 203 328
f 382 329 220
f 387 185 329
f 384 330 186
f 328 204 330
f 388 221 327
f 332 331 207
f 335 227 331
f 388 333 221
f 389 220 334
f 390 332 239
f 391 239 325
f 392 334 230
f 386 217 335
f 393 234 336
f 344 250 337
f 341 338 236
f 346 252 338
f 333 339 209
f 342 254 339
f 394 230 340
f 395 336 257
f 396 341 261
f 397 264 342
f 398 343 274
f 396 261 343
f 399 274 344
f 400 345 275
f 400 275 346
f 401 276 345
f 401 347 277
f 287 263 347
f 402 348 264
f 349 265 348
f 350 279 349
f 403 257 350
f 404 351 260
f 357 272 351
f 401 352 276
f 401 277 352
f 350 353 279
f 359 273 353
f 359 354 273
f 355 270 354
f 405 340 280
f 405 280 355
f 359 353 290
f 350 281 353
f 357 356 271
f 358 284 356
f 361 294 347
f 359 283 358
f 406 360 297
f 406 297 361
f 407 298 362
f 408 363 298
f 408 59 363
f 365 364 60
f 409 365 300
f 408 366 59
f 410 300 302
f 411 302 367
f 372 368 71
f 367 303 368
f 413 369 86
f 370 305 369
f 414 371 304
f 413 86 371
f 415 372 96
f 373 308 309
f 416 96 373
f 376 374 100
f 373 309 374
f 376 100 106
f 313 107 375
f 417 376 311
f 418 377 313
f 315 378 314
f 419 317 316
f 420 318 317
f 421 321 318
f 422 324 320
f 422 320 380
f 421 380 321
f 423 381 180
f 417 311 381
f 424 382 324
f 423 180 382
f 425 383 185
f 425 319 383
f 425 384 319
f 426 325 385
f 335 327 386
f 426 385 328
f 389 382 220
f 387 329 382
f 425 185 387
f 427 330 384
f 428 328 330
f 429 388 327
f 430 331 332
f 431 335 331
f 339 333 388
f 432 389 334
f 391 390 239
f 430 332 390
f 433 391 325
f 394 392 230
f 432 334 392
f 395 393 336
f 434 344 337
f 435 338 341
f 435 346 338
f 436 342 339
f 437 394 340
f 438 395 257
f 439 341 396
f 440 397 342
f 402 264 397
f 399 398 274
f 441 343 398
f 442 399 344
f 443 345 400
f 444 400 346
f 445 401 345
f 445 347 401
f 403 348 402
f 350 349 348
f 438 257 403
f 446 404 260
f 447 351 404
f 448 357 351
f 449 354 359
f 450 355 354
f 437 340 405
f 437 405 355
f 449 356 357
f 449 358 356
f 451 361 347
f 449 359 358
f 451 406 361
f 452 298 407
f 453 408 298
f 410 409 300
f 454 365 409
f 453 366 408
f 409 410 302
f 456 411 367
f 409 302 411
f 457 368 372
f 414 304 412
f 459 369 413
f 460 370 369
f 461 371 414
f 416 415 96
f 457 372 415
f 462 416 373
f 463 374 376
f 463 373 374
f 463 376 417
f 420 317 419
f 421 318 420
f 424 324 422
f 464 422 380
f 464 380 421
f 465 381 423
f 465 417 381
f 387 382 424
f 465 423 382
f 466 384 425
f 467 325 426
f 429 327 335
f 428 426 328
f 432 382 389
f 468 425 387
f 466 427 384
f 469 330 427
f 469 428 330
f 470 388 429
f 471 331 430
f 471 431 331
f 471 335 431
f 470 339 388
f 472 390 391
f 472 430 390
f 467 433 325
f 473 391 433
f 474 392 394
f 474 432 392
f 475 344 434
f 439 435 341
f 444 346 435
f 470 436 339
f 440 342 436
f 476 394 437
f 403 395 438
f 441 439 396
f 402 397 440
f 477 398 399
f 477 441 398
f 396 343 441
f 478 442 344
f 479 399 442
f 480 443 400
f 445 345 443
f 480 400 444
f 451 347 445
f 395 403 402
f 350 348 403
f 481 404 446
f 448 351 447
f 482 357 448
f 483 354 449
f 483 450 354
f 437 355 450
f 482 449 357
f 453 298 452
f 485 454 409
f 455 366 453
f 368 456 367
f 486 411 456
f 485 409 411
f 456 368 457
f 488 414 412
f 489 459 413
f 460 369 459
f 490 370 460
f 491 461 414
f 413 371 461
f 492 415 416
f 492 457 415
f 493 462 373
f 494 416 462
f 493 373 463
f 495 463 417
f 496 420 419
f 497 421 420
f 387 424 422
f 387 422 464
f 466 464 421
f 498 417 465
f 498 465 382
f 468 466 425
f 433 467 426
f 471 429 335
f 499 426 428
f 500 382 432
f 466 468 387
f 421 427 466
f 501 469 427
f 502 428 469
f 503 470 429
f 504 471 430
f 473 472 391
f 505 430 472
f 506 473 433
f 495 474 394
f 500 432 474
f 478 344 475
f 508 435 439
f 508 444 435
f 509 436 470
f 510 440 436
f 511 476 437
f 493 394 476
f 512 439 441
f 395 402 440
f 514 477 399
f 515 441 477
f 479 442 478
f 514 399 479
f 516 443 480
f 517 480 444
f 447 404 481
f 518 448 447
f 519 482 448
f 450 483 449
f 511 437 450
f 520 449 482
f 455 453 452
f 411 454 485
f 457 486 456
f 522 411 486
f 412 458 487
f 487 488 412
f 523 414 488
f 461 489 413
f 524 459 489
f 525 460 459
f 523 491 414
f 489 461 491
f 494 492 416
f 526 457 492
f 511 462 493
f 450 494 462
f 495 493 463
f 498 495 417
f 527 496 419
f 528 420 496
f 528 497 420
f 466 387 464
f 500 498 382
f 529 433 426
f 530 429 471
f 502 499 428
f 531 426 499
f 501 427 421
f 497 469 501
f 497 502 469
f 509 503 429
f 509 470 503
f 505 504 430
f 532 471 504
f 533 472 473
f 533 505 472
f 529 506 433
f 534 473 506
f 493 495 394
f 500 474 495
f 535 507 395
f 512 508 439
f 517 444 508
f 536 436 509
f 536 510 436
f 537 440 510
f 493 476 511
f 538 512 441
f 535 395 440
f 540 477 514
f 538 441 515
f 486 447 481
f 486 518 447
f 519 448 518
f 520 482 519
f 520 450 449
f 462 511 450
f 522 454 411
f 526 486 457
f 542 522 486
f 543 488 487
f 544 523 488
f 545 524 489
f 546 459 524
f 546 525 459
f 547 491 523
f 548 492 494
f 548 526 492
f 549 494 450
f 500 495 498
f 528 496 527
f 551 497 528
f 552 529 426
f 553 530 471
f 553 429 530
f 551 499 502
f 554 531 499
f 552 426 531
f 497 501 421
f 551 502 497
f 553 509 429
f 553 471 532
f 534 533 473
f 539 506 529
f 539 534 506
f 537 507 535
f 556 508 512
f 556 517 508
f 510 536 509
f 555 537 510
f 535 440 537
f 557 512 538
f 553 532 513
f 486 481 541
f 519 518 486
f 548 520 519
f 549 450 520
f 548 486 526
f 541 542 486
f 562 523 544
f 547 545 489
f 563 524 545
f 563 546 524
f 562 547 523
f 489 491 547
f 520 548 494
f 520 494 549
f 564 528 527
f 564 551 528
f 565 529 552
f 566 499 551
f 566 554 499
f 565 531 554
f 565 552 531
f 560 509 553
f 568 539 529
f 555 507 537
f 557 517 556
f 560 510 509
f 556 512 557
f 568 558 539
f 553 513 560
f 548 519 486
f 562 545 547
f 569 563 545
f 570 546 563
f 571 527 550
f 571 564 527
f 566 551 564
f 568 529 565
f 572 554 566
f 572 565 554
f 559 558 568
f 576 545 562
f 576 569 545
f 577 564 571
f 577 566 564
f 578 568 565
f 577 572 566
f 579 565 572
f 581 559 568
f 582 574 559
f 579 578 565
f 581 568 578
f 583 575 573
f 581 582 559
f 580 574 582
f 582 581 578
f 584 582 578
f 585 159 168
f 586 194 159
f 587 191 205
f 586 205 225
f 586 228 194
f 586 225 228
f 585 168 322
f 326 323 177
f 588 322 323
f 589 544 488
f 590 562 544
f 591 563 569
f 592 576 562
f 592 569 576
f 593 159 585
f 594 586 159
f 586 587 205
f 595 191 587
f 596 585 322
f 597 323 326
f 597 588 323
f 596 322 588
f 590 544 589
f 592 562 590
f 598 591 569
f 599 563 591
f 598 569 592
f 600 593 585
f 594 159 593
f 593 586 594
f 601 587 586
f 602 585 596
f 603 588 597
f 604 596 588
f 603 591 598
f 605 599 591
f 606 598 592
f 607 600 585
f 601 593 600
f 593 601 586
f 608 602 596
f 607 585 602
f 609 603 597
f 604 588 603
f 603 596 604
f 609 597 605
f 606 603 598
f 609 591 603
f 609 605 591
f 610 606 592
f 601 600 607
f 603 608 596
f 611 602 608
f 612 607 602
f 610 603 606
f 611 608 603
f 615 602 611
f 615 612 602
f 616 610 613
f 611 603 610
f 613 615 611
f 611 610 616
f 618 617 614
f 616 613 611
f 619 200 184
f 620 201 191
f 621 214 200
f 622 215 216
f 622 184 215
f 622 216 201
f 621 235 214
f 623 337 235
f 624 434 337
f 624 475 434
f 624 478 475
f 625 191 595
f 625 595 587
f 626 587 601
f 626 601 607
f 626 607 612
f 627 614 617
f 628 612 614
f 630 619 184
f 621 200 619
f 625 620 191
f 622 201 620
f 631 184 622
f 632 235 621
f 633 623 235
f 624 337 623
f 620 625 587
f 627 587 626
f 628 626 612
f 634 627 617
f 626 614 627
f 635 617 629
f 631 630 184
f 631 619 630
f 636 621 619
f 631 622 620
f 637 632 621
f 633 235 632
f 638 623 633
f 638 624 623
f 627 620 587
f 639 634 617
f 640 627 634
f 628 614 626
f 639 617 635
f 636 619 631
f 641 621 636
f 627 631 620
f 642 637 621
f 643 632 637
f 643 633 632
f 643 638 633
f 644 634 639
f 631 640 634
f 631 627 640
f 644 639 635
f 645 636 631
f 646 641 636
f 642 621 641
f 647 637 642
f 647 643 637
f 636 634 644
f 645 631 634
f 648 644 635
f 634 636 645
f 649 646 636
f 650 641 646
f 650 642 641
f 650 647 642
f 649 636 644
f 651 644 648
f 652 649 644
f 651 652 644
f 647 638 643
f 653 362 299
f 653 299 364
f 654 301 366
f 655 375 307
f 656 314 377
f 653 407 362
f 655 313 375
f 656 377 418
f 655 418 313
f 656 315 314
f 654 366 455
f 653 484 521
f 657 521 561
f 658 646 649
f 659 407 653
f 660 656 418
f 660 418 655
f 657 653 521
f 652 658 649
f 657 659 653
f 657 407 659
f 665 661 662
f 667 663 666
f 670 664 667
f 673 661 665
f 676 667 666
f 676 670 667
f 673 665 671
f 678 669 668
f 679 672 669
f 680 661 673
f 680 674 661
f 676 666 675
f 681 670 676
f 682 673 671
f 678 668 677
f 683 669 678
f 683 679 669
f 681 676 675
f 680 673 682
f 685 678 677
f 686 683 678
f 687 679 683
f 689 678 685
f 689 686 678
f 689 683 686
f 690 687 683
f 684 679 687
f 691 685 688
f 691 689 685
f 690 683 689
f 692 687 690
f 693 689 691
f 694 690 689
f 693 692 690
f 695 693 691
f 694 689 693
f 693 690 694
f 696 97 93
f 697 260 293
f 698 93 301
f 696 307 97
f 699 125 315
f 700 293 360
f 701 316 379
f 701 379 125
f 702 360 406
f 701 419 316
f 703 406 451
f 704 452 407
f 705 445 443
f 703 451 445
f 706 515 477
f 707 443 516
f 708 516 480
f 708 480 517
f 709 455 452
f 710 527 419
f 706 477 540
f 711 538 515
f 712 557 538
f 713 517 557
f 714 570 563
f 710 550 527
f 715 577 571
f 716 580 582
f 717 592 590
f 714 563 599
f 717 610 592
f 618 612 615
f 717 613 610
f 718 617 618
f 612 618 614
f 718 629 617
f 718 635 629
f 719 301 654
f 720 655 307
f 721 315 656
f 722 657 561
f 723 656 660
f 724 660 655
f 704 407 657
f 725 662 661
f 726 665 662
f 727 663 667
f 728 664 670
f 727 667 664
f 729 671 665
f 730 668 669
f 684 672 679
f 731 669 672
f 732 674 680
f 733 661 674
f 734 670 681
f 734 682 671
f 735 677 668
f 736 681 675
f 732 680 682
f 737 685 677
f 738 684 687
f 739 688 685
f 739 691 688
f 740 687 692
f 740 692 693
f 741 693 695
f 741 695 691
f 698 696 93
f 742 698 301
f 720 307 696
f 743 699 315
f 701 125 699
f 697 293 700
f 703 702 406
f 744 419 701
f 709 452 704
f 707 705 443
f 745 445 705
f 745 703 445
f 711 515 706
f 746 707 516
f 746 516 708
f 747 708 517
f 654 455 709
f 744 710 419
f 712 538 711
f 713 557 712
f 747 517 713
f 748 550 710
f 750 715 571
f 752 618 613
f 752 718 618
f 753 635 718
f 754 719 654
f 742 301 719
f 724 655 720
f 723 721 656
f 743 315 721
f 755 657 722
f 724 723 660
f 756 704 657
f 757 725 661
f 758 662 725
f 758 726 662
f 729 665 726
f 759 663 727
f 760 728 670
f 761 664 728
f 761 727 664
f 760 671 729
f 762 730 669
f 763 668 730
f 764 672 684
f 764 731 672
f 762 669 731
f 733 674 732
f 765 661 733
f 766 734 681
f 760 670 734
f 767 734 671
f 766 682 734
f 763 735 668
f 737 677 735
f 768 736 675
f 766 681 736
f 769 732 682
f 739 685 737
f 740 738 687
f 764 684 738
f 741 691 739
f 772 740 693
f 773 693 741
f 720 696 698
f 774 698 742
f 775 699 743
f 775 701 699
f 745 702 703
f 710 744 701
f 776 709 704
f 746 705 707
f 777 711 706
f 747 746 708
f 754 654 709
f 778 713 712
f 779 747 713
f 701 748 710
f 780 550 748
f 780 749 550
f 742 719 754
f 781 724 720
f 782 721 723
f 782 743 721
f 755 722 751
f 783 657 755
f 784 723 724
f 783 756 657
f 785 704 756
f 786 757 661
f 787 725 757
f 787 758 725
f 788 726 758
f 789 729 726
f 761 728 760
f 791 727 761
f 789 760 729
f 767 671 760
f 792 730 762
f 793 763 730
f 794 731 764
f 792 762 731
f 795 733 732
f 795 765 733
f 796 661 765
f 767 760 734
f 798 682 766
f 799 735 763
f 799 737 735
f 800 768 675
f 800 736 768
f 801 766 736
f 798 769 682
f 795 732 769
f 802 739 737
f 803 738 740
f 804 764 738
f 805 741 739
f 806 772 693
f 807 740 772
f 808 773 741
f 806 693 773
f 781 720 698
f 809 774 742
f 781 698 774
f 810 775 743
f 748 701 775
f 785 776 704
f 754 709 776
f 811 705 746
f 812 711 777
f 811 746 747
f 813 713 778
f 813 779 713
f 811 747 779
f 814 780 748
f 815 749 780
f 776 742 754
f 784 724 781
f 816 782 723
f 810 743 782
f 817 783 755
f 816 723 784
f 818 756 783
f 819 785 756
f 820 786 661
f 821 757 786
f 821 787 757
f 822 758 787
f 822 788 758
f 761 726 788
f 761 789 726
f 791 790 727
f 789 761 760
f 823 791 761
f 793 730 792
f 824 763 793
f 825 794 764
f 826 731 794
f 826 792 731
f 827 765 795
f 828 796 765
f 820 661 796
f 800 675 797
f 801 798 766
f 829 799 763
f 802 737 799
f 801 736 800
f 830 769 798
f 830 795 769
f 805 739 802
f 831 738 803
f 831 804 738
f 825 764 804
f 808 741 805
f 834 772 806
f 834 807 772
f 803 740 807
f 835 773 808
f 836 806 773
f 776 809 742
f 837 774 809
f 838 781 774
f 839 775 810
f 840 748 775
f 809 776 785
f 842 812 777
f 778 711 812
f 843 813 778
f 844 779 813
f 840 814 748
f 815 780 814
f 838 784 781
f 810 782 816
f 818 783 817
f 845 816 784
f 846 756 818
f 846 819 756
f 847 785 819
f 796 786 820
f 848 821 786
f 822 787 821
f 823 788 822
f 823 761 788
f 849 790 791
f 826 793 792
f 850 824 793
f 829 763 824
f 826 794 825
f 851 827 795
f 852 765 827
f 852 828 765
f 853 796 828
f 830 798 801
f 854 799 829
f 854 802 799
f 855 801 800
f 856 795 830
f 857 805 802
f 807 831 803
f 858 804 831
f 859 825 804
f 833 770 832
f 857 808 805
f 836 834 806
f 861 807 834
f 862 835 808
f 836 773 835
f 847 837 809
f 838 774 837
f 863 839 810
f 814 775 839
f 814 840 775
f 847 809 785
f 842 777 841
f 864 812 842
f 843 778 812
f 865 813 843
f 865 779 844
f 866 815 814
f 845 784 838
f 867 810 816
f 868 818 817
f 867 816 845
f 868 846 818
f 869 819 846
f 870 847 819
f 871 786 796
f 872 848 786
f 873 821 848
f 873 822 821
f 874 823 822
f 823 849 791
f 875 793 826
f 876 850 793
f 877 824 850
f 854 829 824
f 878 826 825
f 879 851 795
f 852 827 851
f 853 828 852
f 871 796 853
f 880 830 801
f 881 802 854
f 882 801 855
f 880 856 830
f 879 795 856
f 883 857 802
f 858 831 807
f 884 804 858
f 885 859 804
f 886 825 859
f 887 833 832
f 862 808 857
f 888 860 833
f 889 771 860
f 890 834 836
f 890 861 834
f 891 807 861
f 892 835 862
f 893 836 835
f 894 837 847
f 895 838 837
f 896 863 810
f 814 839 863
f 843 812 864
f 897 865 843
f 844 813 865
f 863 866 814
f 895 845 838
f 896 810 867
f 898 868 817
f 899 867 845
f 869 846 868
f 870 819 869
f 894 847 870
f 900 786 871
f 900 872 786
f 901 848 872
f 901 873 848
f 902 822 873
f 849 823 874
f 886 875 826
f 903 793 875
f 903 876 793
f 903 850 876
f 904 877 850
f 854 824 877
f 886 878 825
f 886 826 878
f 905 851 879
f 906 852 851
f 907 853 852
f 900 871 853
f 882 880 801
f 904 881 854
f 883 802 881
f 908 882 855
f 882 856 880
f 909 879 856
f 910 857 883
f 891 884 858
f 911 804 884
f 911 885 804
f 912 859 885
f 913 833 887
f 910 862 857
f 913 888 833
f 889 860 888
f 893 890 836
f 915 861 890
f 915 891 861
f 858 807 891
f 916 892 862
f 893 835 892
f 917 837 894
f 918 895 837
f 919 863 896
f 897 843 864
f 921 865 897
f 899 845 895
f 899 896 867
f 923 868 898
f 924 869 868
f 924 870 869
f 925 894 870
f 926 872 900
f 927 901 872
f 902 873 901
f 928 875 886
f 929 903 875
f 930 850 903
f 931 904 850
f 909 905 879
f 932 851 905
f 932 906 851
f 933 852 906
f 933 907 852
f 934 853 907
f 935 900 853
f 877 904 854
f 936 881 904
f 937 883 881
f 909 882 908
f 909 856 882
f 938 910 883
f 939 884 891
f 940 911 884
f 940 912 885
f 886 859 912
f 942 913 887
f 916 862 910
f 943 888 913
f 944 889 888
f 944 914 889
f 945 890 893
f 946 915 890
f 947 891 915
f 948 892 916
f 945 893 892
f 918 837 917
f 899 895 918
f 949 919 896
f 951 864 920
f 951 897 864
f 951 921 897
f 922 865 921
f 949 896 899
f 953 868 923
f 954 924 868
f 925 870 924
f 917 894 925
f 955 926 900
f 927 872 926
f 956 901 927
f 957 902 901
f 958 928 886
f 929 875 928
f 959 903 929
f 960 930 903
f 931 850 930
f 936 904 931
f 961 905 909
f 962 932 905
f 963 906 932
f 964 933 906
f 965 907 933
f 965 934 907
f 935 853 934
f 955 900 935
f 966 881 936
f 966 937 881
f 938 883 937
f 967 909 908
f 968 910 938
f 969 939 891
f 969 884 939
f 969 940 884
f 885 911 940
f 970 912 940
f 958 886 912
f 943 913 942
f 968 916 910
f 974 914 944
f 946 890 945
f 976 915 946
f 969 891 947
f 977 948 916
f 945 892 948
f 978 918 917
f 979 899 918
f 980 919 949
f 981 920 950
f 981 951 920
f 982 921 951
f 953 923 952
f 980 949 899
f 954 868 953
f 983 924 954
f 984 925 924
f 978 917 925
f 985 926 955
f 985 927 926
f 986 956 927
f 957 901 956
f 987 902 957
f 988 928 958
f 988 929 928
f 983 959 929
f 960 903 959
f 989 930 960
f 990 931 930
f 990 936 931
f 967 961 909
f 962 905 961
f 991 932 962
f 992 963 932
f 993 906 963
f 993 964 906
f 994 933 964
f 994 965 933
f 995 934 965
f 996 935 934
f 996 955 935
f 997 966 936
f 938 937 966
f 975 967 908
f 998 968 938
f 999 940 969
f 1000 970 940
f 958 912 970
f 1001 941 971
f 1002 972 941
f 977 916 968
f 974 975 914
f 1003 946 945
f 1003 976 946
f 947 915 976
f 1004 969 947
f 1005 948 977
f 1005 945 948
f 1006 918 978
f 1006 979 918
f 980 899 979
f 1007 919 980
f 986 981 950
f 1008 951 981
f 1009 982 951
f 1010 953 952
f 1011 954 953
f 1011 983 954
f 1012 924 983
f 1012 984 924
f 1012 925 984
f 1013 978 925
f 1014 985 955
f 1008 927 985
f 981 986 927
f 957 956 986
f 986 987 957
f 929 988 958
f 1015 983 929
f 989 959 983
f 959 989 960
f 1016 930 989
f 1016 990 930
f 1017 936 990
f 975 961 967
f 975 962 961
f 1018 991 962
f 992 932 991
f 993 963 992
f 1019 965 994
f 1019 995 965
f 996 934 995
f 1014 955 996
f 1020 997 936
f 1021 966 997
f 998 938 966
f 1022 968 998
f 1023 999 969
f 1000 940 999
f 1024 970 1000
f 1025 958 970
f 1026 941 1001
f 1027 1002 941
f 1028 972 1002
f 1022 977 968
f 962 975 974
f 1005 1003 945
f 1030 976 1003
f 1023 947 976
f 1023 969 1004
f 1031 1005 977
f 1013 1006 978
f 980 979 1006
f 927 1008 981
f 1009 951 1008
f 1032 982 1009
f 1034 953 1010
f 1034 1011 953
f 989 983 1011
f 1035 1012 983
f 1013 925 1012
f 1009 985 1014
f 1009 1008 985
f 1015 929 958
f 1035 983 1015
f 1036 1016 989
f 1017 990 1016
f 1020 936 1017
f 974 1018 962
f 973 991 1018
f 973 992 991
f 1037 995 1019
f 1038 996 995
f 1038 1014 996
f 1021 997 1020
f 998 966 1021
f 1039 1022 998
f 1040 999 1023
f 1041 1000 999
f 1041 1024 1000
f 1025 970 1024
f 1042 958 1025
f 1044 1026 1001
f 1027 941 1026
f 1028 1002 1027
f 1045 972 1028
f 1045 1029 972
f 1046 977 1022
f 1031 1003 1005
f 1047 1030 1003
f 1048 976 1030
f 1048 1023 976
f 1004 947 1023
f 1049 1031 977
f 1050 1006 1013
f 1051 980 1006
f 1014 1032 1009
f 1033 982 1032
f 1052 1034 1010
f 1036 1011 1034
f 1036 989 1011
f 1042 1012 1035
f 1050 1013 1012
f 1042 1015 958
f 1042 1035 1015
f 1053 1016 1036
f 1053 1017 1016
f 1054 1020 1017
f 1038 995 1037
f 1032 1014 1038
f 1055 1021 1020
f 1055 998 1021
f 1055 1039 998
f 1055 1022 1039
f 1048 1040 1023
f 1048 999 1040
f 1048 1041 999
f 1056 1024 1041
f 1057 1025 1024
f 1057 1042 1025
f 1044 1001 1043
f 1058 1026 1044
f 1059 1027 1026
f 1060 1028 1027
f 1055 1045 1028
f 1061 1029 1045
f 1059 1046 1022
f 1063 977 1046
f 1047 1003 1031
f 1064 1030 1047
f 1064 1048 1030
f 1065 1049 977
f 1047 1031 1049
f 1051 1006 1050
f 1066 980 1051
f 1038 1033 1032
f 1036 1034 1052
f 1057 1012 1042
f 1067 1050 1012
f 1052 1053 1036
f 1054 1017 1053
f 1055 1020 1054
f 1033 1038 1037
f 1060 1022 1055
f 1068 1041 1048
f 1069 1056 1041
f 1057 1024 1056
f 1070 1044 1043
f 1065 1058 1044
f 1059 1026 1058
f 1060 1027 1059
f 1055 1028 1060
f 1054 1045 1055
f 1054 1061 1045
f 1062 1029 1061
f 1060 1059 1022
f 1063 1046 1059
f 1065 977 1063
f 1071 1064 1047
f 1068 1048 1064
f 1044 1049 1065
f 1072 1047 1049
f 1067 1051 1050
f 1067 1066 1051
f 1073 980 1066
f 1074 1012 1057
f 1075 1067 1012
f 1062 1054 1053
f 1069 1041 1068
f 1076 1056 1069
f 1076 1057 1056
f 1049 1044 1070
f 1059 1058 1065
f 1062 1061 1054
f 1065 1063 1059
f 1078 1071 1047
f 1079 1064 1071
f 1080 1068 1064
f 1070 1072 1049
f 1078 1047 1072
f 1073 1066 1067
f 1076 1074 1057
f 1075 1012 1074
f 1074 1067 1075
f 1080 1069 1068
f 1072 1070 1077
f 1082 1071 1078
f 1082 1079 1071
f 1080 1064 1079
f 1083 1078 1072
f 1084 1074 1076
f 1085 1069 1080
f 1087 1077 1081
f 1083 1072 1077
f 1077 1082 1078
f 1088 1079 1082
f 1085 1080 1079
f 1077 1078 1083
f 1086 1069 1085
f 1089 1087 1081
f 1082 1077 1087
f 1087 1088 1082
f 1090 1079 1088
f 1090 1085 1079
f 1090 1086 1085
f 1094 1089 1081
f 1088 1087 1089
f 1095 1090 1088
f 1090 1091 1086
f 1095 1088 1089
f 1097 1090 1095
f 1092 1091 1090
f 1095 1093 1096
f 1092 1090 1097
f 1097 1096 1092
f 1097 1095 1096
f 1098 364 365
f 1099 446 260
f 1098 365 454
f 1100 481 446
f 1101 479 478
f 1101 514 479
f 1102 540 514
f 1103 454 522
f 1103 522 542
f 1104 488 543
f 1104 543 487
f 1105 525 546
f 1100 541 481
f 1103 542 541
f 1105 546 570
f 1107 571 550
f 1108 572 577
f 1109 579 572
f 1110 567 580
f 1109 578 579
f 1111 575 583
f 1113 582 584
f 1113 584 578
f 1104 589 488
f 618 615 613
f 1114 478 624
f 1098 653 364
f 1098 484 653
f 1098 521 484
f 1115 561 521
f 1116 260 697
f 1117 700 360
f 1117 360 702
f 1102 706 540
f 1118 570 714
f 1108 577 715
f 1119 580 716
f 1120 716 582
f 1121 717 590
f 1122 613 717
f 751 722 561
f 1117 697 700
f 1123 745 705
f 778 712 711
f 1124 715 750
f 1107 750 571
f 1122 752 613
f 1122 718 752
f 1125 702 745
f 1126 777 706
f 1107 550 749
f 1123 705 811
f 1127 811 779
f 1124 749 815
f 860 771 833
f 1126 841 777
f 1126 842 841
f 1128 864 842
f 1127 779 865
f 1129 815 866
f 1129 866 863
f 1130 863 919
f 973 888 943
f 973 944 888
f 1128 920 864
f 1131 865 922
f 1131 922 921
f 1132 942 972
f 1133 943 942
f 1018 974 944
f 1128 950 920
f 1134 921 982
f 1135 964 993
f 1135 994 964
f 1136 919 1007
f 1136 1007 980
f 1137 993 992
f 1138 1019 994
f 944 973 1018
f 1139 992 973
f 1140 1037 1019
f 1134 982 1033
f 1141 1053 1052
f 1142 1033 1037
f 1143 1029 1062
f 1144 980 1073
f 1141 1062 1053
f 1145 1076 1069
f 1146 1073 1067
f 1146 1067 1074
f 1147 1074 1084
f 1145 1084 1076
f 1145 1069 1086
f 1148 1086 1091
f 1148 1091 1092
f 1149 1092 1096
f 1116 1099 260
f 1100 446 1099
f 1150 1098 454
f 1151 1101 478
f 1152 514 1101
f 1152 1102 514
f 1150 454 1103
f 1103 541 1100
f 1110 1106 567
f 1118 1105 570
f 1109 572 1108
f 1119 1110 580
f 1113 578 1109
f 1153 575 1111
f 1153 1112 575
f 1120 582 1113
f 1112 478 1114
f 1115 521 1098
f 1155 561 1115
f 1117 1116 697
f 1156 1117 702
f 1157 706 1102
f 1158 1108 715
f 1159 1119 716
f 1159 716 1120
f 1154 1121 590
f 1122 717 1121
f 1160 751 561
f 1161 745 1123
f 1107 1124 750
f 1162 715 1124
f 1161 1125 745
f 1156 702 1125
f 1163 1126 706
f 1124 1107 749
f 1127 1123 811
f 1164 1124 815
f 1128 842 1126
f 1131 1127 865
f 1164 815 1129
f 1130 1129 863
f 1136 1130 919
f 1165 973 943
f 1134 1131 921
f 1133 942 1132
f 1165 943 1133
f 1166 1135 993
f 1138 994 1135
f 1167 1136 980
f 1168 1137 992
f 1166 993 1137
f 1140 1019 1138
f 1165 1139 973
f 1169 992 1139
f 1142 1037 1140
f 1143 1132 1029
f 1142 1134 1033
f 1170 1143 1062
f 1146 1144 1073
f 1171 980 1144
f 1147 1146 1074
f 1145 1147 1084
f 1148 1145 1086
f 1172 1148 1092
f 1172 1092 1149
f 1100 1099 1116
f 1115 1098 1150
f 1112 1151 478
f 1153 1101 1151
f 1173 1102 1152
f 1174 1150 1103
f 1174 1103 1100
f 1175 1106 1110
f 1176 1109 1108
f 1175 1110 1119
f 1177 1113 1109
f 1151 1112 1153
f 1159 1120 1113
f 1178 1155 1115
f 1179 561 1155
f 1180 1116 1117
f 1181 1117 1156
f 1173 1157 1102
f 1163 706 1157
f 1182 1158 715
f 1176 1108 1158
f 1183 1119 1159
f 1184 1160 561
f 1127 1161 1123
f 1182 1162 1124
f 1182 715 1162
f 1185 1125 1161
f 1185 1156 1125
f 1186 1124 1164
f 1187 1127 1131
f 1186 1164 1129
f 1188 1129 1130
f 1188 1130 1136
f 1189 1131 1134
f 1190 1133 1132
f 1190 1165 1133
f 1191 1135 1166
f 1191 1138 1135
f 1171 1167 980
f 1192 1136 1167
f 1169 1168 992
f 1169 1137 1168
f 1191 1166 1137
f 1193 1140 1138
f 1169 1139 1165
f 1194 1142 1140
f 1190 1132 1143
f 1195 1134 1142
f 1141 1170 1062
f 1197 1143 1170
f 1198 1144 1146
f 1199 1171 1144
f 1198 1146 1147
f 1200 1147 1145
f 1201 1145 1148
f 1202 1148 1172
f 1204 1172 1149
f 1205 1100 1116
f 1178 1115 1150
f 1178 1150 1174
f 1206 1174 1100
f 1177 1109 1176
f 1183 1175 1119
f 1207 1113 1177
f 1207 1159 1113
f 1184 561 1179
f 1208 1180 1117
f 1205 1116 1180
f 1185 1181 1156
f 1208 1117 1181
f 1209 1157 1173
f 1209 1163 1157
f 1210 1158 1182
f 1210 1176 1158
f 1211 1183 1159
f 1179 1160 1184
f 1212 1161 1127
f 1213 1182 1124
f 1214 1185 1161
f 1213 1124 1186
f 1189 1187 1131
f 1212 1127 1187
f 1215 1186 1129
f 1215 1129 1188
f 1192 1188 1136
f 1195 1189 1134
f 1216 1165 1190
f 1193 1138 1191
f 1199 1167 1171
f 1199 1192 1167
f 1217 1137 1169
f 1218 1191 1137
f 1194 1140 1193
f 1216 1169 1165
f 1195 1142 1194
f 1197 1190 1143
f 1170 1141 1196
f 1196 1197 1170
f 1219 1144 1198
f 1220 1199 1144
f 1200 1198 1147
f 1201 1200 1145
f 1221 1201 1148
f 1203 1202 1172
f 1222 1148 1202
f 1204 1149 1203
f 1203 1172 1204
f 1223 1100 1205
f 1224 1178 1174
f 1223 1206 1100
f 1224 1174 1206
f 1225 1177 1176
f 1225 1207 1177
f 1211 1159 1207
f 1226 1180 1208
f 1226 1205 1180
f 1214 1181 1185
f 1227 1208 1181
f 1228 1209 1173
f 1229 1210 1182
f 1230 1176 1210
f 1231 1183 1211
f 1214 1161 1212
f 1232 1182 1213
f 1233 1213 1186
f 1234 1187 1189
f 1235 1212 1187
f 1233 1186 1215
f 1220 1215 1188
f 1220 1188 1192
f 1234 1189 1195
f 1236 1216 1190
f 1218 1193 1191
f 1220 1192 1199
f 1216 1217 1169
f 1237 1137 1217
f 1237 1218 1137
f 1238 1194 1193
f 1234 1195 1194
f 1200 1219 1198
f 1220 1144 1219
f 1239 1200 1201
f 1239 1201 1221
f 1222 1202 1203
f 1221 1148 1222
f 1226 1223 1205
f 1224 1206 1223
f 1230 1225 1176
f 1240 1207 1225
f 1241 1211 1207
f 1242 1181 1214
f 1243 1227 1181
f 1226 1208 1227
f 1232 1229 1182
f 1244 1210 1229
f 1244 1230 1210
f 1245 1214 1212
f 1246 1232 1213
f 1246 1213 1233
f 1247 1187 1234
f 1247 1235 1187
f 1245 1212 1235
f 1246 1233 1215
f 1246 1215 1220
f 1197 1236 1190
f 1217 1216 1236
f 1238 1193 1218
f 1248 1237 1217
f 1249 1218 1237
f 1234 1194 1238
f 1239 1219 1200
f 1239 1220 1219
f 1251 1239 1221
f 1252 1222 1203
f 1252 1221 1222
f 1254 1223 1226
f 1255 1225 1230
f 1256 1240 1225
f 1241 1207 1240
f 1257 1211 1241
f 1235 1242 1214
f 1243 1181 1242
f 1242 1227 1243
f 1258 1229 1232
f 1259 1244 1229
f 1260 1230 1244
f 1235 1214 1245
f 1258 1232 1246
f 1261 1247 1234
f 1242 1235 1247
f 1262 1246 1220
f 1250 1236 1197
f 1263 1217 1236
f 1249 1238 1218
f 1263 1248 1217
f 1264 1237 1248
f 1264 1249 1237
f 1265 1234 1238
f 1267 1220 1239
f 1252 1251 1221
f 1268 1239 1251
f 1269 1252 1203
f 1269 1203 1253
f 1260 1255 1230
f 1256 1225 1255
f 1270 1240 1256
f 1257 1241 1240
f 1271 1227 1242
f 1258 1259 1229
f 1260 1244 1259
f 1268 1258 1246
f 1265 1261 1234
f 1265 1247 1261
f 1265 1242 1247
f 1267 1262 1220
f 1267 1246 1262
f 1263 1236 1250
f 1265 1238 1249
f 1266 1248 1263
f 1273 1264 1248
f 1265 1249 1264
f 1263 1250 1266
f 1268 1267 1239
f 1268 1251 1252
f 1274 1252 1269
f 1274 1269 1253
f 1270 1255 1260
f 1270 1256 1255
f 1257 1240 1270
f 1275 1271 1242
f 1275 1227 1271
f 1275 1272 1227
f 1260 1259 1258
f 1276 1268 1246
f 1274 1258 1268
f 1277 1242 1265
f 1276 1246 1267
f 1273 1248 1266
f 1278 1264 1273
f 1278 1265 1264
f 1276 1267 1268
f 1279 1268 1252
f 1279 1252 1274
f 1280 1274 1253
f 1281 1275 1242
f 1281 1272 1275
f 1274 1260 1258
f 1279 1274 1268
f 1282 1277 1265
f 1282 1242 1277
f 1278 1273 1266
f 1272 1265 1278
f 1260 1274 1280
f 1282 1281 1242
f 1265 1272 1281
f 1281 1282 1265
f 1112 573 575
f 1283 755 751
f 1283 817 755
f 1284 898 817
f 1285 923 898
f 1286 942 887
f 1285 952 923
f 1286 941 972
f 1287 1010 952
f 1132 972 1029
f 1287 1052 1010
f 1288 1096 1093
f 1286 972 942
f 1289 1141 1052
f 1290 1152 1101
f 1291 1153 1111
f 1292 751 1160
f 1290 1101 1153
f 1293 1173 1152
f 1294 1155 1178
f 1294 1179 1155
f 1292 1160 1179
f 1289 1196 1141
f 1295 1197 1196
f 1288 1203 1149
f 1296 1178 1224
f 1297 1224 1223
f 1298 1226 1227
f 1298 1223 1254
f 1295 1250 1197
f 1299 1253 1203
f 1300 1266 1250
f 1301 1270 1260
f 1302 1257 1270
f 1298 1227 1272
f 1303 1280 1253
f 1300 1278 1266
f 1304 1272 1278
f 1301 1260 1280
f 1305 1283 751
f 1306 817 1283
f 1306 1284 817
f 1285 898 1284
f 1307 952 1285
f 1307 1287 952
f 1289 1052 1287
f 1149 1096 1288
f 1293 1152 1290
f 1308 1291 1111
f 1290 1153 1291
f 1305 751 1292
f 1309 1173 1293
f 1296 1294 1178
f 1292 1179 1294
f 1310 1196 1289
f 1311 1295 1196
f 1312 1203 1288
f 1297 1296 1224
f 1298 1297 1223
f 1254 1226 1298
f 1300 1250 1295
f 1312 1299 1203
f 1313 1253 1299
f 1302 1270 1301
f 1314 1298 1272
f 1313 1303 1253
f 1315 1280 1303
f 1316 1278 1300
f 1316 1304 1278
f 1314 1272 1304
f 1315 1301 1280
f 1317 1283 1305
f 1284 1306 1283
f 1318 1285 1284
f 1310 1307 1285
f 1319 1287 1307
f 1319 1289 1287
f 1320 1293 1290
f 1321 1290 1291
f 1317 1305 1292
f 1322 1294 1296
f 1317 1292 1294
f 1319 1310 1289
f 1323 1196 1310
f 1323 1311 1196
f 1323 1295 1311
f 1298 1296 1297
f 1324 1300 1295
f 1325 1299 1312
f 1303 1313 1299
f 1326 1302 1301
f 1327 1298 1314
f 1328 1315 1303
f 1304 1316 1300
f 1329 1314 1304
f 1326 1301 1315
f 1284 1283 1317
f 1330 1318 1284
f 1331 1285 1318
f 1331 1310 1285
f 1319 1307 1310
f 1321 1320 1290
f 1332 1321 1291
f 1327 1322 1296
f 1333 1294 1322
f 1330 1317 1294
f 1334 1323 1310
f 1324 1295 1323
f 1327 1296 1298
f 1304 1300 1324
f 1335 1299 1325
f 1336 1303 1299
f 1337 1328 1303
f 1338 1315 1328
f 1323 1329 1304
f 1327 1314 1329
f 1338 1326 1315
f 1330 1284 1317
f 1339 1318 1330
f 1310 1331 1318
f 1340 1320 1321
f 1333 1322 1327
f 1339 1294 1333
f 1339 1330 1294
f 1342 1334 1310
f 1329 1323 1334
f 1304 1324 1323
f 1336 1335 1325
f 1336 1299 1335
f 1342 1327 1329
f 1342 1318 1339
f 1342 1310 1318
f 1341 1320 1340
f 1342 1333 1327
f 1342 1339 1333
f 1329 1334 1342
f 1344 887 832
f 1344 971 941
f 1345 1001 971
f 1346 1043 1001
f 1347 1070 1043
f 1347 1081 1077
f 1348 1089 1094
f 1349 1094 1081
f 1348 1095 1089
f 1350 1093 1095
f 1344 1286 887
f 1344 941 1286
f 1352 1288 1093
f 1353 1312 1288
f 1353 1325 1312
f 1351 1344 832
f 1345 971 1344
f 1346 1001 1345
f 1356 1043 1346
f 1077 1070 1347
f 1357 1081 1347
f 1358 1348 1094
f 1359 1349 1081
f 1358 1094 1349
f 1350 1095 1348
f 1360 1093 1350
f 1361 1352 1093
f 1353 1288 1352
f 1354 1325 1353
f 1344 1351 1343
f 1362 1345 1344
f 1363 1346 1345
f 1363 1356 1346
f 1347 1043 1356
f 1358 1357 1347
f 1359 1081 1357
f 1364 1348 1358
f 1365 1349 1359
f 1365 1358 1349
f 1360 1350 1348
f 1361 1093 1360
f 1360 1352 1361
f 1366 1353 1352
f 1367 1354 1353
f 1362 1343 1355
f 1370 1344 1343
f 1370 1362 1344
f 1363 1345 1362
f 1371 1356 1363
f 1371 1347 1356
f 1371 1358 1347
f 1359 1357 1358
f 1372 1364 1358
f 1373 1348 1364
f 1358 1365 1359
f 1373 1360 1348
f 1374 1352 1360
f 1374 1366 1352
f 1367 1353 1366
f 1362 1355 1369
f 1370 1343 1362
f 1377 1363 1362
f 1378 1371 1363
f 1379 1358 1371
f 1379 1372 1358
f 1380 1364 1372
f 1380 1373 1364
f 1374 1360 1373
f 1375 1366 1374
f 1375 1367 1366
f 1381 1368 1375
f 1382 1369 1376
f 1383 1362 1369
f 1383 1377 1362
f 1378 1363 1377
f 1384 1371 1378
f 1384 1379 1371
f 1380 1372 1379
f 1385 1373 1380
f 1375 1374 1373
f 1373 1381 1375
f 1386 1369 1382
f 1386 1383 1369
f 1387 1377 1383
f 1388 1378 1377
f 1379 1384 1378
f 1389 1380 1379
f 1389 1385 1380
f 1390 1373 1385
f 1390 1381 1373
f 1387 1386 1382
f 1387 1383 1386
f 1388 1377 1387
f 1389 1378 1388
f 1389 1379 1378
f 1391 1385 1389
f 1391 1390 1385
f 1392 1381 1390
f 1393 1387 1382
f 1391 1388 1387
f 1391 1389 1388
f 1392 1390 1391
f 1394 1393 1382
f 1395 460 525
f 1395 525 1105
f 1403 1399 1400
f 1404 1401 1399
f 1402 1403 1400
f 1404 1399 1403
f 1405 1401 1404
f 1408 1403 1402
f 1409 1404 1403
f 1410 1405 1404
f 1406 1401 1405
f 1408 1402 1407
f 1409 1403 1408
f 1410 1404 1409
f 1411 1405 1410
f 1411 1406 1405
f 1414 1408 1407
f 1415 1409 1408
f 1415 1410 1409
f 1416 1411 1410
f 1412 1406 1411
f 1414 1407 1413
f 1415 1408 1414
f 1416 1410 1415
f 1418 1411 1416
f 1419 1412 1411
f 1421 1413 1417
f 1418 1414 1413
f 1416 1415 1414
f 1414 1418 1416
f 1419 1411 1418
f 1420 1412 1419
f 1423 1421 1417
f 1424 1413 1421
f 1424 1418 1413
f 1425 1419 1418
f 1425 1420 1419
f 1425 1422 1420
f 1427 1423 1417
f 1425 1421 1423
f 1418 1424 1421
f 1421 1425 1418
f 1423 1422 1425
f 1423 1426 1422
f 1426 1423 1427
f 1428 1398 1396
f 1429 1400 1399
f 1430 1399 1401
f 1429 1402 1400
f 1431 1401 1406
f 1432 1407 1402
f 1433 1406 1412
f 1434 1413 1407
f 1434 1417 1413
f 1435 1412 1420
f 1435 1420 1422
f 1436 1427 1417
f 1435 1422 1426
f 1437 1426 1427
f 1438 1429 1399
f 1431 1430 1401
f 1439 1399 1430
f 1440 1402 1429
f 1433 1431 1406
f 1440 1432 1402
f 1434 1407 1432
f 1435 1433 1412
f 1441 1417 1434
f 1437 1427 1436
f 1442 1435 1426
f 1443 1426 1437
f 1444 1438 1399
f 1444 1429 1438
f 1445 1430 1431
f 1445 1439 1430
f 1444 1399 1439
f 1446 1440 1429
f 1445 1431 1433
f 1447 1432 1440
f 1448 1434 1432
f 1449 1433 1435
f 1436 1417 1441
f 1450 1437 1436
f 1451 1442 1426
f 1451 1435 1442
f 1452 1426 1443
f 1446 1429 1444
f 1453 1439 1445
f 1454 1444 1439
f 1447 1440 1446
f 1455 1445 1433
f 1448 1432 1447
f 1441 1434 1448
f 1456 1449 1435
f 1455 1433 1449
f 1457 1436 1441
f 1443 1437 1450
f 1452 1451 1426
f 1456 1435 1451
f 1458 1452 1443
f 1460 1446 1444
f 1461 1453 1445
f 1454 1439 1453
f 1462 1449 1456
f 1463 1455 1449
f 1450 1436 1457
f 1458 1443 1450
f 1464 1451 1452
f 1464 1456 1451
f 1455 1461 1445
f 1466 1454 1453
f 1462 1463 1449
f 1461 1455 1463
f 1467 1450 1457
f 1467 1458 1450
f 1468 1464 1452
f 1468 1456 1464
f 1469 1459 1465
f 1470 1458 1467
f 1472 1469 1465
f 1473 1472 1465
f 1474 1469 1472
f 1475 1472 1473
f 1476 1474 1472
f 1477 1475 1473
f 1476 1472 1475
f 1479 1474 1476
f 1482 1478 1471
f 1483 1476 1475
f 1484 1479 1476
f 1486 1471 1481
f 1486 1482 1471
f 1487 1478 1482
f 1486 1481 1480
f 1490 1482 1486
f 1491 1487 1482
f 1493 1480 1489
f 1493 1486 1480
f 1493 1490 1486
f 1491 1482 1490
f 1494 1487 1491
f 1496 1492 1488
f 1497 1493 1489
f 1497 1490 1493
f 1497 1491 1490
f 1498 1494 1491
f 1499 1487 1494
f 1500 1495 1487
f 1502 1497 1489
f 1503 1491 1497
f 1503 1498 1491
f 1499 1494 1498
f 1500 1487 1499
f 1499 1495 1500
f 1502 1489 1501
f 1501 1497 1502
f 1504 1503 1497
f 1504 1498 1503
f 1505 1499 1498
f 1504 1497 1501
f 1505 1498 1504
f 1506 1499 1505
f 1509 1504 1501
f 1508 1505 1504
f 1508 1506 1505
f 1510 1507 1506
f 1509 1501 1508
f 1508 1504 1509
f 1510 1506 1508
f 1511 1471 1478
f 1513 1478 1487
f 1514 1488 1495
f 1513 1487 1488
f 1515 1492 1496
f 1516 1488 1492
f 1514 1496 1488
f 1514 1495 1499
f 1514 1499 1506
f 1517 1507 1510
f 1514 1506 1507
f 1518 1508 1501
f 1518 1510 1508
f 1513 1511 1478
f 1516 1513 1488
f 1519 1515 1496
f 1520 1492 1515
f 1521 1516 1492
f 1522 1496 1514
f 1523 1517 1510
f 1522 1507 1517
f 1522 1514 1507
f 1523 1510 1518
f 1513 1512 1511
f 1512 1513 1516
f 1522 1519 1496
f 1525 1515 1519
f 1526 1520 1515
f 1521 1492 1520
f 1527 1516 1521
f 1528 1517 1523
f 1528 1522 1517
f 1529 1523 1518
f 1516 1524 1512
f 1525 1519 1522
f 1530 1515 1525
f 1531 1526 1515
f 1521 1520 1526
f 1532 1527 1521
f 1524 1516 1527
f 1529 1528 1523
f 1533 1522 1528
f 1534 1525 1522
f 1530 1531 1515
f 1532 1526 1531
f 1532 1521 1526
f 1533 1528 1529
f 1535 1522 1533
f 1535 1534 1522
f 1536 1525 1534
f 1537 1531 1530
f 1538 1532 1531
f 1539 1535 1533
f 1539 1534 1535
f 1540 1536 1534
f 1541 1539 1533
f 1540 1534 1539
f 1542 1541 1533
f 1542 1539 1541
f 1542 1540 1539
f 6 1 2
f 1543 5 4
f 1546 7 12
f 1547 12 13
f 1545 13 17
f 1548 9 19
f 1545 17 9
f 1548 19 28
f 1549 29 33
f 1550 28 29
f 1551 33 32
f 1551 32 39
f 1552 39 40
f 1552 47 43
f 1553 43 51
f 1553 51 44
f 1554 44 52
f 1554 52 53
f 1555 53 54
f 1557 55 56
f 1558 54 57
f 1544 1543 7
f 1563 1546 12
f 1544 7 1546
f 1545 1547 13
f 1563 12 1547
f 1564 1545 9
f 1565 1548 28
f 1551 1549 33
f 1550 29 1549
f 1565 28 1550
f 1552 1551 39
f 47 1552 40
f 1554 1553 44
f 1555 1554 53
f 1566 1555 54
f 1557 56 1556
f 57 55 1557
f 1567 1558 57
f 1566 54 1558
f 1544 1562 1543
f 1546 1563 1544
f 1570 1565 1550
f 1555 1553 1554
f 1571 1555 1566
f 1572 1557 1556
f 1573 57 1557
f 1574 1558 1567
f 1575 1566 1558
f 1572 1556 1568
f 1576 1569 1559
f 1577 1561 1560
f 1578 1559 1561
f 1555 1571 1553
f 1579 1571 1566
f 1573 1557 1572
f 1567 57 1573
f 1580 1574 1567
f 1575 1558 1574
f 1576 1568 1569
f 1581 1572 1568
f 1578 1576 1559
f 1582 1577 1560
f 1582 1561 1577
f 1583 1578 1561
f 1581 1573 1572
f 1581 1567 1573
f 1581 1580 1567
f 1584 1568 1576
f 1585 1581 1568
f 1585 1576 1578
f 1583 1561 1582
f 1586 1578 1583
f 1588 1580 1581
f 1585 1584 1576
f 1585 1568 1584
f 1590 1581 1585
f 1586 1585 1578
f 1586 1583 1582
f 1591 1582 1587
f 1592 1588 1581
f 1593 1580 1588
f 1593 1589 1580
f 1594 1590 1585
f 1592 1581 1590
f 1595 1585 1586
f 1591 1586 1582
f 1593 1588 1592
f 1596 1594 1585
f 1592 1590 1594
f 1596 1595 1586
f 1596 1585 1595
f 1597 1586 1591
f 1598 1593 1592
f 1599 1594 1596
f 1600 1592 1594
f 1597 1596 1586
f 1601 1598 1592
f 1602 1599 1596
f 1603 1594 1599
f 1601 1600 1594
f 1601 1592 1600
f 1604 1596 1597
f 1605 1598 1601
f 1604 1602 1596
f 1606 1603 1599
f 1601 1594 1603
f 1603 1605 1601
f 1607 1606 1599
f 1605 1603 1606
f 1608 1606 1607
f 1609 1605 1606
f 1610 9 1548
f 1611 1552 43
f 1612 43 1553
f 1610 1548 1565
f 1613 1549 1551
f 1614 1550 1549
f 1615 1551 1552
f 1616 1570 1550
f 1617 1566 1575
f 1612 1553 1571
f 1618 1571 1579
f 1618 1579 1566
f 1619 1574 1580
f 1620 1575 1574
f 1621 1589 1593
f 1619 1580 1589
f 1622 1593 1598
f 1623 1598 1605
f 1624 1605 1609
f 1624 1609 1606
f 1615 1611 43
f 1615 1552 1611
f 1625 43 1612
f 1626 1613 1551
f 1614 1549 1613
f 1616 1550 1614
f 1627 1551 1615
f 1628 1570 1616
f 1629 1617 1575
f 1618 1566 1617
f 1630 1612 1571
f 1630 1571 1618
f 1631 1574 1619
f 1631 1620 1574
f 1632 1575 1620
f 1633 1621 1593
f 1619 1589 1621
f 1634 1622 1598
f 1633 1593 1622
f 1635 1623 1605
f 1635 1598 1623
f 1635 1605 1624
f 1625 1615 43
f 1630 1625 1612
f 1637 1626 1551
f 1614 1613 1626
f 1638 1616 1614
f 1637 1627 1615
f 1637 1551 1627
f 1632 1629 1575
f 1618 1617 1629
f 1639 1630 1618
f 1640 1631 1619
f 1632 1620 1631
f 1622 1621 1633
f 1641 1619 1621
f 1635 1634 1598
f 1621 1622 1634
f 1642 1635 1624
f 1642 1624 1636
f 1639 1615 1625
f 1639 1625 1630
f 1643 1626 1637
f 1644 1614 1626
f 1644 1638 1614
f 1645 1616 1638
f 1643 1637 1615
f 1646 1629 1632
f 1647 1618 1629
f 1647 1639 1618
f 1648 1640 1619
f 1649 1631 1640
f 1649 1632 1631
f 1650 1641 1621
f 1651 1619 1641
f 1652 1634 1635
f 1653 1621 1634
f 1652 1635 1642
f 1654 1642 1636
f 1655 1615 1639
f 1656 1626 1643
f 1638 1644 1626
f 1657 1645 1638
f 1655 1643 1615
f 1649 1646 1632
f 1658 1629 1646
f 1658 1647 1629
f 1659 1639 1647
f 1651 1648 1619
f 1660 1640 1648
f 1646 1649 1640
f 1653 1650 1621
f 1661 1641 1650
f 1662 1651 1641
f 1650 1634 1652
f 1650 1653 1634
f 1663 1652 1642
f 1663 1642 1654
f 1659 1655 1639
f 1665 1656 1643
f 1638 1626 1656
f 1666 1657 1638
f 1667 1645 1657
f 1668 1643 1655
f 1670 1658 1646
f 1659 1647 1658
f 1662 1648 1651
f 1671 1660 1648
f 1672 1640 1660
f 1673 1646 1640
f 1674 1661 1650
f 1662 1641 1661
f 1674 1650 1652
f 1674 1652 1663
f 1675 1663 1654
f 1675 1654 1664
f 1676 1655 1659
f 1677 1665 1643
f 1666 1656 1665
f 1666 1638 1656
f 1678 1657 1666
f 1669 1667 1657
f 1679 1668 1655
f 1677 1643 1668
f 1680 1670 1646
f 1680 1658 1670
f 1681 1659 1658
f 1671 1648 1662
f 1682 1660 1671
f 1683 1672 1660
f 1673 1640 1672
f 1680 1646 1673
f 1684 1661 1674
f 1685 1662 1661
f 1686 1674 1663
f 1686 1663 1675
f 1687 1675 1664
f 1681 1676 1659
f 1679 1655 1676
f 1668 1665 1677
f 1688 1666 1665
f 1689 1678 1666
f 1669 1657 1678
f 1690 1668 1679
f 1681 1658 1680
f 1685 1671 1662
f 1691 1682 1671
f 1692 1660 1682
f 1692 1683 1660
f 1693 1672 1683
f 1680 1673 1672
f 1686 1684 1674
f 1685 1661 1684
f 1694 1686 1675
f 1694 1675 1687
f 1695 1676 1681
f 1695 1679 1676
f 1690 1665 1668
f 1690 1688 1665
f 1689 1666 1688
f 1696 1678 1689
f 1697 1669 1678
f 1698 1690 1679
f 1695 1681 1680
f 1699 1671 1685
f 1700 1691 1671
f 1701 1682 1691
f 1701 1692 1682
f 1702 1683 1692
f 1702 1693 1683
f 1703 1672 1693
f 1704 1680 1672
f 1705 1684 1686
f 1706 1685 1684
f 1705 1686 1694
f 1708 1694 1687
f 1709 1679 1695
f 1710 1688 1690
f 1711 1689 1688
f 1712 1696 1689
f 1713 1678 1696
f 1713 1697 1678
f 1714 1698 1679
f 1710 1690 1698
f 1716 1695 1680
f 1706 1699 1685
f 1699 1700 1671
f 1717 1691 1700
f 1717 1701 1691
f 1718 1692 1701
f 1718 1702 1692
f 1719 1693 1702
f 1720 1703 1693
f 1704 1672 1703
f 1716 1680 1704
f 1706 1684 1705
f 1721 1705 1694
f 1708 1687 1707
f 1721 1694 1708
f 1716 1709 1695
f 1722 1679 1709
f 1723 1688 1710
f 1723 1711 1688
f 1711 1712 1689
f 1724 1696 1712
f 1697 1713 1696
f 1722 1714 1679
f 1725 1698 1714
f 1725 1710 1698
f 1726 1699 1706
f 1727 1700 1699
f 1728 1717 1700
f 1718 1701 1717
f 1729 1702 1718
f 1730 1719 1702
f 1720 1693 1719
f 1731 1703 1720
f 1716 1704 1703
f 1732 1706 1705
f 1732 1705 1721
f 1734 1708 1707
f 1735 1721 1708
f 1731 1709 1716
f 1731 1722 1709
f 1736 1723 1710
f 1712 1711 1723
f 1737 1724 1712
f 1697 1696 1724
f 1738 1714 1722
f 1736 1725 1714
f 1736 1710 1725
f 1739 1715 1697
f 1732 1726 1706
f 1726 1727 1699
f 1728 1700 1727
f 1741 1717 1728
f 1741 1718 1717
f 1741 1729 1718
f 1730 1702 1729
f 1742 1719 1730
f 1743 1720 1719
f 1743 1731 1720
f 1716 1703 1731
f 1744 1732 1721
f 1734 1707 1733
f 1735 1708 1734
f 1744 1721 1735
f 1745 1722 1731
f 1746 1723 1736
f 1747 1712 1723
f 1747 1737 1712
f 1748 1724 1737
f 1739 1697 1724
f 1749 1738 1722
f 1736 1714 1738
f 1724 1715 1739
f 1750 1740 1715
f 1751 1726 1732
f 1752 1727 1726
f 1752 1728 1727
f 1753 1741 1728
f 1754 1729 1741
f 1755 1730 1729
f 1755 1742 1730
f 1743 1719 1742
f 1745 1731 1743
f 1751 1732 1744
f 1757 1734 1733
f 1758 1735 1734
f 1759 1744 1735
f 1749 1722 1745
f 1760 1746 1736
f 1761 1723 1746
f 1761 1747 1723
f 1762 1737 1747
f 1762 1748 1737
f 1715 1724 1748
f 1760 1738 1749
f 1760 1736 1738
f 1763 1750 1715
f 1752 1726 1751
f 1764 1728 1752
f 1765 1753 1728
f 1754 1741 1753
f 1755 1729 1754
f 1766 1742 1755
f 1767 1743 1742
f 1767 1745 1743
f 1768 1751 1744
f 1757 1733 1756
f 1758 1734 1757
f 1759 1735 1758
f 1768 1744 1759
f 1770 1749 1745
f 1771 1746 1760
f 1772 1761 1746
f 1773 1747 1761
f 1773 1762 1747
f 1774 1748 1762
f 1771 1760 1749
f 1775 1750 1763
f 1768 1752 1751
f 1776 1764 1752
f 1765 1728 1764
f 1764 1753 1765
f 1777 1754 1753
f 1777 1755 1754
f 1778 1766 1755
f 1767 1742 1766
f 1770 1745 1767
f 1780 1757 1756
f 1780 1758 1757
f 1781 1759 1758
f 1781 1768 1759
f 1782 1749 1770
f 1772 1746 1771
f 1783 1761 1772
f 1783 1773 1761
f 1784 1762 1773
f 1784 1774 1762
f 1785 1748 1774
f 1786 1771 1749
f 1785 1775 1763
f 1787 1752 1768
f 1788 1776 1752
f 1789 1764 1776
f 1790 1753 1764
f 1790 1777 1753
f 1791 1755 1777
f 1791 1778 1755
f 1792 1766 1778
f 1792 1767 1766
f 1792 1770 1767
f 1794 1769 1779
f 1795 1756 1769
f 1794 1780 1756
f 1781 1758 1780
f 1796 1768 1781
f 1792 1782 1770
f 1786 1749 1782
f 1797 1772 1771
f 1773 1783 1772
f 1798 1784 1773
f 1798 1774 1784
f 1799 1785 1774
f 1797 1771 1786
f 1800 1775 1785
f 1796 1787 1768
f 1788 1752 1787
f 1801 1776 1788
f 1802 1789 1776
f 1790 1764 1789
f 1803 1777 1790
f 1804 1791 1777
f 1805 1778 1791
f 1805 1792 1778
f 1795 1769 1794
f 1794 1756 1795
f 1806 1780 1794
f 1796 1781 1780
f 1807 1782 1792
f 1808 1786 1782
f 1809 1772 1797
f 1809 1773 1772
f 1810 1798 1773
f 1811 1774 1798
f 1811 1799 1774
f 1800 1785 1799
f 1812 1797 1786
f 1788 1787 1796
f 1813 1801 1788
f 1814 1776 1801
f 1814 1802 1776
f 1814 1789 1802
f 1803 1790 1789
f 1804 1777 1803
f 1815 1791 1804
f 1816 1805 1791
f 1817 1792 1805
f 1818 1806 1794
f 1796 1780 1806
f 1817 1807 1792
f 1819 1782 1807
f 1819 1808 1782
f 1812 1786 1808
f 1820 1809 1797
f 1810 1773 1809
f 1820 1798 1810
f 1799 1811 1798
f 1820 1797 1812
f 1813 1788 1796
f 1821 1801 1813
f 1822 1814 1801
f 1823 1789 1814
f 1823 1803 1789
f 1824 1804 1803
f 1825 1815 1804
f 1816 1791 1815
f 1817 1805 1816
f 1827 1818 1794
f 1827 1806 1818
f 1813 1796 1806
f 1828 1807 1817
f 1828 1819 1807
f 1829 1808 1819
f 1830 1812 1808
f 1810 1809 1820
f 1831 1798 1820
f 1832 1799 1798
f 1833 1820 1812
f 1826 1821 1813
f 1822 1801 1821
f 1834 1814 1822
f 1835 1823 1814
f 1824 1803 1823
f 1824 1825 1804
f 1836 1815 1825
f 1836 1816 1815
f 1837 1817 1816
f 1827 1794 1826
f 1813 1806 1827
f 1838 1828 1817
f 1829 1819 1828
f 1839 1808 1829
f 1840 1830 1808
f 1833 1812 1830
f 1833 1831 1820
f 1841 1798 1831
f 1842 1832 1798
f 1827 1826 1813
f 1844 1822 1821
f 1844 1834 1822
f 1845 1814 1834
f 1846 1835 1814
f 1824 1823 1835
f 1847 1825 1824
f 1848 1836 1825
f 1837 1816 1836
f 1849 1817 1837
f 1850 1838 1817
f 1829 1828 1838
f 1851 1839 1829
f 1840 1808 1839
f 1852 1830 1840
f 1853 1833 1830
f 1854 1831 1833
f 1842 1841 1831
f 1842 1798 1841
f 1843 1832 1842
f 1855 1834 1844
f 1856 1845 1834
f 1846 1814 1845
f 1847 1835 1846
f 1835 1847 1824
f 1848 1825 1847
f 1857 1836 1848
f 1857 1837 1836
f 1858 1849 1837
f 1850 1817 1849
f 1859 1838 1850
f 1851 1829 1838
f 1852 1839 1851
f 1852 1840 1839
f 1854 1830 1852
f 1854 1853 1830
f 1854 1833 1853
f 1860 1831 1854
f 1843 1842 1831
f 1861 1856 1834
f 1861 1845 1856
f 1847 1846 1845
f 1862 1848 1847
f 1863 1857 1848
f 1857 1858 1837
f 1850 1849 1858
f 1864 1859 1850
f 1851 1838 1859
f 1865 1852 1851
f 1866 1854 1852
f 1867 1860 1854
f 1843 1831 1860
f 1868 1845 1861
f 1862 1847 1845
f 1863 1848 1862
f 1858 1857 1863
f 1869 1850 1858
f 1870 1864 1850
f 1851 1859 1864
f 1871 1865 1851
f 1872 1852 1865
f 1872 1866 1852
f 1867 1854 1866
f 1872 1860 1867
f 1873 1843 1860
f 1876 1868 1861
f 1862 1845 1868
f 1877 1863 1862
f 1877 1858 1863
f 1877 1869 1858
f 1870 1850 1869
f 1878 1864 1870
f 1878 1851 1864
f 1878 1871 1851
f 1872 1865 1871
f 1866 1872 1867
f 1879 1860 1872
f 1880 1873 1860
f 1881 1843 1873
f 1876 1861 1875
f 1884 1868 1876
f 1877 1862 1868
f 1885 1869 1877
f 1886 1870 1869
f 1887 1878 1870
f 1888 1871 1878
f 1879 1872 1871
f 1880 1860 1879
f 1889 1873 1880
f 1874 1881 1873
f 1890 1882 1874
f 1884 1876 1875
f 1892 1868 1884
f 1893 1877 1868
f 1894 1885 1877
f 1886 1869 1885
f 1887 1870 1886
f 1895 1878 1887
f 1895 1888 1878
f 1896 1871 1888
f 1896 1879 1871
f 1888 1880 1879
f 1874 1889 1880
f 1897 1890 1874
f 1898 1882 1890
f 1883 1891 1882
f 1900 1884 1875
f 1901 1892 1884
f 1893 1868 1892
f 1894 1877 1893
f 1902 1885 1894
f 1902 1886 1885
f 1895 1887 1886
f 1903 1888 1895
f 1879 1896 1888
f 1897 1880 1888
f 1897 1874 1880
f 1888 1890 1897
f 1904 1898 1890
f 1905 1882 1898
f 1905 1883 1882
f 1905 1899 1883
f 1901 1884 1900
f 1893 1892 1901
f 1901 1894 1893
f 1901 1902 1894
f 1907 1886 1902
f 1908 1895 1886
f 1909 1903 1895
f 1904 1888 1903
f 1904 1890 1888
f 1910 1898 1904
f 1910 1905 1898
f 1911 1899 1905
f 1912 1906 1899
f 1907 1902 1901
f 1908 1886 1907
f 1908 1909 1895
f 1904 1903 1909
f 1913 1910 1904
f 1911 1905 1910
f 1914 1899 1911
f 1914 1912 1899
f 1915 1906 1912
f 1917 1907 1901
f 1909 1908 1907
f 1918 1904 1909
f 1918 1913 1904
f 1911 1910 1913
f 1913 1914 1911
f 1913 1912 1914
f 1919 1915 1912
f 1920 1901 1916
f 1920 1917 1901
f 1909 1907 1917
f 1916 1918 1909
f 1921 1913 1918
f 1921 1912 1913
f 1921 1919 1912
f 1922 1915 1919
f 1909 1920 1916
f 1909 1917 1920
f 1924 1918 1916
f 1925 1921 1918
f 1925 1919 1921
f 1925 1922 1919
f 1926 1916 1923
f 1926 1924 1916
f 1925 1918 1924
f 1924 1922 1925
f 1922 1924 1926
f 1748 1785 1715
f 1715 1785 1763
f 1922 1926 1923
f 1927 1779 1793
f 1928 1794 1779
f 1929 1821 1826
f 1930 1826 1794
f 1929 1844 1821
f 1931 1834 1855
f 1932 1855 1844
f 1931 1861 1834
f 1931 1875 1861
f 1933 1779 1927
f 1933 1928 1779
f 1930 1794 1928
f 1934 1929 1826
f 1928 1826 1930
f 1935 1844 1929
f 1932 1931 1855
f 1936 1933 1927
f 1937 1928 1933
f 1937 1934 1826
f 1937 1826 1928
f 1938 1843 1881
f 1938 1881 1874
f 1939 1900 1875
f 1940 1901 1900
f 1940 1916 1901
f 1941 1915 1922
f 1942 1923 1916
f 1943 1922 1923
f 1944 1932 1844
f 1945 1875 1931
f 1946 1929 1934
f 1944 1844 1935
f 1947 1935 1929
f 1944 1931 1932
f 1948 1937 1933
f 1946 1934 1937
f 1949 1938 1874
f 1950 1939 1875
f 1940 1900 1939
f 1942 1916 1940
f 1943 1941 1922
f 1940 1923 1942
f 1940 1943 1923
f 1951 1945 1931
f 1950 1875 1945
f 1952 1929 1946
f 1947 1944 1935
f 1952 1947 1929
f 1951 1931 1944
f 1946 1937 1948
f 1953 1939 1950
f 1953 1940 1939
f 1954 1941 1943
f 1955 1943 1940
f 1956 1945 1951
f 1956 1950 1945
f 1957 1952 1946
f 1952 1944 1947
f 1958 1951 1944
f 1957 1946 1948
f 1955 1940 1953
f 1955 1954 1943
f 1958 1956 1951
f 1958 1950 1956
f 1959 1944 1952
f 1959 1958 1944
f 1954 1955 1953
f 1960 1933 1936
f 1960 1948 1933
f 1961 1952 1957
f 1962 1957 1948
f 1961 1959 1952
f 1963 1958 1959
f 1962 1948 1960
f 1964 1961 1957
f 1964 1957 1962
f 1963 1959 1961
f 1965 2 5
f 1966 6 2
f 1967 5 1543
f 1968 1547 1545
f 1968 1563 1547
f 1969 1545 1564
f 1969 1564 9
f 1970 1562 1544
f 1970 1543 1562
f 1968 1544 1563
f 1971 1565 1570
f 1972 9 1610
f 1971 1610 1565
f 1973 1570 1628
f 1974 1628 1616
f 1975 1616 1645
f 1975 1645 1667
f 1976 1669 1697
f 1977 1697 1715
f 1978 1740 1750
f 1979 1715 1740
f 1980 1750 1775
f 1981 1800 1799
f 1981 1799 1832
f 1981 1832 1843
f 1967 1965 5
f 1966 2 1965
f 1970 1967 1543
f 1969 1968 1545
f 1972 1969 9
f 1968 1970 1544
f 1982 1971 1570
f 1971 1972 1610
f 1983 1973 1628
f 1982 1570 1973
f 1984 1974 1616
f 1983 1628 1974
f 1985 1616 1975
f 1985 1975 1669
f 1977 1976 1697
f 1986 1669 1976
f 1987 1977 1715
f 1988 1978 1750
f 1979 1740 1978
f 1987 1715 1979
f 1989 1967 1970
f 1990 1968 1969
f 1991 1969 1972
f 1992 1970 1968
f 1993 1971 1982
f 1994 1972 1971
f 1993 1973 1983
f 1993 1982 1973
f 1985 1984 1616
f 1983 1974 1984
f 1984 1985 1669
f 1995 1976 1977
f 1995 1986 1976
f 1984 1669 1986
f 1995 1977 1987
f 1996 1988 1750
f 1997 1978 1988
f 1998 1979 1978
f 1998 1987 1979
f 1992 1989 1970
f 1999 1967 1989
f 1991 1990 1969
f 1989 1968 1990
f 2000 1991 1972
f 1989 1992 1968
f 2001 1971 1993
f 2001 1994 1971
f 2000 1972 1994
f 2002 1993 1983
f 2003 1983 1984
f 1984 1986 1995
f 2003 1995 1987
f 2004 1988 1996
f 2004 1997 1988
f 1998 1978 1997
f 2005 1987 1998
f 2006 1999 1989
f 1989 1990 1991
f 2001 1991 2000
f 2000 1994 2001
f 2007 2002 1983
f 1995 2003 1984
f 2005 1983 2003
f 2005 2003 1987
f 2008 2004 1996
f 2009 1997 2004
f 2010 1998 1997
f 2010 2005 1998
f 1991 2006 1989
f 2011 1991 2001
f 2012 2007 1983
f 2012 1983 2005
f 2013 2004 2008
f 2013 2009 2004
f 2014 1997 2009
f 2014 2010 1997
f 2007 2005 2010
f 2015 1991 2011
f 2005 2007 2012
f 2016 2009 2013
f 2017 2014 2009
f 2017 2010 2014
f 2018 2016 2013
f 2017 2009 2016
f 2020 2016 2018
f 2020 2017 2016
f 2020 2018 2019
f 2021 2017 2020
f 2022 2017 2021
f 2023 1965 1967
f 1874 1873 1889
f 1975 1667 1669
f 2024 1775 1800
f 2025 1906 1915
f 2026 6 1966
f 2024 1750 1980
f 2024 1980 1775
f 2027 1800 1981
f 2026 1966 1965
f 2024 1996 1750
f 2028 1967 1999
f 2029 2001 1993
f 2029 1993 2002
f 2028 1999 2006
f 2030 2011 2001
f 2031 1965 2023
f 2028 2023 1967
f 2032 2024 1800
f 2032 1800 2027
f 2031 2026 1965
f 2030 2001 2029
f 2033 2029 2002
f 2028 2031 2023
f 2035 1874 1882
f 2035 1891 1883
f 2035 1882 1891
f 2036 1883 1899
f 2036 1899 1906
f 2037 1915 1941
f 2038 1938 1949
f 2038 1949 1874
f 2039 1953 1950
f 2040 1950 1958
f 2039 1954 1953
f 2041 1958 1963
f 2042 1963 1961
f 2043 2013 2008
f 2043 2018 2013
f 2043 2019 2018
f 2036 1906 2025
f 2037 2025 1915
f 2038 1874 2035
f 2044 2035 1883
f 2044 1883 2036
f 2040 2039 1950
f 2041 2040 1958
f 2045 2042 1961
f 2046 2035 2044
f 2047 2044 2036
f 2048 1936 1927
f 2049 1843 1938
f 2050 1941 1954
f 2048 1960 1936
f 2051 1962 1960
f 2052 1961 1964
f 2052 1964 1962
f 2053 1981 1843
f 2054 2002 2007
f 2055 2008 1996
f 2056 2006 1991
f 2054 2007 2010
f 2057 1991 2015
f 2057 2015 2011
f 2058 2010 2017
f 2059 2020 2019
f 2059 2021 2020
f 2060 2017 2022
f 2060 2022 2021
f 2053 2027 1981
f 2061 1996 2024
f 2062 2028 2006
f 2057 2011 2030
f 2061 2024 2032
f 2061 2032 2027
f 2063 2026 2031
f 2064 2030 2029
f 2054 2029 2033
f 2054 2033 2002
f 2062 2031 2028
f 2065 2037 1941
f 2049 1938 2038
f 2050 1954 2039
f 2066 2041 1963
f 2066 1963 2042
f 2067 2043 2008
f 2068 2019 2043
f 2069 2036 2025
f 2070 2025 2037
f 2049 2038 2035
f 2071 2039 2040
f 2066 2040 2041
f 2072 2042 2045
f 2073 2035 2046
f 2074 2046 2044
f 2074 2044 2047
f 2075 2047 2036
f 2076 1843 2049
f 2077 1941 2050
f 2051 1960 2048
f 2052 1962 2051
f 2076 2053 1843
f 2078 2055 1996
f 2057 2056 1991
f 2079 2006 2056
f 2080 2054 2010
f 2060 2058 2017
f 2080 2010 2058
f 2060 2021 2059
f 2081 2027 2053
f 2078 1996 2061
f 2082 2062 2006
f 2083 2057 2030
f 2049 2061 2027
f 2084 2063 2031
f 2054 2064 2029
f 2083 2030 2064
f 2084 2031 2062
f 2077 2065 1941
f 2070 2037 2065
f 2071 2050 2039
f 2055 2067 2008
f 2068 2043 2067
f 2085 2069 2025
f 2075 2036 2069
f 2085 2025 2070
f 2073 2049 2035
f 2050 2071 2040
f 2086 2072 2045
f 2087 2073 2046
f 2087 2046 2074
f 2088 2074 2047
f 2088 2047 2075
f 2089 2076 2049
f 2065 2077 2050
f 2089 2053 2076
f 2090 2055 2078
f 2083 2056 2057
f 2082 2079 2056
f 2082 2006 2079
f 2091 2054 2080
f 2091 2058 2060
f 2091 2080 2058
f 2049 2081 2053
f 2049 2027 2081
f 2092 2078 2061
f 2084 2062 2082
f 2090 2061 2049
f 2093 2064 2054
f 2094 2083 2064
f 2095 2067 2055
f 2096 2068 2067
f 2097 2075 2069
f 2090 2049 2073
f 2095 2073 2087
f 2097 2088 2075
f 2053 2089 2049
f 2092 2090 2078
f 2095 2055 2090
f 2098 2056 2083
f 2099 2082 2056
f 2093 2054 2091
f 2100 2091 2060
f 2090 2092 2061
f 2099 2084 2082
f 2101 2064 2093
f 2102 2094 2064
f 2102 2083 2094
f 2095 2090 2073
f 2103 2098 2083
f 2104 2056 2098
f 2104 2099 2056
f 2101 2093 2091
f 2105 2091 2100
f 2102 2064 2101
f 2103 2083 2102
f 2106 2098 2103
f 2106 2104 2098
f 2107 2101 2091
f 2108 2102 2101
f 2108 2103 2102
f 2109 2106 2103
f 2110 2101 2107
f 2111 2108 2101
f 2109 2103 2108
f 2112 2106 2109
f 2109 2108 2111
f 2113 2112 2109
f 2113 2109 2111
f 2114 2045 1961
f 2114 1961 2052
f 2115 2070 2065
f 2116 2069 2085
f 2116 2085 2070
f 2114 2086 2045
f 2117 2087 2074
f 2117 2074 2088
f 2115 2065 2050
f 2118 2097 2069
f 2117 2088 2097
f 2118 2069 2116
f 2119 2116 2070
f 2120 2097 2118
f 2123 6 2026
f 2124 2059 2019
f 2125 2026 2063
f 2126 2066 2042
f 2127 2019 2068
f 2128 2040 2066
f 2126 2042 2072
f 2129 2051 2048
f 2130 2052 2051
f 2131 2060 2059
f 2132 2063 2084
f 2133 2050 2040
f 2126 2072 2086
f 2134 2067 2095
f 2127 2068 2096
f 2134 2096 2067
f 2134 2095 2087
f 2131 2100 2060
f 2132 2084 2099
f 2135 2099 2104
f 2136 2091 2105
f 2136 2105 2100
f 2137 2104 2106
f 2136 2107 2091
f 2138 2101 2110
f 2136 2110 2107
f 2138 2111 2101
f 2137 2106 2112
f 2139 2112 2113
f 2140 2113 2111
f 2141 2114 2052
f 2142 2070 2115
f 2143 2086 2114
f 2134 2087 2117
f 2144 2115 2050
f 2145 2117 2097
f 2146 2118 2116
f 2142 2116 2119
f 2142 2119 2070
f 2147 2097 2120
f 2147 2120 2118
f 2125 2123 2026
f 2127 2124 2019
f 2131 2059 2124
f 2148 2125 2063
f 2128 2066 2126
f 2133 2040 2128
f 2149 2051 2129
f 2149 2130 2051
f 2148 2063 2132
f 2144 2050 2133
f 2150 2126 2086
f 2151 2127 2096
f 2151 2096 2134
f 2152 2100 2131
f 2153 2132 2099
f 2137 2135 2104
f 2154 2099 2135
f 2155 2136 2100
f 2156 2138 2110
f 2156 2110 2136
f 2156 2111 2138
f 2157 2137 2112
f 2158 2139 2113
f 2157 2112 2139
f 2159 2140 2111
f 2158 2113 2140
f 2130 2141 2052
f 2160 2114 2141
f 2161 2142 2115
f 2160 2143 2114
f 2150 2086 2143
f 2162 2134 2117
f 2163 2115 2144
f 2147 2145 2097
f 2164 2117 2145
f 2165 2146 2116
f 2147 2118 2146
f 2166 2116 2142
f 2167 2034 2123
f 2148 2123 2125
f 2168 2124 2127
f 2169 2131 2124
f 2170 2128 2126
f 2171 2133 2128
f 2141 2130 2149
f 2172 2148 2132
f 2171 2144 2133
f 2173 2126 2150
f 2174 2127 2151
f 2174 2151 2134
f 2155 2152 2131
f 2175 2153 2099
f 2176 2132 2153
f 2177 2135 2137
f 2175 2154 2135
f 2175 2099 2154
f 2152 2155 2100
f 2178 2136 2155
f 2159 2156 2136
f 2159 2111 2156
f 2177 2137 2157
f 2179 2139 2158
f 2179 2157 2139
f 2180 2140 2159
f 2180 2158 2140
f 2149 2160 2141
f 2163 2161 2115
f 2181 2142 2161
f 2182 2143 2160
f 2182 2150 2143
f 2183 2162 2117
f 2183 2134 2162
f 2171 2163 2144
f 2184 2145 2147
f 2185 2164 2145
f 2185 2117 2164
f 2166 2165 2116
f 2186 2146 2165
f 2184 2147 2146
f 2181 2166 2142
f 2188 2167 2123
f 2188 2034 2167
f 2188 2123 2148
f 2189 2168 2127
f 2190 2124 2168
f 2190 2169 2124
f 2191 2170 2126
f 2171 2128 2170
f 2176 2172 2132
f 2182 2173 2150
f 2191 2126 2173
f 2189 2127 2174
f 2183 2174 2134
f 2193 2153 2175
f 2175 2135 2177
f 2194 2178 2155
f 2159 2136 2178
f 2195 2177 2157
f 2196 2179 2158
f 2195 2157 2179
f 2197 2180 2159
f 2196 2158 2180
f 2198 2160 2149
f 2171 2161 2163
f 2199 2181 2161
f 2200 2182 2160
f 2185 2183 2117
f 2185 2145 2184
f 2186 2165 2166
f 2201 2146 2186
f 2201 2184 2146
f 2202 2166 2181
f 2121 2187 2122
f 2187 2188 2148
f 2203 2168 2189
f 2169 2190 2168
f 2171 2170 2191
f 2198 2149 2192
f 2204 2173 2182
f 2205 2191 2173
f 2206 2189 2174
f 2206 2174 2183
f 2207 2193 2175
f 2207 2175 2177
f 2208 2178 2194
f 2208 2159 2178
f 2207 2177 2195
f 2209 2179 2196
f 2209 2195 2179
f 2208 2197 2159
f 2210 2180 2197
f 2211 2196 2180
f 2212 2160 2198
f 2199 2161 2171
f 2213 2181 2199
f 2212 2200 2160
f 2214 2182 2200
f 2215 2183 2185
f 2216 2185 2184
f 2217 2186 2166
f 2184 2201 2186
f 2218 2202 2181
f 2219 2166 2202
f 2188 2187 2121
f 2220 2203 2189
f 2221 2168 2203
f 2222 2171 2191
f 2214 2204 2182
f 2205 2173 2204
f 2222 2191 2205
f 2223 2189 2206
f 2215 2206 2183
f 2224 2193 2207
f 2225 2207 2195
f 2211 2209 2196
f 2225 2195 2209
f 2226 2197 2208
f 2227 2210 2197
f 2228 2180 2210
f 2228 2211 2180
f 2200 2212 2198
f 2222 2199 2171
f 2222 2213 2199
f 2218 2181 2213
f 2229 2214 2200
f 2230 2215 2185
f 2186 2216 2184
f 2231 2185 2216
f 2232 2217 2166
f 2233 2186 2217
f 2219 2202 2218
f 2232 2166 2219
f 2223 2220 2189
f 2234 2203 2220
f 2234 2221 2203
f 2236 2204 2214
f 2236 2205 2204
f 2237 2222 2205
f 2238 2223 2206
f 2239 2224 2207
f 2240 2207 2225
f 2241 2209 2211
f 2240 2225 2209
f 2228 2210 2227
f 2242 2211 2228
f 2235 2200 2198
f 2237 2213 2222
f 2237 2218 2213
f 2243 2229 2200
f 2244 2214 2229
f 2231 2230 2185
f 2238 2215 2230
f 2233 2216 2186
f 2245 2231 2216
f 2246 2217 2232
f 2247 2233 2217
f 2248 2219 2218
f 2246 2232 2219
f 2238 2220 2223
f 2249 2234 2220
f 2244 2236 2214
f 2244 2205 2236
f 2250 2237 2205
f 2215 2238 2206
f 2240 2239 2207
f 2242 2241 2211
f 2251 2209 2241
f 2251 2240 2209
f 2252 2242 2228
f 2243 2200 2235
f 2248 2218 2237
f 2253 2229 2243
f 2253 2244 2229
f 2254 2230 2231
f 2254 2238 2230
f 2255 2216 2233
f 2256 2245 2216
f 2254 2231 2245
f 2247 2217 2246
f 2255 2233 2247
f 2257 2219 2248
f 2257 2246 2219
f 2258 2220 2238
f 2258 2249 2220
f 2259 2205 2244
f 2259 2250 2205
f 2260 2237 2250
f 2251 2241 2242
f 2262 2252 2228
f 2260 2248 2237
f 2263 2244 2253
f 2258 2238 2254
f 2256 2216 2255
f 2264 2245 2256
f 2258 2254 2245
f 2265 2247 2246
f 2266 2255 2247
f 2267 2257 2248
f 2265 2246 2257
f 2268 2249 2258
f 2250 2259 2244
f 2269 2260 2250
f 2270 2228 2261
f 2270 2262 2228
f 2267 2248 2260
f 2271 2263 2253
f 2272 2244 2263
f 2273 2256 2255
f 2268 2264 2256
f 2258 2245 2264
f 2266 2247 2265
f 2273 2255 2266
f 2274 2257 2267
f 2274 2265 2257
f 2264 2268 2258
f 2275 2249 2268
f 2272 2250 2244
f 2276 2269 2250
f 2277 2260 2269
f 2277 2267 2260
f 2272 2263 2271
f 2278 2256 2273
f 2278 2268 2256
f 2279 2266 2265
f 2280 2273 2266
f 2277 2274 2267
f 2279 2265 2274
f 2281 2275 2268
f 2272 2276 2250
f 2282 2269 2276
f 2283 2277 2269
f 2284 2272 2271
f 2281 2278 2273
f 2281 2268 2278
f 2280 2266 2279
f 2285 2273 2280
f 2286 2274 2277
f 2286 2279 2274
f 2287 2276 2272
f 2288 2282 2276
f 2283 2269 2282
f 2286 2277 2283
f 2285 2281 2273
f 2289 2280 2279
f 2284 2287 2272
f 2290 2276 2287
f 2290 2288 2276
f 2291 2282 2288
f 2292 2283 2282
f 2289 2286 2283
f 2286 2289 2279
f 2293 2287 2284
f 2288 2290 2287
f 2292 2291 2288
f 2292 2282 2291
f 2289 2283 2292
f 2295 2287 2293
f 2296 2288 2287
f 2297 2292 2288
f 2292 2294 2289
f 2298 2295 2293
f 2296 2287 2295
f 2297 2288 2296
f 2299 2292 2297
f 2299 2294 2292
f 2300 2296 2295
f 2302 2297 2296
f 2300 2295 2301
f 2303 2296 2300
f 2303 2302 2296
f 2303 2300 2302
f 2121 2122 2188
f 2188 2122 2034
f 2304 2131 2169
f 2305 2148 2172
f 2304 2155 2131
f 2306 2176 2153
f 2305 2172 2176
f 2306 2153 2193
f 2304 2194 2155
f 2307 2122 2187
f 2307 2187 2148
f 2308 2169 2168
f 2309 2208 2194
f 2310 2168 2221
f 2311 2193 2224
f 2309 2197 2226
f 2309 2226 2208
f 2309 2227 2197
f 2312 2221 2234
f 2311 2224 2239
f 2313 2228 2227
f 2312 2234 2249
f 2314 2239 2240
f 2314 2240 2251
f 2315 2242 2252
f 2316 2252 2262
f 2313 2261 2228
f 2313 2270 2261
f 2317 2262 2270
f 2318 2249 2275
f 2318 2275 2281
f 2319 2285 2280
f 2320 2281 2285
f 2319 2280 2289
f 2319 2289 2294
f 2321 2299 2297
f 2322 2294 2299
f 2321 2297 2302
f 2323 2302 2300
f 2308 2304 2169
f 2324 2148 2305
f 2325 2176 2306
f 2325 2305 2176
f 2326 2306 2193
f 2327 2194 2304
f 2328 2122 2307
f 2324 2307 2148
f 2329 2308 2168
f 2327 2309 2194
f 2312 2310 2221
f 2330 2168 2310
f 2331 2193 2311
f 2332 2227 2309
f 2314 2311 2239
f 2333 2313 2227
f 2318 2312 2249
f 2315 2314 2251
f 2316 2315 2252
f 2251 2242 2315
f 2317 2316 2262
f 2333 2270 2313
f 2334 2317 2270
f 2335 2318 2281
f 2336 2285 2319
f 2337 2320 2285
f 2338 2281 2320
f 2322 2319 2294
f 2322 2299 2321
f 2339 2321 2302
f 2340 2302 2323
f 2327 2304 2308
f 2325 2324 2305
f 2341 2325 2306
f 2331 2326 2193
f 2342 2306 2326
f 2343 2328 2307
f 2344 2122 2328
f 2345 2307 2324
f 2330 2329 2168
f 2346 2308 2329
f 2332 2309 2327
f 2347 2310 2312
f 2347 2330 2310
f 2348 2331 2311
f 2333 2227 2332
f 2349 2311 2314
f 2347 2312 2318
f 2350 2314 2315
f 2350 2315 2316
f 2351 2316 2317
f 2352 2270 2333
f 2353 2334 2270
f 2354 2317 2334
f 2338 2335 2281
f 2347 2318 2335
f 2355 2336 2319
f 2337 2285 2336
f 2356 2320 2337
f 2356 2338 2320
f 2357 2322 2321
f 2358 2339 2302
f 2357 2321 2339
f 2359 2340 2323
f 2358 2302 2340
f 2361 2327 2308
f 2341 2324 2325
f 2342 2341 2306
f 2362 2326 2331
f 2363 2342 2326
f 2364 2343 2307
f 2365 2328 2343
f 2366 2344 2328
f 2367 2122 2344
f 2341 2345 2324
f 2364 2307 2345
f 2368 2329 2330
f 2368 2346 2329
f 2361 2308 2346
f 2369 2332 2327
f 2370 2330 2347
f 2349 2348 2311
f 2362 2331 2348
f 2369 2333 2332
f 2371 2349 2314
f 2372 2314 2350
f 2372 2350 2316
f 2354 2351 2317
f 2372 2316 2351
f 2373 2352 2333
f 2353 2270 2352
f 2352 2334 2353
f 2374 2354 2334
f 2375 2335 2338
f 2376 2347 2335
f 2322 2355 2319
f 2337 2336 2355
f 2377 2356 2337
f 2375 2338 2356
f 2355 2322 2357
f 2378 2339 2358
f 2378 2357 2339
f 2358 2340 2359
f 2369 2327 2361
f 2345 2341 2342
f 2363 2326 2362
f 2379 2342 2363
f 2380 2343 2364
f 2381 2365 2343
f 2366 2328 2365
f 2382 2344 2366
f 2382 2367 2344
f 2342 2364 2345
f 2383 2368 2330
f 2384 2346 2368
f 2369 2361 2346
f 2376 2370 2347
f 2383 2330 2370
f 2371 2348 2349
f 2379 2362 2348
f 2385 2333 2369
f 2348 2371 2314
f 2386 2314 2372
f 2387 2351 2354
f 2388 2372 2351
f 2385 2373 2333
f 2385 2352 2373
f 2389 2334 2352
f 2390 2374 2334
f 2391 2354 2374
f 2376 2335 2375
f 2392 2337 2355
f 2393 2377 2337
f 2394 2356 2377
f 2395 2375 2356
f 2392 2355 2357
f 2396 2378 2358
f 2397 2357 2378
f 2379 2363 2362
f 2400 2342 2379
f 2400 2380 2364
f 2401 2343 2380
f 2401 2381 2343
f 2402 2365 2381
f 2403 2366 2365
f 2403 2382 2366
f 2400 2364 2342
f 2384 2368 2383
f 2404 2346 2384
f 2404 2369 2346
f 2405 2370 2376
f 2405 2383 2370
f 2406 2379 2348
f 2407 2385 2369
f 2408 2348 2314
f 2409 2386 2372
f 2410 2314 2386
f 2411 2387 2354
f 2388 2351 2387
f 2412 2372 2388
f 2407 2352 2385
f 2407 2389 2352
f 2390 2334 2389
f 2413 2374 2390
f 2414 2391 2374
f 2411 2354 2391
f 2395 2376 2375
f 2393 2337 2392
f 2415 2377 2393
f 2415 2394 2377
f 2416 2356 2394
f 2417 2395 2356
f 2393 2392 2357
f 2359 2396 2358
f 2418 2378 2396
f 2418 2397 2378
f 2393 2357 2397
f 2396 2359 2398
f 2419 2360 2399
f 2420 2400 2379
f 2421 2380 2400
f 2421 2401 2380
f 2422 2381 2401
f 2423 2402 2381
f 2424 2365 2402
f 2424 2403 2365
f 2425 2382 2403
f 2404 2384 2383
f 2407 2369 2404
f 2426 2405 2376
f 2404 2383 2405
f 2408 2406 2348
f 2408 2379 2406
f 2410 2408 2314
f 2412 2409 2372
f 2410 2386 2409
f 2427 2387 2411
f 2428 2388 2387
f 2429 2412 2388
f 2430 2389 2407
f 2430 2390 2389
f 2431 2413 2390
f 2414 2374 2413
f 2432 2391 2414
f 2427 2411 2391
f 2433 2376 2395
f 2434 2415 2393
f 2435 2394 2415
f 2436 2416 2394
f 2417 2356 2416
f 2433 2395 2417
f 2437 2418 2396
f 2437 2397 2418
f 2434 2393 2397
f 2437 2396 2398
f 2439 2420 2379
f 2440 2400 2420
f 2440 2421 2400
f 2422 2401 2421
f 2441 2381 2422
f 2442 2423 2381
f 2443 2402 2423
f 2403 2424 2402
f 2444 2425 2403
f 2445 2407 2404
f 2433 2426 2376
f 2446 2405 2426
f 2445 2404 2405
f 2439 2379 2408
f 2447 2408 2410
f 2410 2409 2412
f 2448 2387 2427
f 2448 2428 2387
f 2449 2388 2428
f 2449 2429 2388
f 2450 2412 2429
f 2451 2430 2407
f 2431 2390 2430
f 2452 2413 2431
f 2453 2414 2413
f 2454 2432 2414
f 2427 2391 2432
f 2455 2415 2434
f 2456 2435 2415
f 2436 2394 2435
f 2433 2416 2436
f 2433 2417 2416
f 2457 2397 2437
f 2458 2434 2397
f 2457 2437 2398
f 2459 2420 2439
f 2460 2440 2420
f 2461 2421 2440
f 2461 2422 2421
f 2462 2441 2422
f 2442 2381 2441
f 2463 2423 2442
f 2464 2443 2423
f 2444 2402 2443
f 2444 2403 2402
f 2419 2425 2444
f 2446 2407 2445
f 2465 2426 2433
f 2465 2446 2426
f 2445 2405 2446
f 2466 2439 2408
f 2412 2447 2410
f 2466 2408 2447
f 2467 2448 2427
f 2468 2428 2448
f 2469 2449 2428
f 2470 2429 2449
f 2471 2450 2429
f 2447 2412 2450
f 2446 2451 2407
f 2472 2430 2451
f 2473 2431 2430
f 2474 2452 2431
f 2453 2413 2452
f 2475 2414 2453
f 2476 2454 2414
f 2467 2432 2454
f 2467 2427 2432
f 2477 2455 2434
f 2456 2415 2455
f 2478 2435 2456
f 2478 2436 2435
f 2478 2433 2436
f 2479 2397 2457
f 2479 2458 2397
f 2477 2434 2458
f 2466 2459 2439
f 2460 2420 2459
f 2461 2440 2460
f 2462 2422 2461
f 2481 2441 2462
f 2481 2442 2441
f 2481 2463 2442
f 2464 2423 2463
f 2482 2443 2464
f 2419 2444 2443
f 2483 2465 2433
f 2484 2446 2465
f 2485 2466 2447
f 2486 2448 2467
f 2486 2468 2448
f 2469 2428 2468
f 2470 2449 2469
f 2471 2429 2470
f 2485 2450 2471
f 2485 2447 2450
f 2472 2451 2446
f 2473 2430 2472
f 2472 2431 2473
f 2487 2474 2431
f 2453 2452 2474
f 2488 2475 2453
f 2489 2414 2475
f 2489 2476 2414
f 2490 2454 2476
f 2491 2467 2454
f 2492 2455 2477
f 2493 2456 2455
f 2494 2478 2456
f 2483 2433 2478
f 2495 2458 2479
f 2495 2477 2458
f 2482 2480 2419
f 2499 2459 2466
f 2499 2460 2459
f 2462 2461 2460
f 2500 2481 2462
f 2501 2463 2481
f 2502 2464 2463
f 2480 2482 2464
f 2419 2443 2482
f 2503 2465 2483
f 2504 2484 2465
f 2472 2446 2484
f 2505 2466 2485
f 2491 2486 2467
f 2506 2468 2486
f 2506 2469 2468
f 2507 2470 2469
f 2508 2471 2470
f 2509 2485 2471
f 2510 2431 2472
f 2511 2487 2431
f 2488 2474 2487
f 2474 2488 2453
f 2489 2475 2488
f 2490 2476 2489
f 2512 2454 2490
f 2513 2491 2454
f 2514 2493 2455
f 2515 2456 2493
f 2515 2494 2456
f 2503 2478 2494
f 2503 2483 2478
f 2516 2497 2480
f 2505 2499 2466
f 2500 2460 2499
f 2500 2462 2460
f 2501 2481 2500
f 2519 2463 2501
f 2519 2502 2463
f 2520 2464 2502
f 2521 2480 2464
f 2504 2465 2503
f 2522 2484 2504
f 2510 2472 2484
f 2499 2505 2485
f 2523 2486 2491
f 2524 2506 2486
f 2507 2469 2506
f 2508 2470 2507
f 2525 2471 2508
f 2525 2509 2471
f 2525 2485 2509
f 2511 2431 2510
f 2526 2487 2511
f 2526 2488 2487
f 2527 2489 2488
f 2513 2454 2512
f 2523 2491 2513
f 2528 2514 2455
f 2529 2493 2514
f 2494 2515 2493
f 2530 2503 2494
f 2521 2516 2480
f 2521 2497 2516
f 2521 2498 2497
f 2531 2517 2498
f 2501 2500 2499
f 2502 2519 2501
f 2531 2520 2502
f 2531 2464 2520
f 2531 2521 2464
f 2532 2504 2503
f 2533 2522 2504
f 2510 2484 2522
f 2534 2499 2485
f 2524 2486 2523
f 2523 2506 2524
f 2535 2507 2506
f 2536 2508 2507
f 2537 2525 2508
f 2538 2485 2525
f 2522 2511 2510
f 2539 2526 2511
f 2527 2488 2526
f 2540 2529 2514
f 2494 2493 2529
f 2529 2530 2494
f 2532 2503 2530
f 2541 2496 2518
f 2531 2498 2521
f 2518 2517 2531
f 2543 2501 2499
f 2544 2502 2501
f 2518 2531 2502
f 2545 2504 2532
f 2545 2533 2504
f 2511 2522 2533
f 2538 2534 2485
f 2543 2499 2534
f 2546 2506 2523
f 2547 2535 2506
f 2536 2507 2535
f 2537 2508 2536
f 2548 2525 2537
f 2548 2538 2525
f 2549 2529 2540
f 2550 2530 2529
f 2550 2532 2530
f 2551 2541 2518
f 2542 2496 2541
f 2552 2501 2543
f 2552 2544 2501
f 2553 2502 2544
f 2554 2518 2502
f 2550 2545 2532
f 2550 2533 2545
f 2543 2534 2538
f 2555 2506 2546
f 2555 2547 2506
f 2556 2536 2535
f 2557 2537 2536
f 2552 2548 2537
f 2543 2538 2548
f 2550 2529 2549
f 2558 2551 2518
f 2542 2541 2551
f 2548 2552 2543
f 2553 2544 2552
f 2559 2502 2553
f 2560 2554 2502
f 2558 2518 2554
f 2561 2533 2550
f 2562 2556 2535
f 2553 2536 2556
f 2553 2557 2536
f 2552 2537 2557
f 2553 2551 2558
f 2557 2553 2552
f 2560 2502 2559
f 2558 2554 2560
f 2563 2561 2550
f 2564 2553 2556
f 2559 2553 2558
f 2558 2560 2559
f 1485 1479 1484
f 2566 1396 1397
f 2566 1397 2565
f 2568 1428 1396
f 2569 1447 1446
f 2569 1448 1447
f 2570 1441 1448
f 2570 1457 1441
f 2570 1467 1457
f 2570 1470 1467
f 2572 1475 1477
f 2573 1476 1483
f 2573 1483 1475
f 2573 1484 1476
f 2574 1485 1484
f 2568 1396 2566
f 2575 1428 2568
f 2570 1448 2569
f 2572 1477 2571
f 2573 1475 2572
f 2577 1428 2575
f 2578 2572 2571
f 2578 2576 2572
f 2579 1484 2576
f 2580 2576 2578
f 2576 1484 2573
f 2581 2574 1484
f 2576 2573 2572
f 2582 2578 2571
f 2581 1484 2579
f 2583 2579 2576
f 2583 2576 2580
f 2582 2580 2578
f 2584 2574 2581
f 2585 2582 2571
f 2586 2581 2579
f 2587 2579 2583
f 2588 2583 2580
f 2589 2580 2582
f 2590 2584 2581
f 2587 2586 2579
f 2591 2581 2586
f 2586 2587 2583
f 2592 2588 2580
f 2593 2583 2588
f 2592 2580 2589
f 2591 2590 2581
f 2594 2591 2586
f 2593 2586 2583
f 2593 2588 2592
f 2595 2592 2589
f 2593 2594 2586
f 2596 2593 2592
f 2596 2592 2595
f 2597 2594 2593
f 2597 2593 2596
f 2598 2596 2595
f 2599 2597 2596
f 2600 2598 2595
f 2603 2601 2602
f 2608 2603 2602
f 2611 2605 2609
f 2610 2606 2605
f 2610 2607 2606
f 2612 2611 2609
f 2613 2605 2611
f 2613 2610 2605
f 2613 2611 2612
f 2617 2613 2612
f 2618 2615 2614
f 2617 2612 2616
f 2619 2613 2617
f 2621 2618 2614
f 2619 2617 2616
f 2620 2613 2619
f 2622 2618 2621
f 2624 2622 2621
f 2626 2623 2625
f 2628 2627 2629
f 2630 2591 2594
f 2632 2596 2598
f 2633 2597 2599
f 2632 2599 2596
f 2632 2598 2600
f 2634 2600 2595
f 2636 2601 2603
f 2637 2602 2601
f 2638 2604 2601
f 2639 2603 2608
f 2640 2608 2602
f 2641 2609 2605
f 2641 2605 2606
f 2642 2607 2610
f 2641 2606 2607
f 2643 2612 2609
f 2644 2610 2613
f 2645 2614 2615
f 2643 2616 2612
f 2646 2621 2614
f 2648 2619 2616
f 2649 2613 2620
f 2648 2620 2619
f 2650 2624 2621
f 2654 2623 2626
f 2655 2625 2623
f 2656 2626 2625
f 2657 2627 2628
f 2658 2629 2627
f 2659 2628 2629
f 2597 2630 2594
f 2661 2591 2630
f 2634 2595 2631
f 2632 2633 2599
f 2630 2597 2633
f 2662 2632 2600
f 2663 2600 2634
f 2639 2636 2603
f 2638 2601 2636
f 2635 2637 2601
f 2665 2602 2637
f 2666 2604 2638
f 2667 2639 2608
f 2665 2640 2602
f 2665 2608 2640
f 2669 2609 2641
f 2670 2642 2610
f 2671 2607 2642
f 2671 2641 2607
f 2672 2643 2609
f 2649 2644 2613
f 2673 2610 2644
f 2674 2645 2615
f 2675 2614 2645
f 2676 2616 2643
f 2677 2646 2614
f 2650 2621 2646
f 2674 2615 2647
f 2679 2648 2616
f 2680 2649 2620
f 2680 2620 2648
f 2652 2624 2650
f 2659 2654 2626
f 2681 2623 2654
f 2682 2655 2623
f 2647 2625 2655
f 2653 2656 2625
f 2628 2626 2656
f 2656 2657 2628
f 2683 2627 2657
f 2684 2658 2627
f 2685 2629 2658
f 2686 2659 2629
f 2661 2660 2591
f 2633 2661 2630
f 2688 2633 2632
f 2663 2662 2600
f 2688 2632 2662
f 2689 2663 2634
f 2690 2635 2664
f 2691 2636 2639
f 2692 2638 2636
f 2690 2637 2635
f 2690 2665 2637
f 2692 2666 2638
f 2693 2604 2666
f 2694 2667 2608
f 2695 2639 2667
f 2696 2608 2665
f 2693 2668 2604
f 2697 2669 2641
f 2672 2609 2669
f 2698 2670 2610
f 2699 2642 2670
f 2700 2671 2642
f 2697 2641 2671
f 2676 2643 2672
f 2701 2644 2649
f 2698 2610 2673
f 2702 2645 2674
f 2703 2675 2645
f 2704 2616 2676
f 2705 2646 2677
f 2705 2650 2646
f 2625 2647 2678
f 2706 2674 2647
f 2707 2679 2616
f 2708 2648 2679
f 2709 2649 2680
f 2710 2680 2648
f 2705 2652 2650
f 2713 2653 2651
f 2625 2678 2653
f 2628 2659 2626
f 2715 2654 2659
f 2715 2681 2654
f 2682 2623 2681
f 2716 2655 2682
f 2706 2647 2655
f 2717 2656 2653
f 2717 2657 2656
f 2718 2683 2657
f 2719 2627 2683
f 2720 2684 2627
f 2721 2658 2684
f 2686 2685 2658
f 2686 2629 2685
f 2715 2659 2686
f 2722 2660 2661
f 2723 2687 2660
f 2722 2661 2633
f 2722 2633 2688
f 2725 2662 2663
f 2726 2688 2662
f 2727 2689 2634
f 2725 2663 2689
f 2728 2690 2664
f 2729 2691 2639
f 2730 2636 2691
f 2730 2692 2636
f 2731 2665 2690
f 2730 2666 2692
f 2732 2693 2666
f 2696 2694 2608
f 2733 2667 2694
f 2734 2695 2667
f 2729 2639 2695
f 2735 2696 2665
f 2736 2668 2693
f 2737 2669 2697
f 2738 2672 2669
f 2739 2670 2698
f 2740 2642 2699
f 2741 2700 2642
f 2697 2671 2700
f 2704 2676 2672
f 2709 2701 2649
f 2673 2644 2701
f 2701 2698 2673
f 2706 2702 2674
f 2703 2645 2702
f 2742 2675 2703
f 2743 2616 2704
f 2745 2705 2677
f 2743 2707 2616
f 2746 2679 2707
f 2747 2708 2679
f 2710 2648 2708
f 2748 2709 2680
f 2748 2680 2710
f 2714 2652 2705
f 2749 2651 2712
f 2717 2713 2651
f 2717 2653 2713
f 2750 2681 2715
f 2750 2682 2681
f 2751 2716 2682
f 2752 2655 2716
f 2717 2718 2657
f 2753 2683 2718
f 2720 2719 2683
f 2720 2627 2719
f 2754 2684 2720
f 2755 2721 2684
f 2756 2658 2721
f 2746 2686 2658
f 2750 2715 2686
f 2757 2660 2722
f 2757 2723 2660
f 2728 2687 2723
f 2727 2634 2724
f 2760 2722 2688
f 2761 2662 2725
f 2761 2726 2662
f 2760 2688 2726
f 2762 2689 2727
f 2763 2725 2689
f 2687 2728 2664
f 2731 2690 2728
f 2730 2691 2729
f 2726 2665 2731
f 2764 2666 2730
f 2764 2732 2666
f 2736 2693 2732
f 2733 2694 2696
f 2734 2667 2733
f 2765 2695 2734
f 2766 2729 2695
f 2726 2735 2665
f 2767 2696 2735
f 2768 2668 2736
f 2770 2737 2697
f 2771 2669 2737
f 2771 2738 2669
f 2701 2739 2698
f 2699 2670 2739
f 2739 2740 2699
f 2741 2642 2740
f 2772 2700 2741
f 2770 2697 2700
f 2773 2704 2672
f 2774 2701 2709
f 2775 2702 2706
f 2776 2703 2702
f 2777 2742 2703
f 2778 2675 2742
f 2686 2743 2704
f 2779 2677 2744
f 2779 2745 2677
f 2780 2705 2745
f 2686 2707 2743
f 2686 2746 2707
f 2781 2679 2746
f 2781 2747 2679
f 2710 2708 2747
f 2774 2709 2748
f 2782 2748 2710
f 2780 2714 2705
f 2784 2749 2712
f 2717 2651 2749
f 2785 2711 2714
f 2786 2682 2750
f 2786 2751 2682
f 2752 2716 2751
f 2706 2655 2752
f 2749 2718 2717
f 2787 2753 2718
f 2720 2683 2753
f 2788 2754 2720
f 2755 2684 2754
f 2789 2721 2755
f 2790 2756 2721
f 2746 2658 2756
f 2791 2750 2686
f 2760 2757 2722
f 2792 2723 2757
f 2792 2728 2723
f 2793 2724 2759
f 2794 2727 2724
f 2795 2761 2725
f 2796 2726 2761
f 2757 2760 2726
f 2794 2762 2727
f 2797 2689 2762
f 2798 2763 2689
f 2795 2725 2763
f 2792 2731 2728
f 2799 2730 2729
f 2792 2726 2731
f 2800 2764 2730
f 2800 2732 2764
f 2769 2736 2732
f 2801 2733 2696
f 2802 2734 2733
f 2803 2765 2734
f 2766 2695 2765
f 2799 2729 2766
f 2804 2735 2726
f 2805 2767 2735
f 2801 2696 2767
f 2769 2668 2768
f 2806 2737 2770
f 2807 2771 2737
f 2808 2738 2771
f 2809 2739 2701
f 2810 2740 2739
f 2811 2741 2740
f 2812 2772 2741
f 2770 2700 2772
f 2750 2773 2672
f 2750 2704 2773
f 2813 2701 2774
f 2752 2775 2706
f 2776 2702 2775
f 2777 2703 2776
f 2814 2742 2777
f 2815 2778 2742
f 2784 2712 2769
f 2791 2686 2704
f 2816 2744 2778
f 2816 2779 2744
f 2817 2745 2779
f 2818 2780 2745
f 2756 2781 2746
f 2790 2747 2781
f 2819 2710 2747
f 2782 2774 2748
f 2820 2782 2710
f 2785 2714 2780
f 2718 2749 2784
f 2783 2711 2785
f 2751 2786 2750
f 2821 2752 2751
f 2822 2787 2718
f 2788 2753 2787
f 2753 2788 2720
f 2755 2754 2788
f 2823 2789 2755
f 2790 2721 2789
f 2704 2750 2791
f 2726 2792 2757
f 2824 2759 2758
f 2825 2793 2759
f 2794 2724 2793
f 2826 2761 2795
f 2826 2796 2761
f 2827 2762 2794
f 2828 2797 2762
f 2798 2689 2797
f 2795 2763 2798
f 2800 2730 2799
f 2829 2732 2800
f 2830 2769 2732
f 2768 2736 2769
f 2802 2733 2801
f 2831 2734 2802
f 2831 2803 2734
f 2832 2765 2803
f 2833 2766 2765
f 2834 2799 2766
f 2796 2804 2726
f 2826 2735 2804
f 2826 2805 2735
f 2835 2767 2805
f 2835 2801 2767
f 2836 2806 2770
f 2837 2737 2806
f 2837 2807 2737
f 2838 2771 2807
f 2839 2808 2771
f 2840 2738 2808
f 2813 2809 2701
f 2810 2739 2809
f 2811 2740 2810
f 2841 2741 2811
f 2841 2812 2741
f 2770 2772 2812
f 2738 2750 2672
f 2782 2813 2774
f 2842 2775 2752
f 2843 2776 2775
f 2844 2777 2776
f 2845 2814 2777
f 2846 2778 2815
f 2830 2784 2769
f 2846 2816 2778
f 2847 2779 2816
f 2847 2817 2779
f 2817 2818 2745
f 2785 2780 2818
f 2756 2790 2781
f 2819 2747 2790
f 2848 2710 2819
f 2848 2820 2710
f 2849 2782 2820
f 2851 2718 2784
f 2852 2783 2785
f 2853 2751 2750
f 2854 2821 2751
f 2842 2752 2821
f 2851 2822 2718
f 2830 2787 2822
f 2829 2788 2787
f 2855 2755 2788
f 2856 2823 2755
f 2857 2789 2823
f 2857 2790 2789
f 2825 2824 2758
f 2825 2759 2824
f 2794 2793 2825
f 2858 2826 2795
f 2804 2796 2826
f 2859 2827 2794
f 2828 2762 2827
f 2860 2797 2828
f 2861 2798 2797
f 2861 2795 2798
f 2862 2800 2799
f 2863 2829 2800
f 2864 2732 2829
f 2864 2830 2732
f 2835 2802 2801
f 2865 2831 2802
f 2866 2803 2831
f 2866 2832 2803
f 2833 2765 2832
f 2867 2766 2833
f 2868 2834 2766
f 2862 2799 2834
f 2869 2805 2826
f 2869 2835 2805
f 2870 2836 2770
f 2871 2806 2836
f 2872 2837 2806
f 2838 2807 2837
f 2873 2771 2838
f 2874 2839 2771
f 2840 2808 2839
f 2751 2738 2840
f 2849 2809 2813
f 2875 2810 2809
f 2876 2811 2810
f 2877 2841 2811
f 2878 2812 2841
f 2878 2770 2812
f 2853 2750 2738
f 2849 2813 2782
f 2843 2775 2842
f 2844 2776 2843
f 2845 2777 2844
f 2879 2814 2845
f 2822 2784 2830
f 2880 2817 2847
f 2881 2818 2817
f 2852 2785 2818
f 2857 2819 2790
f 2882 2848 2819
f 2883 2820 2848
f 2883 2849 2820
f 2852 2850 2783
f 2822 2851 2784
f 2738 2751 2853
f 2884 2854 2751
f 2885 2821 2854
f 2843 2842 2821
f 2829 2787 2830
f 2886 2788 2829
f 2886 2855 2788
f 2856 2755 2855
f 2887 2823 2856
f 2888 2857 2823
f 2794 2825 2758
f 2890 2858 2795
f 2835 2826 2858
f 2758 2859 2794
f 2891 2827 2859
f 2891 2828 2827
f 2892 2860 2828
f 2861 2797 2860
f 2893 2795 2861
f 2868 2800 2862
f 2894 2863 2800
f 2886 2829 2863
f 2830 2864 2829
f 2895 2802 2835
f 2895 2865 2802
f 2896 2831 2865
f 2896 2866 2831
f 2897 2832 2866
f 2898 2833 2832
f 2898 2867 2833
f 2899 2766 2867
f 2899 2868 2766
f 2862 2834 2868
f 2835 2869 2826
f 2878 2870 2770
f 2900 2836 2870
f 2901 2871 2836
f 2902 2806 2871
f 2903 2872 2806
f 2904 2837 2872
f 2873 2838 2837
f 2905 2771 2873
f 2905 2874 2771
f 2906 2839 2874
f 2907 2840 2839
f 2907 2751 2840
f 2908 2809 2849
f 2909 2875 2809
f 2876 2810 2875
f 2877 2811 2876
f 2910 2841 2877
f 2911 2878 2841
f 2912 2844 2843
f 2912 2845 2844
f 2913 2879 2845
f 2914 2814 2879
f 2915 2880 2847
f 2880 2881 2817
f 2852 2818 2881
f 2888 2819 2857
f 2916 2882 2819
f 2883 2848 2882
f 2908 2849 2883
f 2917 2850 2852
f 2907 2884 2751
f 2920 2854 2884
f 2843 2821 2885
f 2921 2855 2886
f 2887 2856 2855
f 2888 2823 2887
f 2859 2758 2889
f 2893 2890 2795
f 2922 2858 2890
f 2922 2835 2858
f 2889 2891 2859
f 2923 2892 2828
f 2924 2860 2892
f 2924 2861 2860
f 2925 2893 2861
f 2868 2894 2800
f 2926 2863 2894
f 2921 2886 2863
f 2927 2895 2835
f 2928 2865 2895
f 2929 2896 2865
f 2930 2866 2896
f 2931 2897 2866
f 2898 2832 2897
f 2932 2867 2898
f 2933 2899 2867
f 2933 2868 2899
f 2934 2870 2878
f 2911 2900 2870
f 2901 2836 2900
f 2900 2871 2901
f 2935 2902 2871
f 2903 2806 2902
f 2936 2872 2903
f 2937 2904 2872
f 2905 2837 2904
f 2905 2873 2837
f 2904 2874 2905
f 2938 2906 2874
f 2939 2839 2906
f 2939 2907 2839
f 2940 2809 2908
f 2876 2875 2909
f 2941 2877 2876
f 2942 2910 2877
f 2911 2841 2910
f 2934 2878 2911
f 2943 2912 2843
f 2913 2845 2912
f 2944 2879 2913
f 2944 2914 2879
f 2946 2880 2915
f 2947 2881 2880
f 2947 2852 2881
f 2948 2819 2888
f 2948 2916 2819
f 2949 2882 2916
f 2950 2883 2882
f 2950 2908 2883
f 2951 2917 2852
f 2939 2884 2907
f 2939 2920 2884
f 2885 2854 2920
f 2943 2843 2885
f 2952 2855 2921
f 2953 2887 2855
f 2948 2888 2887
f 2954 2890 2893
f 2954 2922 2890
f 2927 2835 2922
f 2955 2892 2923
f 2956 2924 2892
f 2925 2861 2924
f 2954 2893 2925
f 2926 2894 2868
f 2921 2863 2926
f 2928 2895 2927
f 2957 2865 2928
f 2958 2929 2865
f 2930 2896 2929
f 2931 2866 2930
f 2959 2897 2931
f 2959 2898 2897
f 2959 2932 2898
f 2960 2867 2932
f 2961 2933 2867
f 2926 2868 2933
f 2911 2870 2934
f 2962 2900 2911
f 2963 2871 2900
f 2963 2935 2871
f 2964 2902 2935
f 2965 2903 2902
f 2966 2936 2903
f 2937 2872 2936
f 2967 2904 2937
f 2938 2874 2904
f 2967 2906 2938
f 2967 2939 2906
f 2950 2940 2908
f 2909 2809 2940
f 2968 2876 2909
f 2968 2941 2876
f 2942 2877 2941
f 2969 2910 2942
f 2970 2911 2910
f 2971 2912 2943
f 2971 2913 2912
f 2972 2944 2913
f 2973 2914 2944
f 2975 2915 2945
f 2975 2946 2915
f 2947 2880 2946
f 2976 2852 2947
f 2977 2916 2948
f 2977 2949 2916
f 2950 2882 2949
f 2976 2951 2852
f 2918 2917 2951
f 2951 2919 2918
f 2978 2920 2939
f 2979 2885 2920
f 2980 2952 2921
f 2981 2855 2952
f 2981 2953 2855
f 2982 2887 2953
f 2982 2948 2887
f 2928 2922 2954
f 2928 2927 2922
f 2983 2955 2923
f 2956 2892 2955
f 2984 2924 2956
f 2985 2925 2924
f 2984 2954 2925
f 2980 2921 2926
f 2958 2865 2957
f 2986 2929 2958
f 2987 2930 2929
f 2987 2931 2930
f 2988 2959 2931
f 2988 2932 2959
f 2989 2960 2932
f 2961 2867 2960
f 2980 2933 2961
f 2980 2926 2933
f 2990 2962 2911
f 2963 2900 2962
f 2964 2935 2963
f 2991 2902 2964
f 2991 2965 2902
f 2966 2903 2965
f 2992 2936 2966
f 2993 2937 2936
f 2993 2967 2937
f 2938 2904 2967
f 2978 2939 2967
f 2949 2940 2950
f 2949 2909 2940
f 2994 2968 2909
f 2995 2941 2968
f 2995 2942 2941
f 2996 2969 2942
f 2970 2910 2969
f 2997 2911 2970
f 2998 2971 2943
f 2972 2913 2971
f 2973 2944 2972
f 2966 2914 2973
f 2966 2974 2914
f 2999 2975 2945
f 3000 2946 2975
f 2976 2947 2946
f 3001 2977 2948
f 3002 2949 2977
f 3003 2951 2976
f 3004 2919 2951
f 2979 2920 2978
f 2943 2885 2979
f 2953 2952 2980
f 2953 2981 2952
f 3006 2982 2953
f 3001 2948 2982
f 3007 2956 2955
f 2985 2924 2984
f 2985 2984 2925
f 3008 2958 2957
f 3008 2986 2958
f 3008 2929 2986
f 3009 2987 2929
f 2988 2931 2987
f 3010 2932 2988
f 3010 2989 2932
f 3011 2960 2989
f 3011 2961 2960
f 3012 2980 2961
f 2997 2990 2911
f 3013 2962 2990
f 3014 2963 2962
f 3014 2964 2963
f 3015 2991 2964
f 3016 2965 2991
f 2974 2966 2965
f 2973 2992 2966
f 3017 2936 2992
f 3018 2993 2936
f 3018 2967 2993
f 3019 2978 2967
f 3002 2909 2949
f 3002 2994 2909
f 3020 2968 2994
f 3021 2995 2968
f 3022 2942 2995
f 3023 2996 2942
f 2970 2969 2996
f 3024 2997 2970
f 2979 2998 2943
f 3025 2971 2998
f 3026 2972 2971
f 3026 2973 2972
f 3027 2999 2945
f 3000 2975 2999
f 2976 2946 3000
f 3020 2977 3001
f 2994 3002 2977
f 3000 3003 2976
f 3004 2951 3003
f 3028 2919 3004
f 3029 3005 2919
f 3019 2979 2978
f 3006 2953 2980
f 3030 2982 3006
f 3030 3001 2982
f 3032 2929 3008
f 3032 3009 2929
f 3033 2987 3009
f 3010 2988 2987
f 3034 2989 3010
f 3034 3011 2989
f 3035 2961 3011
f 3036 3012 2961
f 3037 2980 3012
f 3038 2990 2997
f 3039 2962 3013
f 3040 3014 2962
f 3015 2964 3014
f 3016 2991 3015
f 3041 2965 3016
f 3026 2992 2973
f 3042 3017 2992
f 3018 2936 3017
f 3043 2967 3018
f 3025 3019 2967
f 2977 3020 2994
f 3044 2968 3020
f 3045 3021 2968
f 3045 2995 3021
f 3023 3022 2995
f 3023 2942 3022
f 3024 2996 3023
f 3024 2970 2996
f 3038 2997 3024
f 3019 2998 2979
f 3019 3025 2998
f 3046 2971 3025
f 3046 3026 2971
f 3049 2999 3027
f 3050 3000 2999
f 3044 3020 3001
f 3050 3003 3000
f 3051 3004 3003
f 3029 2919 3028
f 3052 3005 3029
f 3037 3006 2980
f 3001 3030 3006
f 3053 3032 3008
f 3033 3009 3032
f 3054 2987 3033
f 3055 3010 2987
f 3055 3034 3010
f 3035 3011 3034
f 3036 2961 3035
f 3037 3012 3036
f 3013 2990 3038
f 3056 3039 3013
f 3040 2962 3039
f 3057 3014 3040
f 3057 3015 3014
f 3058 3016 3015
f 3047 3041 3016
f 3047 2965 3041
f 3042 2992 3026
f 3043 3017 3042
f 3043 3018 3017
f 3059 2967 3043
f 3059 3025 2967
f 3045 2968 3044
f 3060 2995 3045
f 3061 3023 2995
f 3062 3024 3023
f 3056 3038 3024
f 3059 3046 3025
f 3042 3026 3046
f 3048 3049 3027
f 3050 2999 3049
f 3064 3044 3001
f 3051 3003 3050
f 3028 3004 3051
f 3052 3029 3028
f 3065 3005 3052
f 3067 3006 3037
f 3067 3001 3006
f 3068 3032 3053
f 3068 3033 3032
f 3069 3054 3033
f 3055 2987 3054
f 3070 3034 3055
f 3071 3035 3034
f 3037 3036 3035
f 3056 3013 3038
f 3072 3039 3056
f 3072 3040 3039
f 3073 3057 3040
f 3058 3015 3057
f 3074 3016 3058
f 3074 3047 3016
f 3059 3043 3042
f 3064 3045 3044
f 3067 3060 3045
f 3075 2995 3060
f 3075 3061 2995
f 3075 3023 3061
f 3076 3062 3023
f 3077 3024 3062
f 3077 3056 3024
f 3042 3046 3059
f 3049 3048 3063
f 3079 3050 3049
f 3067 3064 3001
f 3079 3051 3050
f 3080 3028 3051
f 3065 3052 3028
f 3081 3005 3065
f 3082 3067 3037
f 3084 3033 3068
f 3085 3069 3033
f 3055 3054 3069
f 3086 3070 3055
f 3071 3034 3070
f 3087 3035 3071
f 3082 3037 3035
f 3088 3072 3056
f 3089 3040 3072
f 3090 3073 3040
f 3090 3057 3073
f 3090 3058 3057
f 3091 3074 3058
f 3067 3045 3064
f 3092 3060 3067
f 3093 3075 3060
f 3094 3023 3075
f 3094 3076 3023
f 3077 3062 3076
f 3088 3056 3077
f 3096 3063 3078
f 3096 3049 3063
f 3097 3079 3049
f 3080 3051 3079
f 3098 3028 3080
f 3099 3065 3028
f 3099 3081 3065
f 3066 3005 3081
f 3092 3067 3082
f 3102 3084 3068
f 3085 3033 3084
f 3103 3069 3085
f 3086 3055 3069
f 3104 3070 3086
f 3104 3071 3070
f 3105 3087 3071
f 3082 3035 3087
f 3089 3072 3088
f 3106 3040 3089
f 3107 3090 3040
f 3091 3058 3090
f 3093 3060 3092
f 3108 3075 3093
f 3109 3094 3075
f 3110 3076 3094
f 3111 3077 3076
f 3111 3088 3077
f 3112 3078 3095
f 3113 3096 3078
f 3096 3097 3049
f 3080 3079 3097
f 3097 3098 3080
f 3099 3028 3098
f 3114 3081 3099
f 3115 3066 3081
f 3093 3092 3082
f 3116 3068 3101
f 3117 3102 3068
f 3118 3084 3102
f 3118 3085 3084
f 3119 3103 3085
f 3086 3069 3103
f 3120 3104 3086
f 3104 3105 3071
f 3093 3087 3105
f 3093 3082 3087
f 3121 3089 3088
f 3122 3106 3089
f 3107 3040 3106
f 3123 3091 3090
f 3124 3108 3093
f 3124 3075 3108
f 3124 3109 3075
f 3124 3094 3109
f 3125 3110 3094
f 3126 3076 3110
f 3126 3111 3076
f 3121 3088 3111
f 3127 3112 3095
f 3113 3078 3112
f 3097 3096 3113
f 3128 3098 3097
f 3114 3099 3098
f 3127 3081 3114
f 3129 3115 3081
f 3117 3116 3101
f 3117 3068 3116
f 3118 3102 3117
f 3131 3085 3118
f 3132 3119 3085
f 3132 3103 3119
f 3133 3086 3103
f 3134 3120 3086
f 3105 3104 3120
f 3124 3093 3105
f 3135 3089 3121
f 3135 3122 3089
f 3107 3106 3122
f 3125 3094 3124
f 3137 3110 3125
f 3111 3126 3110
f 3138 3121 3111
f 3114 3112 3127
f 3128 3113 3112
f 3128 3097 3113
f 3112 3098 3128
f 3112 3114 3098
f 3129 3081 3127
f 3100 3115 3129
f 3139 3101 3130
f 3140 3117 3101
f 3141 3118 3117
f 3141 3131 3118
f 3142 3085 3131
f 3142 3132 3085
f 3133 3103 3132
f 3143 3134 3086
f 3105 3120 3134
f 3144 3124 3105
f 3138 3135 3121
f 3145 3122 3135
f 3146 3107 3122
f 3147 3125 3124
f 3147 3137 3125
f 3111 3110 3137
f 3137 3138 3111
f 3149 3139 3130
f 3141 3101 3139
f 3141 3140 3101
f 3141 3117 3140
f 3139 3131 3141
f 3132 3142 3131
f 3150 3133 3132
f 3151 3143 3133
f 3147 3134 3143
f 3144 3105 3134
f 3134 3124 3144
f 3145 3135 3138
f 3146 3122 3145
f 3136 3107 3146
f 3134 3147 3124
f 3153 3137 3147
f 3154 3138 3137
f 3149 3130 3148
f 3131 3139 3149
f 3155 3132 3131
f 3155 3150 3132
f 3151 3133 3150
f 3156 3143 3151
f 3156 3147 3143
f 3157 3145 3138
f 3157 3146 3145
f 3158 3136 3146
f 3156 3153 3147
f 3154 3137 3153
f 3157 3138 3154
f 3159 3131 3149
f 3160 3155 3131
f 3161 3150 3155
f 3162 3151 3150
f 3163 3156 3151
f 3164 3146 3157
f 3164 3158 3146
f 3152 3136 3158
f 3166 3153 3156
f 3167 3154 3153
f 3167 3157 3154
f 3159 3160 3131
f 3161 3155 3160
f 3162 3150 3161
f 3163 3151 3162
f 3168 3156 3163
f 3169 3164 3157
f 3166 3158 3164
f 3165 3152 3158
f 3170 3166 3156
f 3169 3153 3166
f 3169 3167 3153
f 3169 3157 3167
f 3171 3160 3159
f 3172 3161 3160
f 3172 3162 3161
f 3170 3156 3168
f 3166 3164 3169
f 3165 3158 3166
f 3168 3166 3170
f 3173 3172 3160
f 3173 3162 3172
f 3174 3165 3166
f 3174 3166 3168
f 3175 3165 3174
f 3174 3168 3176
f 3176 3175 3174
f 3171 3159 3149
f 3178 2498 2517
f 3179 2518 2496
f 3178 2517 2518
f 3178 2518 3179
f 3180 2360 2419
f 3181 2399 2360
f 3182 2419 2399
f 3182 2382 2425
f 3182 2438 2382
f 3182 2425 2419
f 3183 2419 2480
f 3183 2480 2497
f 3183 2497 2498
f 3143 3086 3133
f 3185 3149 3148
f 3186 3163 3162
f 3186 3168 3163
f 3187 3160 3171
f 3187 3173 3160
f 3188 3162 3173
f 3189 3176 3168
f 3190 3177 3176
f 3185 3171 3149
f 3183 2498 3178
f 3191 3179 2496
f 3191 3178 3179
f 3193 3180 2419
f 3194 2360 3180
f 3195 2419 3183
f 3197 3148 3184
f 3197 3185 3148
f 3198 3186 3162
f 3189 3168 3186
f 3199 3187 3171
f 3200 3173 3187
f 3201 3188 3173
f 3198 3162 3188
f 3202 3176 3189
f 3199 3171 3185
f 3195 3183 3178
f 3203 3191 2496
f 3203 2496 3192
f 3204 3178 3191
f 3195 3193 2419
f 3195 3180 3193
f 3206 3184 3196
f 3199 3197 3184
f 3199 3185 3197
f 3189 3186 3198
f 3208 3187 3199
f 3209 3200 3187
f 3201 3173 3200
f 3210 3188 3201
f 3211 3198 3188
f 3212 3202 3189
f 3190 3176 3202
f 3213 3195 3178
f 3214 3203 3192
f 3213 3178 3204
f 3216 3180 3195
f 3217 3206 3196
f 3199 3184 3206
f 3212 3189 3198
f 3206 3208 3199
f 3218 3187 3208
f 3218 3209 3187
f 3219 3200 3209
f 3220 3201 3200
f 3220 3210 3201
f 3211 3188 3210
f 3221 3198 3211
f 3222 3190 3202
f 3204 3195 3213
f 3204 3216 3195
f 3223 3217 3196
f 3218 3206 3217
f 3221 3212 3198
f 3218 3208 3206
f 3217 3209 3218
f 3217 3219 3209
f 3224 3200 3219
f 3224 3220 3200
f 3225 3210 3220
f 3221 3211 3210
f 3226 3212 3221
f 3227 3219 3217
f 3227 3224 3219
f 3228 3220 3224
f 3228 3225 3220
f 3229 3210 3225
f 3230 3221 3210
f 3231 3226 3221
f 3228 3224 3227
f 3233 3225 3228
f 3234 3229 3225
f 3235 3210 3229
f 3235 3230 3210
f 3236 3221 3230
f 3236 3231 3221
f 3237 3226 3231
f 3233 3228 3227
f 3234 3225 3233
f 3238 3229 3234
f 3230 3235 3229
f 3237 3231 3236
f 3232 3226 3237
f 3243 3232 3237
f 3243 3240 3232
f 3240 3242 3239
f 3243 3237 3241
f 3244 3240 3243
f 3245 3242 3240
f 3245 3240 3244
f 2034 10469 10468
f 2034 10468 3246
f 3248 2360 3194
f 3249 3194 3180
f 3250 3191 3203
f 3251 3204 3191
f 3250 3203 3214
f 3252 3180 3216
f 3252 3216 3204
f 3249 3248 3194
f 3252 3249 3180
f 3251 3191 3250
f 3252 3204 3251
f 3251 3249 3252
f 3254 1395 1105
f 3255 1 6
f 3256 6 2123
f 3255 3253 1
f 3259 3255 6
f 3260 3256 2123
f 3261 6 3256
f 3264 3253 3255
f 3265 3255 3259
f 3266 3261 3256
f 3271 3263 3257
f 3265 3264 3255
f 3272 3259 3261
f 3273 3265 3259
f 3274 3266 3256
f 3275 3261 3266
f 3268 3262 3267
f 3271 3257 3269
f 3271 3270 3263
f 3278 3258 3270
f 3279 3264 3265
f 3275 3272 3261
f 3273 3259 3272
f 3281 3265 3273
f 3275 3266 3274
f 3282 3276 3258
f 3276 3267 3277
f 3283 3268 3267
f 3284 3270 3271
f 3285 3278 3270
f 3282 3258 3278
f 3281 3279 3265
f 3280 3264 3279
f 3268 3272 3275
f 3287 3273 3272
f 3287 3281 3273
f 3267 3276 3282
f 3288 3283 3267
f 3287 3268 3283
f 3289 3284 3271
f 3285 3270 3284
f 3290 3278 3285
f 3291 3282 3278
f 3292 3279 3281
f 3286 3280 3279
f 3293 3268 3275
f 3287 3272 3268
f 3294 3281 3287
f 3288 3267 3282
f 3287 3283 3288
f 3295 3278 3290
f 3295 3291 3278
f 3296 3282 3291
f 3297 3292 3281
f 3286 3279 3292
f 3288 3294 3287
f 3297 3281 3294
f 3296 3288 3282
f 3299 3291 3295
f 3299 3296 3291
f 3298 3292 3297
f 3298 3286 3292
f 3297 3294 3288
f 3300 3288 3296
f 3301 3296 3299
f 3300 3298 3297
f 3300 3297 3288
f 3301 3300 3296
f 3302 3301 3299
f 3302 3298 3300
f 3302 3300 3301
f 2034 3268 3274
f 3274 3268 3293
f 3274 3293 3275
f 3303 370 490
f 3303 490 460
f 3304 1111 583
f 3303 460 1395
f 3305 1395 3254
f 3305 3303 1395
f 3308 3305 3254
f 3307 487 3306
f 3310 3303 3305
f 3311 3305 3308
f 3310 3309 3303
f 3311 3310 3305
f 3316 3306 3312
f 3316 3313 3306
f 3317 3311 3314
f 3317 3315 3311
f 3317 3314 3315
f 3315 3318 3322
f 3325 3319 3318
f 3326 3323 3319
f 3327 3320 3324
f 3327 3321 3320
f 3329 3325 3318
f 3326 3319 3325
f 3330 3323 3326
f 3331 3324 3323
f 3332 3327 3324
f 3329 3318 3328
f 3326 3325 3329
f 3333 3330 3326
f 3331 3323 3330
f 3334 3324 3331
f 3335 3332 3324
f 3333 3326 3329
f 3337 3331 3330
f 3337 3334 3331
f 3335 3324 3334
f 3336 3337 3330
f 3241 3237 3236
f 3244 3243 3241
f 3338 3202 3212
f 3338 3222 3202
f 3339 3212 3226
f 3340 3236 3230
f 3341 3229 3238
f 3342 3230 3229
f 3339 3226 3232
f 3343 3239 3242
f 3344 3242 3245
f 3340 3241 3236
f 3340 3244 3241
f 3338 3212 3339
f 3339 3232 3338
f 3342 3340 3230
f 3345 3229 3341
f 3345 3342 3229
f 3344 3343 3242
f 3346 3244 3340
f 3347 3340 3342
f 3342 3345 3341
f 3348 3343 3344
f 3341 3347 3342
f 3346 3340 3347
f 3350 3347 3341
f 3350 3341 3349
f 3351 2539 2511
f 3352 2514 2528
f 3352 2540 2514
f 3352 2549 2540
f 2589 2582 2585
f 3354 1511 1512
f 3355 3353 1511
f 3356 3354 1512
f 3355 1511 3354
f 3357 3354 3356
f 3357 3355 3354
f 3359 3357 3356
f 3358 3355 3357
f 3360 3357 3359
f 1397 1396 1398
f 2567 2565 1397
f 3361 1398 1428
f 3362 1444 1454
f 3363 1452 1458
f 3364 1446 1460
f 3362 1460 1444
f 3365 1453 1461
f 3366 1462 1456
f 3367 1454 1466
f 3365 1466 1453
f 3368 1463 1462
f 3368 1461 1463
f 3369 1468 1452
f 3370 1456 1468
f 3371 1465 1459
f 3372 1458 1470
f 3373 1473 1465
f 3374 1477 1473
f 3375 1481 1471
f 3375 1480 1481
f 3376 1489 1480
f 1488 1487 1495
f 3377 1501 1489
f 3353 1471 1511
f 3378 1518 1501
f 3379 1529 1518
f 3380 1512 1524
f 3381 1530 1525
f 3382 1527 1532
f 3380 1524 1527
f 3383 1533 1529
f 3381 1525 1536
f 3384 1531 1537
f 3385 1537 1530
f 3382 1532 1538
f 3382 1538 1531
f 3386 1536 1540
f 3387 1542 1533
f 3388 1540 1542
f 3389 2569 1446
f 3390 1470 2570
f 3392 2570 2569
f 3393 2571 1477
f 3394 1428 2577
f 3394 2577 2575
f 3395 2585 2571
f 3396 2595 2589
f 3397 2631 2595
f 3398 2634 2631
f 3398 2724 2634
f 3398 2759 2724
f 3399 2758 2759
f 3395 2589 2585
f 3400 3353 3355
f 3380 3356 1512
f 3401 3359 3356
f 3400 3355 3358
f 3402 3358 3357
f 3402 3357 3360
f 3403 3360 3359
f 3404 1397 1398
f 3405 2567 1397
f 3406 3361 1428
f 3407 1398 3361
f 3408 3362 1454
f 3372 3363 1458
f 3369 1452 3363
f 3389 3364 1460
f 3389 1446 3364
f 3409 1460 3362
f 3410 3365 1461
f 3370 3366 1456
f 3368 1462 3366
f 3365 3367 1466
f 3408 1454 3367
f 3411 1461 3368
f 3370 1468 3369
f 3412 1465 3371
f 3390 3372 1470
f 3412 3373 1465
f 3374 1473 3373
f 3393 1477 3374
f 3413 3375 1471
f 3414 1480 3375
f 3414 3376 1480
f 3415 1489 3376
f 3415 3377 1489
f 3378 1501 3377
f 3416 1471 3353
f 3417 1518 3378
f 3418 3379 1518
f 3419 1529 3379
f 3420 1530 3381
f 3421 1527 3382
f 3421 3380 1527
f 3419 3383 1529
f 3422 1533 3383
f 3420 3381 1536
f 3423 3384 1537
f 3382 1531 3384
f 3420 3385 1530
f 3423 1537 3385
f 3388 3386 1540
f 3424 1536 3386
f 3425 3387 1533
f 3388 1542 3387
f 3392 2569 3389
f 3426 3390 2570
f 3427 3391 2567
f 3429 2570 3392
f 3430 2571 3393
f 3431 1428 3394
f 3432 3395 2571
f 3433 3396 2589
f 3397 2595 3396
f 3398 2631 3397
f 3399 2759 3398
f 3433 2589 3395
f 3416 3353 3400
f 3434 3356 3380
f 3435 3401 3356
f 3403 3359 3401
f 3436 3400 3358
f 3437 3358 3402
f 3437 3402 3360
f 3437 3360 3403
f 3438 3404 1398
f 3405 1397 3404
f 3427 2567 3405
f 3362 3406 1428
f 3408 3361 3406
f 3408 3407 3361
f 3439 1398 3407
f 3406 3362 3408
f 3440 3363 3372
f 3440 3369 3363
f 3409 3389 1460
f 3389 3409 3362
f 3411 3410 1461
f 3411 3365 3410
f 3368 3366 3370
f 3441 3367 3365
f 3442 3408 3367
f 3443 3411 3368
f 3444 3370 3369
f 3428 3412 3371
f 3426 3372 3390
f 3445 3373 3412
f 3446 3374 3373
f 3447 3393 3374
f 3448 3413 1471
f 3449 3375 3413
f 3449 3414 3375
f 3415 3376 3414
f 3450 3377 3415
f 3417 3378 3377
f 3451 1471 3416
f 3418 1518 3417
f 3452 3379 3418
f 3452 3419 3379
f 3380 3421 3382
f 3452 3383 3419
f 3453 3422 3383
f 3425 1533 3422
f 3454 3420 1536
f 3385 3384 3423
f 3455 3382 3384
f 3456 3385 3420
f 3457 3386 3388
f 3457 3424 3386
f 3457 1536 3424
f 3458 3387 3425
f 3458 3388 3387
f 3459 3392 3389
f 3460 3426 2570
f 3461 3391 3427
f 3462 3428 3391
f 3460 2570 3429
f 3432 3430 3393
f 3432 2571 3430
f 3463 3431 3394
f 3433 3395 3432
f 3464 3396 3433
f 3464 3397 3396
f 3465 3416 3400
f 3382 3434 3380
f 3435 3356 3434
f 3466 3401 3435
f 3467 3403 3401
f 3468 3436 3358
f 3465 3400 3436
f 3468 3358 3437
f 3469 3437 3403
f 3439 3438 1398
f 3470 3404 3438
f 3461 3405 3404
f 3461 3427 3405
f 3431 3362 1428
f 3442 3407 3408
f 3471 3439 3407
f 3444 3369 3440
f 3472 3389 3362
f 3441 3365 3411
f 3473 3368 3370
f 3442 3367 3441
f 3474 3443 3368
f 3475 3411 3443
f 3476 3370 3444
f 3462 3412 3428
f 3477 3372 3426
f 3478 3445 3412
f 3479 3373 3445
f 3479 3446 3373
f 3447 3374 3446
f 3480 3393 3447
f 3481 3448 1471
f 3481 3413 3448
f 3482 3449 3413
f 3483 3414 3449
f 3484 3415 3414
f 3484 3450 3415
f 3485 3377 3450
f 3486 3417 3377
f 3465 3451 3416
f 3481 1471 3451
f 3486 3418 3417
f 3486 3452 3418
f 3453 3383 3452
f 3458 3422 3453
f 3458 3425 3422
f 3487 3454 1536
f 3488 3420 3454
f 3489 3384 3385
f 3490 3455 3384
f 3491 3382 3455
f 3492 3456 3420
f 3493 3385 3456
f 3494 3457 3388
f 3495 1536 3457
f 3494 3388 3458
f 3472 3459 3389
f 3429 3392 3459
f 3429 3426 3460
f 3496 3391 3461
f 3497 3462 3391
f 3498 3432 3393
f 3499 3431 3463
f 3500 3433 3432
f 3500 3464 3433
f 3501 3397 3464
f 3502 3434 3382
f 3502 3435 3434
f 3503 3466 3435
f 3467 3401 3466
f 3469 3403 3467
f 3504 3436 3468
f 3504 3465 3436
f 3505 3468 3437
f 3506 3437 3469
f 3471 3438 3439
f 3507 3470 3438
f 3508 3404 3470
f 3508 3461 3404
f 3509 3407 3442
f 3510 3471 3407
f 3512 3444 3440
f 3431 3472 3362
f 3475 3441 3411
f 3476 3473 3370
f 3474 3368 3473
f 3513 3442 3441
f 3514 3443 3474
f 3515 3475 3443
f 3516 3476 3444
f 3478 3412 3462
f 3429 3477 3426
f 3511 3372 3477
f 3479 3445 3478
f 3517 3446 3479
f 3518 3447 3446
f 3498 3480 3447
f 3498 3393 3480
f 3519 3413 3481
f 3519 3482 3413
f 3520 3449 3482
f 3521 3483 3449
f 3522 3414 3483
f 3522 3484 3414
f 3523 3450 3484
f 3524 3485 3450
f 3486 3377 3485
f 3525 3451 3465
f 3526 3481 3451
f 3527 3452 3486
f 3528 3453 3452
f 3529 3458 3453
f 3530 3487 1536
f 3531 3454 3487
f 3531 3488 3454
f 3492 3420 3488
f 3490 3489 3385
f 3490 3384 3489
f 3532 3455 3490
f 3532 3491 3455
f 3502 3382 3491
f 3493 3456 3492
f 3490 3385 3493
f 3495 3457 3494
f 3530 1536 3495
f 3533 3494 3458
f 3534 3496 3461
f 3535 3391 3496
f 3535 3497 3391
f 3535 3462 3497
f 3500 3432 3498
f 3536 3464 3500
f 3537 3501 3464
f 3503 3435 3502
f 3538 3466 3503
f 3538 3467 3466
f 3539 3469 3467
f 3540 3504 3468
f 3525 3465 3504
f 3506 3505 3437
f 3541 3468 3505
f 3542 3506 3469
f 3543 3438 3471
f 3544 3507 3438
f 3534 3470 3507
f 3534 3508 3470
f 3513 3509 3442
f 3510 3407 3509
f 3545 3471 3510
f 3516 3444 3512
f 3513 3441 3475
f 3474 3473 3476
f 3547 3514 3474
f 3514 3515 3443
f 3548 3475 3515
f 3549 3476 3516
f 3550 3478 3462
f 3511 3477 3429
f 3550 3479 3478
f 3551 3517 3479
f 3518 3446 3517
f 3552 3447 3518
f 3552 3498 3447
f 3553 3519 3481
f 3554 3482 3519
f 3555 3520 3482
f 3556 3449 3520
f 3557 3521 3449
f 3522 3483 3521
f 3558 3484 3522
f 3559 3450 3523
f 3486 3485 3524
f 3526 3451 3525
f 3560 3481 3526
f 3524 3527 3486
f 3528 3452 3527
f 3561 3453 3528
f 3562 3529 3453
f 3533 3458 3529
f 3563 3487 3530
f 3563 3531 3487
f 3492 3488 3531
f 3564 3532 3490
f 3565 3491 3532
f 3566 3502 3491
f 3567 3493 3492
f 3568 3490 3493
f 3569 3495 3494
f 3569 3530 3495
f 3570 3494 3533
f 3508 3534 3461
f 3535 3496 3534
f 3550 3462 3535
f 3571 3500 3498
f 3537 3536 3500
f 3537 3464 3536
f 3572 3501 3537
f 3566 3503 3502
f 3573 3538 3503
f 3574 3467 3538
f 3575 3539 3467
f 3542 3469 3539
f 3541 3540 3468
f 3576 3504 3540
f 3576 3525 3504
f 3577 3505 3506
f 3577 3541 3505
f 3578 3506 3542
f 3545 3543 3471
f 3544 3438 3543
f 3543 3507 3544
f 3579 3534 3507
f 3580 3509 3513
f 3581 3510 3509
f 3581 3545 3510
f 3429 3546 3511
f 3549 3516 3512
f 3548 3513 3475
f 3582 3474 3476
f 3582 3547 3474
f 3515 3514 3547
f 3520 3548 3515
f 3582 3476 3549
f 3583 3479 3550
f 3583 3551 3479
f 3584 3517 3551
f 3585 3518 3517
f 3586 3552 3518
f 3587 3498 3552
f 3588 3553 3481
f 3589 3519 3553
f 3589 3554 3519
f 3590 3482 3554
f 3590 3555 3482
f 3548 3520 3555
f 3557 3449 3556
f 3591 3521 3557
f 3592 3522 3521
f 3592 3558 3522
f 3523 3484 3558
f 3594 3526 3525
f 3594 3560 3526
f 3588 3481 3560
f 3593 3527 3524
f 3595 3561 3528
f 3562 3453 3561
f 3561 3529 3562
f 3596 3533 3529
f 3597 3563 3530
f 3598 3531 3563
f 3598 3492 3531
f 3599 3564 3490
f 3600 3532 3564
f 3600 3565 3532
f 3566 3491 3565
f 3601 3567 3492
f 3567 3568 3493
f 3599 3490 3568
f 3602 3569 3494
f 3603 3530 3569
f 3604 3570 3533
f 3602 3494 3570
f 3579 3535 3534
f 3579 3550 3535
f 3605 3571 3498
f 3605 3500 3571
f 3606 3503 3566
f 3607 3573 3503
f 3574 3538 3573
f 3575 3467 3574
f 3608 3539 3575
f 3608 3542 3539
f 3609 3540 3541
f 3610 3576 3540
f 3594 3525 3576
f 3578 3577 3506
f 3609 3541 3577
f 3611 3578 3542
f 3612 3543 3545
f 3613 3507 3543
f 3614 3579 3507
f 3590 3580 3513
f 3581 3509 3580
f 3612 3545 3581
f 3590 3513 3548
f 3557 3547 3582
f 3556 3515 3547
f 3556 3520 3515
f 3615 3582 3549
f 3551 3583 3550
f 3616 3584 3551
f 3585 3517 3584
f 3617 3518 3585
f 3617 3586 3518
f 3618 3552 3586
f 3619 3587 3552
f 3619 3498 3587
f 3589 3553 3588
f 3620 3554 3589
f 3581 3590 3554
f 3548 3555 3590
f 3547 3557 3556
f 3621 3591 3557
f 3621 3521 3591
f 3622 3592 3521
f 3523 3558 3592
f 3623 3560 3594
f 3623 3588 3560
f 3624 3561 3595
f 3625 3529 3561
f 3625 3596 3529
f 3604 3533 3596
f 3603 3597 3530
f 3626 3563 3597
f 3626 3598 3563
f 3601 3492 3598
f 3627 3564 3599
f 3606 3600 3564
f 3606 3565 3600
f 3606 3566 3565
f 3628 3567 3601
f 3628 3568 3567
f 3629 3599 3568
f 3603 3569 3602
f 3630 3570 3604
f 3630 3602 3570
f 3551 3550 3579
f 3631 3607 3503
f 3632 3573 3607
f 3632 3574 3573
f 3633 3575 3574
f 3634 3608 3575
f 3611 3542 3608
f 3635 3540 3609
f 3635 3610 3540
f 3623 3576 3610
f 3636 3577 3578
f 3637 3609 3577
f 3608 3578 3611
f 3639 3543 3612
f 3640 3613 3543
f 3614 3507 3613
f 3616 3579 3614
f 3581 3580 3590
f 3641 3612 3581
f 3642 3557 3582
f 3643 3582 3615
f 3644 3616 3551
f 3645 3584 3616
f 3646 3585 3584
f 3646 3617 3585
f 3647 3586 3617
f 3647 3618 3586
f 3648 3552 3618
f 3648 3619 3552
f 3623 3589 3588
f 3649 3620 3589
f 3641 3554 3620
f 3641 3581 3554
f 3622 3621 3557
f 3622 3521 3621
f 3650 3561 3624
f 3650 3625 3561
f 3650 3596 3625
f 3651 3604 3596
f 3652 3597 3603
f 3653 3626 3597
f 3654 3598 3626
f 3655 3601 3598
f 3629 3627 3599
f 3656 3564 3627
f 3657 3606 3564
f 3658 3628 3601
f 3659 3568 3628
f 3659 3629 3568
f 3630 3603 3602
f 3660 3630 3604
f 3644 3551 3579
f 3606 3631 3503
f 3661 3607 3631
f 3662 3632 3607
f 3663 3574 3632
f 3663 3633 3574
f 3664 3575 3633
f 3665 3634 3575
f 3666 3608 3634
f 3667 3635 3609
f 3589 3610 3635
f 3589 3623 3610
f 3594 3576 3623
f 3668 3636 3578
f 3637 3577 3636
f 3669 3609 3637
f 3670 3578 3608
f 3640 3639 3612
f 3640 3543 3639
f 3671 3613 3640
f 3671 3614 3613
f 3672 3616 3614
f 3644 3579 3616
f 3673 3612 3641
f 3643 3642 3582
f 3622 3557 3642
f 3672 3645 3616
f 3674 3584 3645
f 3674 3646 3584
f 3675 3617 3646
f 3676 3647 3617
f 3635 3649 3589
f 3673 3620 3649
f 3673 3641 3620
f 3677 3650 3624
f 3678 3596 3650
f 3678 3651 3596
f 3679 3604 3651
f 3680 3652 3603
f 3653 3597 3652
f 3654 3626 3653
f 3681 3598 3654
f 3682 3655 3598
f 3683 3601 3655
f 3684 3627 3629
f 3684 3656 3627
f 3685 3564 3656
f 3685 3657 3564
f 3631 3606 3657
f 3686 3658 3601
f 3687 3628 3658
f 3687 3659 3628
f 3688 3629 3659
f 3689 3603 3630
f 3679 3660 3604
f 3690 3630 3660
f 3691 3661 3631
f 3662 3607 3661
f 3692 3632 3662
f 3693 3663 3632
f 3694 3633 3663
f 3694 3664 3633
f 3664 3665 3575
f 3666 3634 3665
f 3670 3608 3666
f 3669 3667 3609
f 3695 3635 3667
f 3670 3668 3578
f 3696 3636 3668
f 3696 3637 3636
f 3697 3669 3637
f 3699 3640 3612
f 3700 3671 3640
f 3672 3614 3671
f 3699 3612 3673
f 3622 3642 3643
f 3700 3645 3672
f 3701 3674 3645
f 3676 3646 3674
f 3676 3675 3646
f 3676 3617 3675
f 3702 3647 3676
f 3703 3649 3635
f 3704 3673 3649
f 3705 3650 3677
f 3705 3678 3650
f 3706 3651 3678
f 3689 3680 3603
f 3690 3652 3680
f 3707 3653 3652
f 3708 3654 3653
f 3682 3681 3654
f 3682 3598 3681
f 3683 3655 3682
f 3686 3601 3683
f 3709 3684 3629
f 3710 3656 3684
f 3631 3685 3656
f 3631 3657 3685
f 3711 3658 3686
f 3712 3687 3658
f 3687 3688 3659
f 3709 3629 3688
f 3690 3689 3630
f 3713 3660 3679
f 3714 3690 3660
f 3656 3691 3631
f 3656 3661 3691
f 3715 3662 3661
f 3716 3692 3662
f 3692 3693 3632
f 3694 3663 3693
f 3665 3664 3694
f 3694 3666 3665
f 3695 3667 3669
f 3703 3635 3695
f 3717 3668 3670
f 3718 3696 3668
f 3697 3637 3696
f 3719 3669 3697
f 3721 3638 3698
f 3699 3700 3640
f 3672 3671 3700
f 3704 3699 3673
f 3722 3645 3700
f 3722 3701 3645
f 3676 3674 3701
f 3704 3649 3703
f 3706 3678 3705
f 3690 3680 3689
f 3723 3652 3690
f 3724 3707 3652
f 3707 3708 3653
f 3682 3654 3708
f 3725 3683 3682
f 3711 3686 3683
f 3726 3684 3709
f 3726 3710 3684
f 3661 3656 3710
f 3727 3658 3711
f 3727 3712 3658
f 3728 3687 3712
f 3728 3688 3687
f 3729 3709 3688
f 3638 3660 3713
f 3730 3714 3660
f 3723 3690 3714
f 3733 3715 3661
f 3734 3662 3715
f 3734 3716 3662
f 3703 3695 3669
f 3735 3668 3717
f 3735 3718 3668
f 3736 3696 3718
f 3736 3697 3696
f 3736 3719 3697
f 3722 3669 3719
f 3730 3638 3721
f 3738 3700 3699
f 3738 3699 3704
f 3738 3722 3700
f 3739 3701 3722
f 3735 3676 3701
f 3738 3704 3703
f 3732 3706 3705
f 3724 3652 3723
f 3741 3707 3724
f 3742 3708 3707
f 3725 3682 3708
f 3711 3683 3725
f 3743 3726 3709
f 3744 3710 3726
f 3733 3661 3710
f 3725 3727 3711
f 3745 3712 3727
f 3729 3728 3712
f 3728 3729 3688
f 3743 3709 3729
f 3731 3638 3713
f 3730 3660 3638
f 3746 3714 3730
f 3746 3723 3714
f 3710 3715 3733
f 3747 3734 3715
f 3747 3716 3734
f 3738 3703 3669
f 3748 3718 3735
f 3701 3736 3718
f 3739 3719 3736
f 3749 3722 3719
f 3750 3669 3722
f 3751 3720 3737
f 3752 3721 3720
f 3753 3730 3721
f 3750 3722 3738
f 3749 3739 3722
f 3736 3701 3739
f 3748 3735 3701
f 3740 3676 3735
f 3741 3724 3723
f 3742 3707 3741
f 3754 3708 3742
f 3755 3725 3708
f 3756 3726 3743
f 3757 3744 3726
f 3715 3710 3744
f 3745 3727 3725
f 3758 3712 3745
f 3759 3729 3712
f 3759 3743 3729
f 3752 3746 3730
f 3741 3723 3746
f 3760 3747 3715
f 3750 3738 3669
f 3701 3718 3748
f 3749 3719 3739
f 3754 3751 3737
f 3752 3720 3751
f 3753 3721 3752
f 3752 3730 3753
f 3751 3742 3741
f 3751 3754 3742
f 3755 3708 3754
f 3762 3725 3755
f 3763 3756 3743
f 3757 3726 3756
f 3763 3744 3757
f 3760 3715 3744
f 3762 3745 3725
f 3764 3758 3745
f 3765 3712 3758
f 3765 3759 3712
f 3765 3743 3759
f 3741 3746 3752
f 3744 3747 3760
f 3761 3754 3737
f 3741 3752 3751
f 3766 3755 3754
f 3767 3762 3755
f 3765 3763 3743
f 3757 3756 3763
f 3768 3744 3763
f 3764 3745 3762
f 3767 3758 3764
f 3769 3765 3758
f 3770 3747 3744
f 3771 3754 3761
f 3771 3766 3754
f 3772 3755 3766
f 3772 3767 3755
f 3764 3762 3767
f 3773 3763 3765
f 3774 3768 3763
f 3770 3744 3768
f 3775 3758 3767
f 3773 3765 3769
f 3776 3772 3766
f 3776 3767 3772
f 3770 3768 3774
f 3777 3775 3767
f 3778 3758 3775
f 3779 3767 3776
f 3779 3777 3767
f 3780 3775 3777
f 3780 3778 3775
f 3781 3779 3776
f 3782 3777 3779
f 3782 3780 3777
f 3782 3779 3781
f 3830 3823 3834
f 3783 86 305
f 3784 304 86
f 3783 305 370
f 3785 412 304
f 3786 458 412
f 3786 487 458
f 3787 370 3303
f 3786 3306 487
f 3787 3309 3310
f 3787 3303 3309
f 3788 3310 3311
f 3789 3312 3306
f 3788 3311 3315
f 3790 3321 3312
f 3791 3322 3318
f 3791 3315 3322
f 3792 3318 3319
f 3793 3319 3323
f 3794 3324 3320
f 3790 3320 3321
f 3793 3323 3324
f 3795 86 3783
f 3795 3784 86
f 3796 304 3784
f 3797 3783 370
f 3796 3785 304
f 3786 412 3785
f 3797 370 3787
f 3798 3306 3786
f 3788 3787 3310
f 3799 3789 3306
f 3790 3312 3789
f 3800 3788 3315
f 3792 3791 3318
f 3800 3315 3791
f 3793 3792 3319
f 3790 3794 3320
f 3801 3324 3794
f 3801 3793 3324
f 3802 3795 3783
f 3796 3784 3795
f 3787 3783 3797
f 3803 3785 3796
f 3804 3786 3785
f 3799 3798 3786
f 3805 3787 3788
f 3798 3799 3306
f 3804 3789 3799
f 3794 3790 3789
f 3791 3788 3800
f 3806 3791 3792
f 3807 3792 3793
f 3793 3801 3794
f 3808 3802 3783
f 3809 3795 3802
f 3810 3796 3795
f 3805 3783 3787
f 3810 3803 3796
f 3804 3785 3803
f 3799 3786 3804
f 3811 3805 3788
f 3812 3789 3804
f 3812 3794 3789
f 3811 3788 3791
f 3807 3806 3792
f 3813 3791 3806
f 3814 3793 3794
f 3805 3808 3783
f 3815 3802 3808
f 3816 3809 3802
f 3810 3795 3809
f 3817 3803 3810
f 3818 3804 3803
f 3819 3805 3811
f 3820 3812 3804
f 3821 3794 3812
f 3822 3811 3791
f 3823 3806 3807
f 3822 3791 3813
f 3824 3814 3794
f 3807 3793 3814
f 3825 3808 3805
f 3825 3815 3808
f 3826 3802 3815
f 3826 3816 3802
f 3817 3809 3816
f 3809 3817 3810
f 3827 3803 3817
f 3828 3818 3803
f 3822 3819 3811
f 3825 3805 3819
f 3828 3820 3804
f 3821 3812 3820
f 3824 3794 3821
f 3829 3823 3807
f 3830 3806 3823
f 3819 3822 3813
f 3807 3814 3824
f 3830 3815 3825
f 3830 3826 3815
f 3831 3816 3826
f 3827 3817 3816
f 3828 3803 3827
f 3813 3825 3819
f 3818 3828 3804
f 3821 3820 3828
f 3829 3824 3821
f 3824 3829 3807
f 3832 3823 3829
f 3813 3806 3830
f 3813 3830 3825
f 3831 3826 3830
f 3833 3816 3831
f 3834 3827 3816
f 3821 3828 3827
f 3835 3829 3821
f 3835 3832 3829
f 3836 3823 3832
f 3833 3831 3830
f 3834 3816 3833
f 3837 3827 3834
f 3837 3821 3827
f 3837 3835 3821
f 3837 3832 3835
f 3837 3836 3832
f 3834 3823 3836
f 3834 3833 3830
f 3836 3837 3834
f 3838 1459 1469
f 3839 1469 1474
f 3840 1474 1479
f 3840 1479 1485
f 3841 2566 2565
f 3842 1485 2574
f 3843 2568 2566
f 3844 2575 2568
f 3845 2574 2584
f 3846 2584 2590
f 3847 2590 2591
f 3848 2615 2618
f 3849 2618 2622
f 3850 2622 2624
f 3851 2601 2604
f 3852 2635 2601
f 3853 2614 2675
f 3854 2677 2614
f 3848 2647 2615
f 3850 2624 2652
f 3847 2591 2660
f 3852 2664 2635
f 3855 2604 2668
f 3848 2678 2647
f 3856 2651 2653
f 3848 2653 2678
f 3847 2660 2687
f 3857 2652 2714
f 3858 2712 2651
f 3859 2687 2664
f 3854 2675 2778
f 3854 2744 2677
f 3860 2668 2769
f 3860 2769 2712
f 3854 2778 2744
f 3861 2711 2783
f 3862 2783 2850
f 3863 2850 2917
f 3864 2918 2919
f 3865 2919 3005
f 3866 3005 3066
f 3867 3066 3115
f 3868 3115 3100
f 3869 2565 2567
f 3870 3371 1459
f 3871 3394 2575
f 3869 2567 3391
f 3872 3428 3371
f 3869 3391 3428
f 3839 3838 1469
f 3870 1459 3838
f 3840 3839 1474
f 3873 3840 1485
f 3869 3841 2565
f 3843 2566 3841
f 3874 3842 2574
f 3873 1485 3842
f 3875 2568 3843
f 3875 3844 2568
f 3876 2575 3844
f 3877 3845 2584
f 3846 2574 3845
f 3878 3846 2590
f 3877 2584 3846
f 3878 2590 3847
f 3879 3848 2618
f 3880 3849 2622
f 3879 2618 3849
f 3881 2622 3850
f 3882 3851 2604
f 3852 2601 3851
f 3854 3853 2675
f 3854 2614 3853
f 3857 3850 2652
f 3859 2664 3852
f 3883 3855 2668
f 3882 2604 3855
f 3848 3856 2653
f 3884 2651 3856
f 3885 3847 2687
f 2711 3857 2714
f 3884 3858 2651
f 3860 2712 3858
f 3886 2687 3859
f 3883 2668 3860
f 3862 3861 2783
f 3857 2711 3861
f 3863 3862 2850
f 2918 3863 2917
f 3887 3864 2919
f 3863 2918 3864
f 3888 3865 3005
f 3889 2919 3865
f 3890 3866 3066
f 3888 3005 3866
f 3868 3867 3115
f 3891 3868 3100
f 3872 3371 3870
f 3876 3871 2575
f 3892 3394 3871
f 3869 3428 3872
f 3893 3838 3839
f 3894 3870 3838
f 3873 3839 3840
f 3895 3841 3869
f 3896 3843 3841
f 3846 3874 2574
f 3897 3842 3874
f 3898 3873 3842
f 3896 3875 3843
f 3899 3844 3875
f 3900 3876 3844
f 3846 3845 3877
f 3901 3846 3878
f 3902 3878 3847
f 3903 3848 3879
f 3881 3880 2622
f 3879 3849 3880
f 3904 3881 3850
f 3905 3851 3882
f 3906 3852 3851
f 3907 3850 3857
f 3908 3859 3852
f 3909 3855 3883
f 3909 3882 3855
f 3903 3856 3848
f 3903 3884 3856
f 3910 3885 2687
f 3911 3847 3885
f 3912 3858 3884
f 3913 3860 3858
f 3914 3886 3859
f 3910 2687 3886
f 3915 3883 3860
f 3916 3861 3862
f 3907 3857 3861
f 3864 3862 3863
f 3889 3887 2919
f 3916 3864 3887
f 3917 3865 3888
f 3918 3889 3865
f 3867 3890 3066
f 3888 3866 3890
f 3919 3867 3868
f 3920 3868 3891
f 3921 3872 3870
f 3922 3871 3876
f 3923 3892 3871
f 3921 3869 3872
f 3924 3893 3839
f 3925 3838 3893
f 3924 3839 3873
f 3926 3895 3869
f 3896 3841 3895
f 3927 3874 3846
f 3927 3897 3874
f 3898 3842 3897
f 3924 3873 3898
f 3928 3875 3896
f 3928 3899 3875
f 3929 3844 3899
f 3929 3900 3844
f 3922 3876 3900
f 3902 3901 3878
f 3927 3846 3901
f 3930 3903 3879
f 3931 3880 3881
f 3932 3879 3880
f 3907 3904 3850
f 3931 3881 3904
f 3933 3905 3882
f 3906 3851 3905
f 3905 3852 3906
f 3905 3908 3852
f 3934 3859 3908
f 3915 3909 3883
f 3935 3882 3909
f 3912 3884 3903
f 3886 3885 3910
f 3886 3911 3885
f 3902 3847 3911
f 3936 3858 3912
f 3936 3913 3858
f 3937 3860 3913
f 3934 3914 3859
f 3911 3886 3914
f 3937 3915 3860
f 3864 3916 3862
f 3907 3861 3916
f 3918 3887 3889
f 3938 3916 3887
f 3939 3917 3888
f 3918 3865 3917
f 3919 3890 3867
f 3939 3888 3890
f 3920 3919 3868
f 3940 3920 3891
f 3941 3921 3870
f 3942 3871 3922
f 3942 3923 3871
f 3926 3869 3921
f 3925 3893 3924
f 3894 3838 3925
f 3943 3895 3926
f 3943 3896 3895
f 3944 3897 3927
f 3924 3898 3897
f 3943 3928 3896
f 3945 3899 3928
f 3945 3929 3899
f 3946 3900 3929
f 3947 3922 3900
f 3911 3901 3902
f 3948 3927 3901
f 3949 3930 3879
f 3950 3903 3930
f 3932 3880 3931
f 3949 3879 3932
f 3951 3904 3907
f 3952 3931 3904
f 3953 3933 3882
f 3908 3905 3933
f 3933 3934 3908
f 3935 3909 3915
f 3954 3882 3935
f 3950 3912 3903
f 3950 3936 3912
f 3955 3913 3936
f 3915 3937 3913
f 3956 3914 3934
f 3901 3911 3914
f 3957 3907 3916
f 3958 3887 3918
f 3958 3938 3887
f 3959 3916 3938
f 3960 3917 3939
f 3961 3918 3917
f 3962 3890 3919
f 3962 3939 3890
f 3963 3919 3920
f 3964 3940 3891
f 3965 3921 3941
f 3966 3925 3924
f 3967 3943 3926
f 3968 3944 3927
f 3968 3897 3944
f 3969 3924 3897
f 3967 3928 3943
f 3970 3945 3928
f 3946 3929 3945
f 3971 3900 3946
f 3971 3947 3900
f 3972 3922 3947
f 3914 3948 3901
f 3973 3927 3948
f 3950 3930 3949
f 3974 3932 3931
f 3974 3949 3932
f 3975 3951 3907
f 3952 3904 3951
f 3974 3931 3952
f 3954 3953 3882
f 3976 3933 3953
f 3976 3934 3933
f 3955 3935 3915
f 3977 3954 3935
f 3978 3936 3950
f 3979 3955 3936
f 3915 3913 3955
f 3980 3956 3934
f 3948 3914 3956
f 3981 3957 3916
f 3975 3907 3957
f 3982 3958 3918
f 3982 3938 3958
f 3983 3959 3938
f 3981 3916 3959
f 3984 3960 3939
f 3961 3917 3960
f 3982 3918 3961
f 3963 3962 3919
f 3985 3939 3962
f 3940 3963 3920
f 3986 3964 3891
f 3987 3940 3964
f 3926 3921 3965
f 3988 3966 3924
f 3969 3925 3966
f 3965 3967 3926
f 3973 3968 3927
f 3969 3897 3968
f 3988 3924 3969
f 3970 3928 3967
f 3989 3945 3970
f 3990 3946 3945
f 3990 3971 3946
f 3972 3947 3971
f 3991 3973 3948
f 3992 3950 3949
f 3993 3949 3974
f 3994 3951 3975
f 3993 3952 3951
f 3993 3974 3952
f 3995 3953 3954
f 3995 3976 3953
f 3980 3934 3976
f 3977 3935 3955
f 3996 3954 3977
f 3992 3978 3950
f 3996 3936 3978
f 3997 3979 3936
f 3977 3955 3979
f 3948 3956 3980
f 3975 3957 3981
f 3998 3938 3982
f 3998 3983 3938
f 3981 3959 3983
f 3985 3984 3939
f 3982 3960 3984
f 3982 3961 3960
f 3999 3962 3963
f 4000 3985 3962
f 4001 3963 3940
f 4002 3987 3964
f 3969 3966 3988
f 4003 3967 3965
f 4004 3968 3973
f 4004 3969 3968
f 4005 3970 3967
f 4006 3989 3970
f 3990 3945 3989
f 4007 3971 3990
f 4008 3972 3971
f 4009 3991 3948
f 4010 3992 3949
f 4010 3949 3993
f 4011 3994 3975
f 4012 3951 3994
f 4012 3993 3951
f 3996 3995 3954
f 4013 3976 3995
f 4013 3980 3976
f 3997 3996 3977
f 4014 3978 3992
f 4014 3996 3978
f 3996 3997 3936
f 3977 3979 3997
f 4009 3948 3980
f 4011 3975 3981
f 4015 3998 3982
f 4016 3983 3998
f 4017 3981 3983
f 4000 3984 3985
f 4018 3982 3984
f 4001 3999 3963
f 4000 3962 3999
f 3987 4001 3940
f 4019 3987 4002
f 4021 4003 3965
f 4021 3967 4003
f 4022 3969 4004
f 4021 4005 3967
f 4006 3970 4005
f 4023 3989 4006
f 4024 3990 3989
f 4024 4007 3990
f 4025 3971 4007
f 4026 4008 3971
f 3980 3991 4009
f 4027 3992 4010
f 4028 4010 3993
f 3981 3994 4011
f 4029 4012 3994
f 4030 3993 4012
f 4031 3995 3996
f 4032 4013 3995
f 4033 4014 3992
f 4034 3996 4014
f 4018 4015 3982
f 4015 4016 3998
f 4017 3983 4016
f 3994 3981 4017
f 4035 3984 4000
f 4036 4018 3984
f 4019 3999 4001
f 4037 4000 3999
f 4019 4001 3987
f 4037 4019 4002
f 4040 4022 4004
f 4039 3969 4022
f 4041 4005 4021
f 4041 4006 4005
f 4042 4023 4006
f 4024 3989 4023
f 4023 4007 4024
f 4026 4025 4007
f 4026 3971 4025
f 4043 4008 4026
f 4043 4020 4008
f 4033 4027 4010
f 4033 3992 4027
f 4030 4028 3993
f 4033 4010 4028
f 4044 4029 3994
f 4030 4012 4029
f 4034 4031 3996
f 4032 3995 4031
f 4034 4014 4033
f 4045 4015 4018
f 4046 4016 4015
f 4047 4017 4016
f 4048 3994 4017
f 4049 4035 4000
f 4050 3984 4035
f 4050 4036 3984
f 4050 4018 4036
f 4019 4037 3999
f 4037 4002 4038
f 4039 4022 4040
f 4052 4041 4021
f 4042 4006 4041
f 4053 4023 4042
f 4053 4007 4023
f 4043 4026 4007
f 4051 4020 4043
f 4033 4028 4030
f 4048 4044 3994
f 4054 4029 4044
f 4055 4030 4029
f 4056 4031 4034
f 4057 4032 4031
f 4056 4034 4033
f 4058 4045 4018
f 4045 4046 4015
f 4047 4016 4046
f 4048 4017 4047
f 4037 4049 4000
f 4050 4035 4049
f 4058 4018 4050
f 4049 4037 4038
f 4052 4021 4039
f 4052 4039 4040
f 4042 4041 4052
f 4061 4053 4042
f 4062 4007 4053
f 4062 4043 4007
f 4063 4051 4043
f 4065 4033 4030
f 4066 4044 4048
f 4066 4054 4044
f 4067 4029 4054
f 4067 4055 4029
f 4057 4031 4056
f 4068 4032 4057
f 4065 4056 4033
f 4069 4045 4058
f 4070 4046 4045
f 4071 4047 4046
f 4066 4048 4047
f 4072 4050 4049
f 4069 4058 4050
f 4049 4038 4059
f 4052 4040 4060
f 4060 4042 4052
f 4074 4053 4061
f 4043 4062 4053
f 4075 4063 4043
f 4055 4065 4030
f 4076 4054 4066
f 4077 4067 4054
f 4078 4055 4067
f 4065 4057 4056
f 4064 4068 4057
f 4079 4045 4069
f 4079 4070 4045
f 4070 4071 4046
f 4066 4047 4071
f 4073 4072 4049
f 4069 4050 4072
f 4063 4053 4074
f 4075 4043 4053
f 4053 4063 4075
f 4080 4065 4055
f 4071 4076 4066
f 4076 4077 4054
f 4078 4067 4077
f 4080 4055 4078
f 4080 4057 4065
f 4080 4064 4057
f 4081 4071 4070
f 4059 4073 4049
f 4081 4076 4071
f 4082 4078 4077
f 3100 3986 3891
f 4084 2828 2891
f 4083 2889 2758
f 4083 2891 2889
f 4084 2923 2828
f 4086 2955 2983
f 4086 2983 2923
f 4086 3031 2955
f 4090 4084 2891
f 4091 2891 4083
f 4086 2923 4084
f 4095 4088 3083
f 4095 3083 4089
f 4096 4083 4085
f 4096 4090 2891
f 4086 4084 4090
f 4096 4091 4083
f 4096 2891 4091
f 4097 4085 4092
f 4093 4092 4087
f 4098 4094 4088
f 4099 4095 4089
f 4097 4096 4085
f 4097 4090 4096
f 4100 4086 4090
f 4101 4097 4092
f 4101 4092 4093
f 4101 4093 4094
f 4102 4098 4088
f 4103 4094 4098
f 4100 4090 4097
f 4105 4097 4101
f 4103 4101 4094
f 4106 4103 4098
f 4107 4104 4100
f 4107 4100 4097
f 4108 4105 4101
f 4107 4097 4105
f 4108 4101 4103
f 4109 4106 4098
f 4110 4103 4106
f 4107 4105 4108
f 4110 4108 4103
f 4108 4110 4107
f 4111 3524 3450
f 4112 3450 3559
f 4112 3559 3523
f 4113 3528 3527
f 4113 3527 3593
f 4111 3593 3524
f 4114 3595 3528
f 4115 3615 3549
f 4116 3592 3622
f 4117 3523 3592
f 4118 3624 3595
f 3622 3643 3615
f 4118 3677 3624
f 4119 3679 3651
f 4120 3705 3677
f 4119 3651 3706
f 4119 3713 3679
f 4119 3706 3732
f 4121 3732 3705
f 4112 4111 3450
f 4117 4112 3523
f 4114 3528 4113
f 4111 4113 3593
f 4118 3595 4114
f 4122 3615 4115
f 4123 4116 3622
f 4117 3592 4116
f 4123 3622 3615
f 4124 3677 4118
f 4124 4120 3677
f 4121 3705 4120
f 4121 4119 3732
f 4123 4111 4112
f 4123 4112 4117
f 4125 4114 4113
f 4126 4113 4111
f 4127 4122 4115
f 4128 3615 4122
f 4117 4116 4123
f 4128 4123 3615
f 4129 4124 4118
f 4130 4111 4123
f 4126 4125 4113
f 4118 4114 4125
f 4130 4126 4111
f 4131 4128 4122
f 4130 4123 4128
f 4125 4129 4118
f 4132 4124 4129
f 4133 4125 4126
f 4133 4126 4130
f 4133 4128 4131
f 4133 4130 4128
f 4133 4129 4125
f 4134 4132 4129
f 4134 4129 4133
f 4135 4122 4127
f 4135 4127 4115
f 4137 4131 4122
f 4136 4124 4132
f 4137 4133 4131
f 4138 4132 4134
f 4137 4134 4133
f 4140 4122 4135
f 4140 4137 4122
f 4138 4136 4132
f 4141 4138 4134
f 4142 4134 4137
f 4140 4135 4139
f 4142 4137 4140
f 4144 4136 4138
f 4142 4141 4134
f 4144 4138 4141
f 4145 4139 4143
f 4147 2490 2489
f 4147 2489 2527
f 4148 2526 2539
f 4147 2527 2526
f 4149 4148 2539
f 4147 2526 4148
f 4147 4148 4149
f 4150 4149 2539
f 4151 4002 3964
f 4151 4038 4002
f 4152 2512 2490
f 4153 2513 2512
f 4153 2523 2513
f 4154 2546 2523
f 4155 2535 2547
f 4156 2496 2542
f 4154 2555 2546
f 4155 2547 2555
f 4157 2542 2551
f 4155 2556 2562
f 4155 2562 2535
f 4158 2551 2553
f 4158 2553 2564
f 4155 2564 2556
f 4159 2742 2814
f 4159 2815 2742
f 4160 2846 2815
f 4160 2816 2846
f 4160 2847 2816
f 4161 2814 2914
f 4160 2915 2847
f 4160 2945 2915
f 4161 2914 2974
f 4162 2974 2965
f 4163 3027 2945
f 4162 2965 3047
f 4164 3048 3027
f 4165 3047 3074
f 4164 3063 3048
f 4165 3074 3091
f 4166 3078 3063
f 4166 3095 3078
f 3129 3127 3095
f 4167 3100 3129
f 4168 3175 3176
f 4169 3177 3190
f 4168 3176 3177
f 4156 3192 2496
f 4170 3214 3192
f 4171 3190 3222
f 4172 3232 3240
f 4171 3222 3338
f 4173 3239 3343
f 4171 3338 3232
f 4173 3343 3348
f 4174 2490 4147
f 4174 4147 4149
f 4175 4152 2490
f 4153 2512 4152
f 4176 2523 4153
f 4176 4154 2523
f 4177 4156 2542
f 4178 2555 4154
f 4178 4155 2555
f 4158 4157 2551
f 4177 2542 4157
f 4179 4158 2564
f 4179 2564 4155
f 4180 4159 2814
f 4160 2815 4159
f 4181 2814 4161
f 4163 2945 4160
f 4162 4161 2974
f 4164 3027 4163
f 4182 4162 3047
f 4182 3047 4165
f 4166 3063 4164
f 4183 3095 4166
f 4167 3129 3095
f 4184 3100 4167
f 4185 4169 3190
f 4168 3177 4169
f 4186 3192 4156
f 4186 4170 3192
f 4187 3190 4171
f 3239 4172 3240
f 4171 3232 4172
f 4172 3239 4173
f 4175 2490 4174
f 4189 4174 4149
f 4190 4152 4175
f 4190 4153 4152
f 4191 4176 4153
f 4192 4154 4176
f 4193 4156 4177
f 4192 4178 4154
f 4179 4155 4178
f 4194 4157 4158
f 4195 4177 4157
f 4194 4158 4179
f 4181 4180 2814
f 4196 4159 4180
f 4197 4160 4159
f 4198 4181 4161
f 4197 4163 4160
f 4199 4161 4162
f 4197 4164 4163
f 4200 4162 4182
f 4201 4166 4164
f 4167 3095 4183
f 4183 4184 4167
f 4202 3100 4184
f 4187 4185 3190
f 4168 4169 4185
f 4203 4170 4186
f 4204 4171 4172
f 4203 4188 4170
f 4205 4175 4174
f 4205 4174 4189
f 4205 4190 4175
f 4191 4153 4190
f 4206 4176 4191
f 4206 4192 4176
f 4195 4193 4177
f 4206 4178 4192
f 4207 4179 4178
f 4208 4157 4194
f 4208 4195 4157
f 4209 4194 4179
f 4210 4180 4181
f 4210 4196 4180
f 4197 4159 4196
f 4199 4198 4161
f 4211 4181 4198
f 4200 4199 4162
f 4212 4164 4197
f 4212 4201 4164
f 4202 4184 4183
f 4213 4206 4191
f 4209 4178 4206
f 4209 4207 4178
f 4209 4179 4207
f 4214 4208 4194
f 4214 4195 4208
f 4215 4194 4209
f 4211 4210 4181
f 4211 4196 4210
f 4212 4197 4196
f 4216 4198 4199
f 4216 4211 4198
f 4217 4199 4200
f 4218 4209 4206
f 4219 4212 4196
f 4217 4216 4199
f 4217 4211 4216
f 4220 3440 3372
f 4221 3463 3394
f 4222 3459 3472
f 4222 3429 3459
f 4223 3431 3499
f 4224 3499 3463
f 4225 3512 3440
f 4223 3472 3431
f 4220 3372 3511
f 4222 3546 3429
f 4220 3511 3546
f 4225 3549 3512
f 4221 3394 3892
f 4226 3870 3894
f 4221 3892 3923
f 3965 3941 3870
f 4227 3942 3922
f 4228 3923 3942
f 4229 3894 3925
f 4230 3922 3972
f 4231 3925 3969
f 4232 3973 3991
f 4233 4004 3973
f 4230 3972 4008
f 4232 3980 4013
f 4234 4021 3965
f 4232 3991 3980
f 4232 4013 4032
f 4235 4040 4004
f 4236 3969 4039
f 4230 4008 4020
f 4237 4020 4051
f 4234 4039 4021
f 4238 4061 4042
f 4239 4051 4063
f 4240 4032 4068
f 4235 4060 4040
f 4238 4042 4060
f 4238 4074 4061
f 4240 4068 4064
f 4241 4079 4069
f 4241 4070 4079
f 4242 4072 4073
f 4242 4069 4072
f 4243 4063 4074
f 4244 4077 4076
f 4245 4080 4078
f 4246 4064 4080
f 4241 4081 4070
f 4247 4076 4081
f 4245 4078 4082
f 4244 4082 4077
f 4225 4115 3549
f 4248 4135 4115
f 4248 4139 4135
f 4249 4143 4139
f 4250 4145 4143
f 4250 4146 4145
f 4251 3440 4220
f 4224 3463 4221
f 4252 4222 3472
f 4224 4223 3499
f 4251 4225 3440
f 4252 3472 4223
f 4253 3546 4222
f 4254 4220 3546
f 4228 4221 3923
f 4230 4227 3922
f 4228 3942 4227
f 4231 4229 3925
f 4226 3894 4229
f 4236 4231 3969
f 4233 3973 4232
f 4255 4004 4233
f 4256 4234 3965
f 4240 4232 4032
f 4255 4235 4004
f 4234 4236 4039
f 4257 4230 4020
f 4258 4237 4051
f 4259 4020 4237
f 4243 4239 4063
f 4258 4051 4239
f 4260 4060 4235
f 4260 4238 4060
f 4261 4074 4238
f 4255 4240 4064
f 4242 4241 4069
f 4262 4243 4074
f 4247 4244 4076
f 4245 4246 4080
f 4263 4064 4246
f 4264 4081 4241
f 4264 4247 4081
f 4244 4245 4082
f 4248 4115 4225
f 4249 4139 4248
f 4250 4143 4249
f 4265 4146 4250
f 4266 4251 4220
f 4267 4224 4221
f 4223 4222 4252
f 4268 4223 4224
f 4269 4225 4251
f 4270 4253 4222
f 4254 3546 4253
f 4266 4220 4254
f 4271 4221 4228
f 4257 4227 4230
f 4272 4228 4227
f 4236 4229 4231
f 4273 4226 4229
f 4255 4233 4232
f 4274 4256 3965
f 4275 4234 4256
f 4255 4232 4240
f 4260 4235 4255
f 4273 4236 4234
f 4259 4257 4020
f 4276 4237 4258
f 4277 4259 4237
f 4278 4239 4243
f 4279 4258 4239
f 4280 4238 4260
f 4281 4261 4238
f 4262 4074 4261
f 4263 4255 4064
f 4282 4241 4242
f 4278 4243 4262
f 4284 4244 4247
f 4263 4246 4245
f 4247 4264 4241
f 4285 4245 4244
f 4286 4248 4225
f 4286 4249 4248
f 4265 4250 4249
f 4287 4251 4266
f 4271 4267 4221
f 4288 4224 4267
f 4268 4222 4223
f 4288 4268 4224
f 4287 4269 4251
f 4286 4225 4269
f 4268 4270 4222
f 4289 4253 4270
f 4266 4254 4253
f 4290 4271 4228
f 4291 4227 4257
f 4290 4272 4227
f 4290 4228 4272
f 4273 4229 4236
f 4292 4226 4273
f 4292 4274 3965
f 4275 4256 4274
f 4293 4234 4275
f 4294 4260 4255
f 4274 4273 4234
f 4291 4257 4259
f 4282 4276 4258
f 4277 4237 4276
f 4291 4259 4277
f 4279 4239 4278
f 4282 4258 4279
f 4294 4280 4260
f 4295 4238 4280
f 4296 4281 4238
f 4262 4261 4281
f 4294 4255 4263
f 4297 4282 4242
f 4279 4241 4282
f 4298 4242 4283
f 4247 4278 4262
f 4299 4284 4247
f 4299 4244 4284
f 4300 4263 4245
f 4279 4247 4241
f 4301 4285 4244
f 4301 4245 4285
f 4287 4249 4286
f 4302 4265 4249
f 4303 4287 4266
f 4304 4267 4271
f 4305 4288 4267
f 4306 4268 4288
f 4286 4269 4287
f 4306 4270 4268
f 4306 4289 4270
f 4307 4253 4289
f 4307 4266 4253
f 4308 4271 4290
f 4309 4227 4291
f 4308 4290 4227
f 3965 4226 4292
f 4273 4274 4292
f 4293 4275 4274
f 4310 4234 4293
f 4310 4274 4234
f 4297 4276 4282
f 4311 4277 4276
f 4312 4291 4277
f 4247 4279 4278
f 4300 4280 4294
f 4300 4295 4280
f 4296 4238 4295
f 4295 4281 4296
f 4313 4262 4281
f 4300 4294 4263
f 4314 4297 4242
f 4315 4298 4283
f 4314 4242 4298
f 4299 4247 4262
f 4262 4244 4299
f 4295 4300 4245
f 4313 4301 4244
f 4295 4245 4301
f 4316 4249 4287
f 4316 4302 4249
f 4307 4303 4266
f 4317 4287 4303
f 4318 4304 4271
f 4305 4267 4304
f 4304 4288 4305
f 4289 4306 4288
f 4319 4307 4289
f 4318 4271 4308
f 4320 4309 4291
f 4321 4227 4309
f 4321 4308 4227
f 4310 4293 4274
f 4311 4276 4297
f 4322 4277 4311
f 4323 4312 4277
f 4320 4291 4312
f 4324 4281 4295
f 4324 4313 4281
f 4244 4262 4313
f 4311 4297 4314
f 4325 4298 4315
f 4322 4314 4298
f 4295 4301 4313
f 4326 4316 4287
f 4326 4302 4316
f 4327 4303 4307
f 4327 4317 4303
f 4326 4287 4317
f 4328 4304 4318
f 4329 4288 4304
f 4319 4289 4288
f 4330 4307 4319
f 4328 4318 4308
f 4331 4309 4320
f 4332 4321 4309
f 4332 4308 4321
f 4314 4322 4311
f 4323 4277 4322
f 4333 4312 4323
f 4334 4320 4312
f 4313 4324 4295
f 4335 4325 4315
f 4333 4298 4325
f 4333 4322 4298
f 4336 4327 4307
f 4326 4317 4327
f 4329 4304 4328
f 4337 4319 4288
f 4338 4330 4319
f 4336 4307 4330
f 4332 4328 4308
f 4334 4331 4320
f 4339 4309 4331
f 4339 4332 4309
f 4333 4323 4322
f 4340 4312 4333
f 4340 4334 4312
f 4341 4335 4315
f 4333 4325 4335
f 4343 4327 4336
f 4344 4326 4327
f 4345 4329 4328
f 4346 4337 4288
f 4338 4319 4337
f 4347 4330 4338
f 4347 4336 4330
f 4339 4328 4332
f 4348 4331 4334
f 4328 4339 4331
f 4349 4340 4333
f 4350 4334 4340
f 4349 4333 4335
f 4351 4342 4326
f 4353 4343 4336
f 4344 4327 4343
f 4351 4326 4344
f 4331 4345 4328
f 4354 4329 4345
f 4355 4337 4346
f 4356 4338 4337
f 4357 4347 4338
f 4353 4336 4347
f 4358 4331 4348
f 4335 4340 4349
f 4335 4350 4340
f 4348 4334 4350
f 4359 4342 4351
f 4329 4343 4353
f 4351 4344 4343
f 4358 4345 4331
f 4360 4354 4345
f 4361 4329 4354
f 4329 4355 4346
f 4356 4337 4355
f 4357 4338 4356
f 4362 4347 4357
f 4362 4353 4347
f 4345 4358 4348
f 4363 4350 4335
f 4360 4348 4350
f 4363 4335 4352
f 4364 4359 4351
f 4365 4329 4353
f 4364 4343 4329
f 4364 4351 4343
f 4348 4360 4345
f 4366 4354 4360
f 4367 4361 4354
f 4364 4329 4361
f 4365 4355 4329
f 4368 4356 4355
f 4362 4357 4356
f 4365 4353 4362
f 4369 4350 4363
f 4369 4360 4350
f 4370 4363 4352
f 4361 4359 4364
f 4369 4366 4360
f 4367 4354 4366
f 4373 4361 4367
f 4362 4355 4365
f 4362 4368 4355
f 4362 4356 4368
f 4374 4369 4363
f 4372 4370 4352
f 4375 4363 4370
f 4373 4359 4361
f 4373 4371 4359
f 4374 4366 4369
f 4374 4367 4366
f 4376 4373 4367
f 4375 4374 4363
f 4374 4375 4370
f 4376 4371 4373
f 4378 4367 4374
f 4378 4376 4367
f 4379 4374 4370
f 4377 4371 4376
f 4377 4376 4378
f 4381 4379 4370
f 4381 4374 4379
f 4382 4380 4377
f 4385 4384 4382
f 4385 4383 4384
f 4226 3965 3870
f 4329 4346 4288
f 4386 3964 3986
f 4387 4059 4038
f 4387 4073 4059
f 4388 4151 3964
f 4387 4038 4151
f 4389 4183 4166
f 4389 4166 4201
f 10470 3100 4202
f 4391 4201 4212
f 4391 4212 4219
f 4387 4242 4073
f 4387 4283 4242
f 4392 4315 4283
f 4393 4335 4341
f 4393 4341 4315
f 4393 4352 4335
f 4394 4370 4372
f 4394 4372 4352
f 4395 4378 4374
f 4396 4377 4378
f 4395 4381 4370
f 4395 4374 4381
f 4396 4382 4377
f 4396 4385 4382
f 4390 4386 3986
f 4397 3964 4386
f 4397 4388 3964
f 4387 4151 4388
f 4391 4389 4201
f 4398 4283 4387
f 4398 4392 4283
f 4393 4315 4392
f 4399 4352 4393
f 4400 4370 4394
f 4401 4394 4352
f 4402 4378 4395
f 4402 4396 4378
f 4403 4395 4370
f 4404 4386 4390
f 4405 4397 4386
f 4406 4388 4397
f 4407 4387 4388
f 4407 4398 4387
f 4407 4392 4398
f 4408 4393 4392
f 4409 4399 4393
f 4401 4352 4399
f 4403 4400 4394
f 4403 4370 4400
f 4403 4394 4401
f 4403 4402 4395
f 4410 4404 4390
f 4410 4386 4404
f 4410 4405 4386
f 4411 4397 4405
f 4411 4406 4397
f 4407 4388 4406
f 4409 4392 4407
f 4409 4393 4408
f 4412 4405 4410
f 4412 4411 4405
f 4413 4406 4411
f 4409 4407 4406
f 4408 4392 4409
f 4414 4411 4412
f 4414 4413 4411
f 4409 4406 4413
f 4415 4414 4412
f 4417 4383 4385
f 4417 4385 4396
f 4417 4396 4402
f 4418 4416 4383
f 4419 4149 4150
f 4419 4189 4149
f 4420 4205 4189
f 4420 4190 4205
f 4420 4191 4190
f 4421 4202 4183
f 4423 4183 4389
f 4421 3100 10470
f 4421 10470 4202
f 4424 4391 4219
f 4425 4389 4391
f 4426 4399 4409
f 4427 4401 4399
f 4427 4403 4401
f 4428 4402 4403
f 4429 4410 4390
f 4430 4412 4410
f 4431 4413 4414
f 4431 4409 4413
f 4432 4414 4415
f 4433 4415 4412
f 4434 4383 4417
f 4434 4417 4402
f 4435 4416 4418
f 4434 4418 4383
f 4436 4189 4419
f 4436 4420 4189
f 4437 4191 4420
f 4438 4421 4183
f 4424 4219 4422
f 4425 4423 4389
f 4438 4183 4423
f 4439 4391 4424
f 4440 4425 4391
f 4441 4426 4409
f 4427 4399 4426
f 4428 4403 4427
f 4442 4402 4428
f 4430 4410 4429
f 4433 4412 4430
f 4443 4431 4414
f 4441 4409 4431
f 4433 4432 4415
f 4444 4414 4432
f 4442 4434 4402
f 4434 4435 4418
f 4445 4421 4438
f 4447 4424 4422
f 4440 4423 4425
f 4445 4438 4423
f 4447 4439 4424
f 4440 4391 4439
f 4448 4426 4441
f 4428 4427 4426
f 4449 4442 4428
f 4421 4430 4429
f 4444 4443 4414
f 4450 4431 4443
f 4448 4441 4431
f 4451 4432 4433
f 4452 4444 4432
f 4449 4434 4442
f 4453 4421 4445
f 4454 4422 4446
f 4454 4447 4422
f 4455 4423 4440
f 4456 4439 4447
f 4456 4440 4439
f 4428 4426 4448
f 4457 4449 4428
f 4458 4430 4421
f 4461 4443 4444
f 4462 4450 4443
f 4463 4431 4450
f 4463 4448 4431
f 4460 4451 4433
f 4452 4432 4451
f 4461 4444 4452
f 4464 4434 4449
f 4458 4421 4453
f 4465 4428 4448
f 4465 4457 4428
f 4464 4449 4457
f 4459 4430 4458
f 4466 4443 4461
f 4463 4450 4462
f 4467 4448 4463
f 4468 4452 4451
f 4469 4461 4452
f 4457 4465 4448
f 4470 4464 4457
f 4462 4443 4466
f 4471 4463 4462
f 4469 4452 4468
f 4466 4461 4469
f 4474 4462 4466
f 4467 4463 4471
f 4471 4462 4474
f 3100 4421 3986
f 3986 4421 4429
f 3986 4429 4390
f 4475 4186 4156
f 4476 4156 4193
f 4477 4193 4195
f 4478 4206 4213
f 4479 4213 4191
f 4480 4214 4194
f 4477 4195 4214
f 4481 4194 4215
f 4481 4215 4209
f 4482 4209 4218
f 4483 4218 4206
f 4484 4436 4419
f 4484 4420 4436
f 4478 4191 4437
f 4478 4437 4420
f 4485 4433 4430
f 4487 4445 4423
f 4487 4453 4445
f 4489 4447 4454
f 4487 4423 4455
f 4490 4455 4440
f 4489 4456 4447
f 4490 4440 4456
f 4485 4451 4460
f 4485 4460 4433
f 4487 4458 4453
f 4485 4430 4459
f 4485 4459 4458
f 4491 4448 4467
f 4492 4468 4451
f 4491 4457 4448
f 4493 4464 4470
f 4494 4470 4457
f 4492 4469 4468
f 4492 4466 4469
f 4492 4474 4466
f 4495 4467 4471
f 4493 4473 4472
f 4492 4471 4474
f 4476 4475 4156
f 4477 4476 4193
f 4479 4478 4213
f 4478 4479 4191
f 4496 4480 4194
f 4477 4214 4480
f 4496 4194 4481
f 4482 4481 4209
f 4483 4482 4218
f 4478 4483 4206
f 4486 4484 4419
f 4497 4454 4488
f 4497 4489 4454
f 4498 4487 4455
f 4498 4455 4490
f 4499 4456 4489
f 4499 4490 4456
f 4492 4451 4485
f 4500 4458 4487
f 4500 4485 4458
f 4501 4457 4491
f 4494 4493 4470
f 4472 4464 4493
f 4501 4494 4457
f 4502 4495 4471
f 4491 4467 4495
f 4503 4473 4493
f 4504 4480 4496
f 4504 4477 4480
f 4505 4496 4481
f 4505 4481 4482
f 4506 4482 4483
f 4507 4487 4498
f 4507 4498 4490
f 4508 4499 4489
f 4509 4490 4499
f 4500 4492 4485
f 4510 4500 4487
f 4502 4501 4491
f 4511 4493 4494
f 4502 4494 4501
f 4492 4502 4471
f 4491 4495 4502
f 4511 4503 4493
f 4512 4504 4496
f 4513 4496 4505
f 4506 4505 4482
f 4478 4506 4483
f 4510 4487 4507
f 4509 4507 4490
f 4514 4509 4499
f 4515 4492 4500
f 4516 4500 4510
f 4517 4511 4494
f 4517 4494 4502
f 4515 4502 4492
f 4518 4503 4511
f 4519 4512 4496
f 4506 4513 4505
f 4519 4496 4513
f 4514 4510 4507
f 4514 4507 4509
f 4516 4515 4500
f 4520 4516 4510
f 4521 4511 4517
f 4522 4517 4502
f 4520 4502 4515
f 4521 4518 4511
f 4523 4519 4513
f 4524 4510 4514
f 4520 4515 4516
f 4525 4520 4510
f 4526 4521 4517
f 4527 4522 4502
f 4528 4517 4522
f 4527 4502 4520
f 4529 4518 4521
f 4525 4510 4524
f 4524 4520 4525
f 4528 4521 4526
f 4528 4522 4527
f 4526 4517 4528
f 4524 4527 4520
f 4531 4529 4521
f 4530 4518 4529
f 4533 4521 4528
f 4533 4528 4527
f 4534 4527 4524
f 4533 4531 4521
f 4535 4529 4531
f 4534 4533 4527
f 4535 4531 4533
f 4536 4533 4534
f 4537 4535 4533
f 4538 4537 4533
f 4540 1606 1608
f 4540 1608 1607
f 4540 1624 1606
f 4540 1636 1624
f 4541 1654 1636
f 4542 1687 1664
f 4542 1733 1707
f 4543 1756 1733
f 4544 1779 1769
f 4543 1769 1756
f 4544 1793 1779
f 4544 1927 1793
f 4546 4540 1607
f 4547 1636 4540
f 1664 1654 4541
f 4541 4542 1664
f 1707 1687 4542
f 4548 1733 4542
f 4549 4543 1733
f 4550 4544 1769
f 4550 1769 4543
f 4546 1607 4545
f 4547 4540 4546
f 4541 1636 4547
f 4551 4542 4541
f 4551 4548 4542
f 4549 1733 4548
f 4552 4543 4549
f 4553 4544 4550
f 4553 4550 4543
f 4554 4547 4546
f 4555 4541 4547
f 4556 4548 4551
f 4556 4549 4548
f 4553 4552 4549
f 4553 4543 4552
f 4557 4544 4553
f 4555 4547 4554
f 4551 4541 4555
f 4555 4556 4551
f 4558 4549 4556
f 4559 4553 4549
f 4559 4557 4553
f 4560 4544 4557
f 4561 4555 4554
f 4562 4556 4555
f 4562 4558 4556
f 4559 4549 4558
f 4563 4557 4559
f 4562 4555 4561
f 4564 4558 4562
f 4563 4559 4558
f 4564 4562 4561
f 4563 4558 4564
f 4565 197 210
f 4566 210 234
f 4567 326 197
f 4566 234 393
f 4568 393 395
f 4568 395 507
f 4569 507 555
f 4570 597 326
f 4571 599 605
f 4571 605 597
f 4572 714 599
f 4573 4565 210
f 4574 210 4566
f 4570 326 4567
f 4574 4566 393
f 4574 393 4568
f 4569 4568 507
f 4571 597 4570
f 4572 599 4571
f 4574 4573 210
f 4575 4570 4567
f 4576 2243 2235
f 4576 2253 2243
f 4577 2271 2253
f 4577 2284 2271
f 4578 2293 2284
f 4579 2295 2298
f 4579 2298 2293
f 4580 2253 4576
f 4580 4577 2253
f 4581 2284 4577
f 4582 4578 2284
f 4579 2293 4578
f 4581 4577 4580
f 4581 4582 2284
f 4583 4578 4582
f 4584 4581 4580
f 4584 4582 4581
f 4584 4583 4582
f 4585 2048 1927
f 4586 2129 2048
f 4587 2149 2129
f 4587 2192 2149
f 4587 2198 2192
f 4588 2235 2198
f 4589 1927 4544
f 4590 4544 4560
f 4590 4560 4557
f 4591 4557 4563
f 4588 4576 2235
f 4592 4580 4576
f 4593 4584 4580
f 4589 4585 1927
f 4594 2048 4585
f 4594 4586 2048
f 4587 2129 4586
f 4588 2198 4587
f 4595 4589 4544
f 4596 4544 4590
f 4591 4590 4557
f 4592 4576 4588
f 4597 4580 4592
f 4597 4593 4580
f 4598 4585 4589
f 4599 4594 4585
f 4600 4586 4594
f 4600 4587 4586
f 4601 4588 4587
f 4596 4595 4544
f 4598 4589 4595
f 4602 4596 4590
f 4603 4592 4588
f 4603 4597 4592
f 4599 4585 4598
f 4604 4594 4599
f 4604 4600 4594
f 4605 4587 4600
f 4605 4601 4587
f 4606 4588 4601
f 4602 4595 4596
f 4607 4598 4595
f 4608 4603 4588
f 4608 4597 4603
f 4609 4599 4598
f 4609 4604 4599
f 4610 4600 4604
f 4610 4605 4600
f 4606 4601 4605
f 4608 4588 4606
f 4607 4595 4602
f 4611 4598 4607
f 4611 4609 4598
f 4612 4604 4609
f 4612 4610 4604
f 4606 4605 4610
f 4613 4612 4609
f 4614 2301 2295
f 4614 2300 2301
f 4615 2323 2300
f 4616 2359 2323
f 4616 2398 2359
f 4617 2295 4579
f 4617 4579 4578
f 4617 4578 4583
f 4617 4614 2295
f 4615 2300 4614
f 4616 2323 4615
f 4618 3205 3207
f 4619 3215 3205
f 4620 3207 3196
f 4621 3031 4086
f 4622 4088 4095
f 4622 4095 4099
f 4625 4086 4100
f 4622 4098 4102
f 4622 4102 4088
f 4626 4104 4107
f 4625 4100 4104
f 4626 4106 4109
f 4622 4109 4098
f 4626 4110 4106
f 4620 4618 3207
f 4627 3205 4618
f 4627 4619 3205
f 4625 4621 4086
f 4622 4099 4623
f 4110 4626 4107
f 4625 4104 4626
f 4630 4626 4109
f 4631 4109 4622
f 4632 4627 4618
f 4633 4619 4627
f 4636 4622 4623
f 4637 4624 4628
f 4637 4629 4624
f 4638 4623 4629
f 4639 4630 4109
f 4639 4626 4630
f 4636 4631 4622
f 4639 4109 4631
f 4640 4627 4632
f 4640 4633 4627
f 4638 4636 4623
f 4646 4637 4628
f 4647 4629 4637
f 4647 4638 4629
f 4648 4631 4636
f 4648 4639 4631
f 4641 4633 4640
f 4649 4634 4641
f 4650 4642 4634
f 4651 4635 4643
f 4652 4644 4635
f 4647 4636 4638
f 4655 4646 4628
f 4647 4637 4646
f 4656 4648 4636
f 4658 4641 4640
f 4658 4649 4641
f 4659 4634 4649
f 4659 4650 4634
f 4659 4642 4650
f 4659 4643 4642
f 4659 4651 4643
f 4660 4635 4651
f 4660 4652 4635
f 4645 4644 4652
f 4652 4653 4645
f 4655 4628 4654
f 4661 4636 4647
f 4654 4646 4655
f 4661 4647 4646
f 4661 4656 4636
f 4662 4640 4657
f 4662 4658 4640
f 4663 4649 4658
f 4664 4659 4649
f 4665 4651 4659
f 4665 4660 4651
f 4666 4652 4660
f 4667 4653 4652
f 4669 4646 4654
f 4670 4661 4646
f 4670 4656 4661
f 4673 4662 4657
f 4673 4658 4662
f 4674 4663 4658
f 4675 4649 4663
f 4675 4664 4649
f 4665 4659 4664
f 4676 4660 4665
f 4676 4666 4660
f 4676 4652 4666
f 4677 4667 4652
f 4678 4646 4669
f 4678 4670 4646
f 4680 4656 4670
f 4673 4657 4672
f 4674 4658 4673
f 4681 4663 4674
f 4681 4675 4663
f 4665 4664 4675
f 4675 4676 4665
f 4677 4652 4676
f 4679 4668 4677
f 4682 4678 4669
f 4683 4670 4678
f 4682 4669 4671
f 4684 4671 4679
f 4685 4680 4670
f 4674 4673 4672
f 4686 4681 4674
f 4687 4675 4681
f 4684 4676 4675
f 4679 4677 4676
f 4683 4678 4682
f 4686 4670 4683
f 4684 4682 4671
f 4676 4684 4679
f 4686 4685 4670
f 4672 4680 4685
f 4686 4674 4672
f 4683 4681 4686
f 4684 4675 4687
f 4687 4683 4682
f 4687 4682 4684
f 4672 4685 4686
f 4687 4681 4683
f 4688 2957 2928
f 4688 2928 2954
f 4689 2984 2956
f 4689 2954 2984
f 4690 2956 3007
f 4691 3007 2955
f 4692 3008 2957
f 4692 3053 3008
f 4693 3068 3053
f 4693 3101 3068
f 4693 3130 3101
f 4694 3148 3130
f 4695 3184 3148
f 4695 3196 3184
f 4691 2955 3031
f 4695 4620 3196
f 4696 3031 4621
f 4695 4618 4620
f 4696 4621 4625
f 4697 4625 4626
f 4695 4632 4618
f 4698 4626 4639
f 4699 4640 4632
f 4698 4639 4648
f 4700 4648 4656
f 4699 4657 4640
f 4701 4656 4680
f 4702 4672 4657
f 4703 4680 4672
f 4692 2957 4688
f 4689 4688 2954
f 4704 4689 2956
f 4691 4690 3007
f 4704 2956 4690
f 4705 3053 4692
f 4706 4693 3053
f 4694 3130 4693
f 4707 3148 4694
f 4707 4695 3148
f 4696 4691 3031
f 4697 4696 4625
f 4708 4697 4626
f 4709 4632 4695
f 4708 4626 4698
f 4709 4699 4632
f 4700 4698 4648
f 4701 4700 4656
f 4702 4657 4699
f 4703 4701 4680
f 4703 4672 4702
f 4710 4692 4688
f 4710 4688 4689
f 4710 4689 4704
f 4704 4690 4691
f 4711 4705 4692
f 4711 3053 4705
f 4711 4706 3053
f 4711 4693 4706
f 4712 4694 4693
f 4712 4707 4694
f 4713 4695 4707
f 4704 4691 4696
f 4714 4696 4697
f 4714 4697 4708
f 4713 4709 4695
f 4715 4708 4698
f 4716 4699 4709
f 4715 4698 4700
f 4715 4700 4701
f 4716 4702 4699
f 4715 4701 4703
f 4717 4703 4702
f 4711 4692 4710
f 4718 4710 4704
f 4719 4693 4711
f 4719 4712 4693
f 4720 4707 4712
f 4720 4713 4707
f 4721 4704 4696
f 4722 4696 4714
f 4723 4714 4708
f 4724 4709 4713
f 4723 4708 4715
f 4724 4716 4709
f 4725 4702 4716
f 4717 4715 4703
f 4725 4717 4702
f 4718 4711 4710
f 4721 4718 4704
f 4718 4719 4711
f 4726 4712 4719
f 4727 4720 4712
f 4727 4713 4720
f 4722 4721 4696
f 4728 4722 4714
f 4728 4714 4723
f 4727 4724 4713
f 4729 4723 4715
f 4730 4716 4724
f 4729 4725 4716
f 4729 4715 4717
f 4729 4717 4725
f 4722 4718 4721
f 4731 4719 4718
f 4731 4726 4719
f 4727 4712 4726
f 4731 4722 4728
f 4732 4728 4723
f 4733 4724 4727
f 4732 4723 4729
f 4729 4716 4730
f 4731 4718 4722
f 4734 4726 4731
f 4734 4727 4726
f 4734 4731 4728
f 4734 4728 4732
f 4729 4733 4727
f 4730 4724 4733
f 4727 4732 4729
f 4733 4729 4730
f 4732 4727 4734
f 4735 3090 3107
f 4736 3091 3123
f 4735 3123 3090
f 4735 3107 3136
f 4737 3136 3152
f 4738 3152 3165
f 4739 3165 3175
f 4741 4165 3091
f 4742 3175 4168
f 4741 4182 4165
f 4744 4187 4171
f 4745 4172 4173
f 4746 4200 4182
f 4747 4185 4187
f 4747 4168 4185
f 4748 4203 4186
f 4744 4171 4204
f 4745 4204 4172
f 4749 4196 4211
f 4746 4217 4200
f 4749 4219 4196
f 4749 4211 4217
f 4749 4422 4219
f 4750 4446 4422
f 4750 4454 4446
f 4748 4186 4475
f 4751 4475 4476
f 4751 4476 4477
f 4750 4488 4454
f 4752 4497 4488
f 4753 4489 4497
f 4751 4477 4504
f 4753 4499 4508
f 4753 4508 4489
f 4751 4504 4512
f 4753 4514 4499
f 4751 4512 4519
f 4754 4519 4523
f 4755 4524 4514
f 4756 4534 4524
f 4754 4523 4532
f 4758 4533 4536
f 4759 4536 4534
f 4758 4538 4533
f 4758 4539 4538
f 4760 4736 3123
f 4761 3091 4736
f 4760 3123 4735
f 4737 4735 3136
f 4738 4737 3152
f 4762 4738 3165
f 4742 4739 3175
f 4762 3165 4739
f 4761 4741 3091
f 4763 4742 4168
f 4764 4173 4743
f 4765 4182 4741
f 4766 4187 4744
f 4767 4745 4173
f 4765 4746 4182
f 4766 4747 4187
f 4766 4168 4747
f 4768 4203 4748
f 4769 4744 4204
f 4749 4217 4746
f 4750 4422 4749
f 4770 4748 4475
f 4770 4475 4751
f 4774 4488 4750
f 4774 4752 4488
f 4753 4497 4752
f 4775 4514 4753
f 4754 4751 4519
f 4775 4755 4514
f 4756 4524 4755
f 4759 4534 4756
f 4776 4532 4757
f 4776 4754 4532
f 4759 4758 4536
f 4778 4736 4760
f 4778 4761 4736
f 4779 4760 4735
f 4779 4735 4737
f 4779 4737 4738
f 4779 4738 4762
f 4762 4739 4742
f 4781 4743 4740
f 4765 4741 4761
f 4782 4763 4168
f 4762 4742 4763
f 4783 4764 4743
f 4767 4173 4764
f 4784 4766 4744
f 4783 4745 4767
f 4786 4746 4765
f 4782 4168 4766
f 4787 4768 4748
f 4745 4769 4204
f 4788 4749 4746
f 4789 4750 4749
f 4787 4748 4770
f 4790 4770 4751
f 4752 4774 4750
f 4791 4753 4752
f 4791 4775 4753
f 4790 4751 4754
f 4791 4755 4775
f 4759 4756 4755
f 4792 4776 4757
f 4790 4754 4776
f 4777 4758 4759
f 4779 4778 4760
f 4793 4761 4778
f 4778 4779 4762
f 4795 4740 4780
f 4795 4781 4740
f 4783 4743 4781
f 4793 4765 4761
f 4796 4763 4782
f 4797 4762 4763
f 4767 4764 4783
f 4769 4784 4744
f 4782 4766 4784
f 4769 4745 4783
f 4793 4786 4765
f 4788 4746 4786
f 4798 4768 4787
f 4789 4749 4788
f 4752 4750 4789
f 4790 4787 4770
f 4799 4772 4773
f 4799 4773 4768
f 4800 4791 4752
f 4801 4755 4791
f 4802 4759 4755
f 4803 4792 4757
f 4790 4776 4792
f 4802 4777 4759
f 4804 4793 4778
f 4797 4778 4762
f 4785 4780 4794
f 4805 4795 4780
f 4806 4781 4795
f 4806 4783 4781
f 4784 4796 4782
f 4807 4763 4796
f 4808 4797 4763
f 4783 4784 4769
f 4809 4786 4793
f 4810 4788 4786
f 4811 4798 4787
f 4799 4768 4798
f 4810 4789 4788
f 4800 4752 4789
f 4812 4772 4799
f 4801 4791 4800
f 4813 4755 4801
f 4814 4802 4755
f 4811 4792 4803
f 4811 4790 4792
f 4815 4777 4802
f 4797 4804 4778
f 4809 4793 4804
f 4817 4780 4785
f 4817 4805 4780
f 4806 4795 4805
f 4818 4783 4806
f 4807 4796 4784
f 4819 4763 4807
f 4819 4808 4763
f 4820 4797 4808
f 4818 4784 4783
f 4810 4786 4809
f 4790 4811 4787
f 4812 4798 4811
f 4812 4799 4798
f 4821 4789 4810
f 4822 4800 4789
f 4823 4772 4812
f 4824 4801 4800
f 4824 4813 4801
f 4814 4755 4813
f 4813 4802 4814
f 4823 4811 4803
f 4826 4815 4802
f 4816 4777 4815
f 4828 4804 4797
f 4829 4809 4804
f 4830 4817 4785
f 4831 4805 4817
f 4831 4806 4805
f 4832 4818 4806
f 4818 4807 4784
f 4808 4819 4807
f 4833 4820 4808
f 4821 4810 4809
f 4823 4812 4811
f 4822 4789 4821
f 4824 4800 4822
f 4834 4772 4823
f 4835 4813 4824
f 4836 4802 4813
f 4823 4803 4825
f 4836 4826 4802
f 4837 4815 4826
f 4820 4828 4797
f 4838 4804 4828
f 4838 4829 4804
f 4839 4809 4829
f 4840 4830 4785
f 4831 4817 4830
f 4807 4806 4831
f 4807 4832 4806
f 4807 4818 4832
f 4831 4808 4807
f 4828 4833 4808
f 4828 4820 4833
f 4839 4821 4809
f 4839 4822 4821
f 4841 4824 4822
f 4825 4834 4823
f 4771 4772 4834
f 4842 4813 4835
f 4842 4836 4813
f 4837 4825 4827
f 4843 4826 4836
f 4825 4837 4826
f 4827 4815 4837
f 4808 4838 4828
f 4842 4829 4838
f 4842 4839 4829
f 4834 4840 4785
f 4844 4830 4840
f 4844 4831 4830
f 4845 4808 4831
f 4841 4822 4839
f 4835 4824 4841
f 4846 4834 4825
f 4785 4771 4834
f 4841 4842 4835
f 4847 4836 4842
f 4847 4843 4836
f 4825 4826 4843
f 4848 4838 4808
f 4844 4842 4838
f 4841 4839 4842
f 4844 4840 4834
f 4845 4831 4844
f 4844 4808 4845
f 4842 4846 4825
f 4844 4834 4846
f 4843 4847 4842
f 4842 4825 4843
f 4844 4848 4808
f 4844 4838 4848
f 4846 4842 4844
f 4849 3 1
f 4849 4 3
f 4850 8 7
f 4851 1543 4
f 4850 7 1543
f 4852 1 3253
f 3261 3259 6
f 4853 3253 3264
f 4853 3264 3280
f 4854 3280 3286
f 4852 4849 1
f 4851 4 4849
f 4850 1543 4851
f 4853 4852 3253
f 4854 4853 3280
f 4855 4851 4849
f 4855 4850 4851
f 4856 4852 4853
f 4859 10 8
f 4860 13 10
f 4860 11 14
f 4860 14 13
f 4861 16 11
f 4861 15 16
f 4862 18 15
f 4862 22 18
f 4863 31 22
f 4864 38 31
f 4864 45 38
f 4865 44 45
f 4866 55 54
f 4867 52 44
f 4866 53 52
f 4866 54 53
f 4866 56 55
f 4868 1556 56
f 4869 1568 1556
f 4870 1559 1569
f 4871 1560 1561
f 4872 1561 1559
f 4869 1569 1568
f 4873 8 4850
f 4875 4849 4852
f 4877 4853 4854
f 4875 4855 4849
f 4875 4850 4855
f 4879 4852 4856
f 4877 4856 4853
f 4883 4857 4858
f 4873 4859 8
f 4860 10 4859
f 4885 11 4860
f 4885 4861 11
f 4885 15 4861
f 4885 4862 15
f 4886 22 4862
f 4887 31 4863
f 4888 4864 31
f 4865 45 4864
f 4889 44 4865
f 4889 4867 44
f 4890 52 4867
f 4890 4866 52
f 4891 56 4866
f 4891 4868 56
f 4869 1556 4868
f 4869 4870 1569
f 4892 1559 4870
f 4872 4871 1561
f 4874 1560 4871
f 4892 4872 1559
f 4893 4873 4850
f 4894 4875 4852
f 4896 4877 4854
f 4897 4854 4878
f 4898 4850 4875
f 4877 4879 4856
f 4899 4852 4879
f 4884 4883 4858
f 4902 4859 4873
f 4903 4860 4859
f 4904 4885 4860
f 4905 4862 4885
f 4906 4886 4862
f 4863 22 4886
f 4886 4887 4863
f 4888 31 4887
f 4907 4864 4888
f 4907 4889 4865
f 4890 4867 4889
f 4908 4866 4890
f 4908 4891 4866
f 4909 4868 4891
f 4910 4869 4868
f 4910 4870 4869
f 4911 4892 4870
f 4892 4871 4872
f 4912 4874 4871
f 4898 4893 4850
f 4913 4873 4893
f 4912 4876 4874
f 4914 4894 4852
f 4914 4875 4894
f 4915 4895 4876
f 4897 4896 4854
f 4916 4877 4896
f 4896 4878 4882
f 4896 4897 4878
f 4917 4898 4875
f 4918 4879 4877
f 4918 4899 4879
f 4914 4852 4899
f 4900 4880 4895
f 4919 4881 4900
f 4920 4882 4901
f 4921 4901 4883
f 4921 4883 4884
f 4922 4884 4881
f 4903 4902 4873
f 4903 4859 4902
f 4923 4860 4903
f 4923 4904 4860
f 4905 4885 4904
f 4924 4862 4905
f 4924 4906 4862
f 4925 4886 4906
f 4925 4887 4886
f 4926 4888 4887
f 4926 4907 4888
f 4865 4864 4907
f 4926 4889 4907
f 4927 4890 4889
f 4927 4908 4890
f 4928 4891 4908
f 4929 4909 4891
f 4911 4868 4909
f 4911 4910 4868
f 4911 4870 4910
f 4930 4892 4911
f 4931 4871 4892
f 4931 4912 4871
f 4913 4893 4898
f 4932 4873 4913
f 4931 4876 4912
f 4917 4875 4914
f 4931 4915 4876
f 4933 4895 4915
f 4934 4916 4896
f 4918 4877 4916
f 4935 4896 4882
f 4913 4898 4917
f 4936 4899 4918
f 4917 4914 4899
f 4937 4900 4895
f 4937 4919 4900
f 4922 4881 4919
f 4921 4920 4901
f 4935 4882 4920
f 4922 4921 4884
f 4938 4903 4873
f 4939 4923 4903
f 4939 4904 4923
f 4940 4905 4904
f 4941 4906 4924
f 4942 4887 4925
f 4942 4926 4887
f 4927 4889 4926
f 4943 4908 4927
f 4944 4928 4908
f 4929 4891 4928
f 4945 4909 4929
f 4945 4911 4909
f 4945 4930 4911
f 4946 4892 4930
f 4946 4931 4892
f 4938 4932 4913
f 4938 4873 4932
f 4947 4915 4931
f 4947 4933 4915
f 4937 4895 4933
f 4948 4934 4896
f 4936 4916 4934
f 4936 4918 4916
f 4949 4896 4935
f 4950 4913 4917
f 4951 4899 4936
f 4951 4917 4899
f 4952 4919 4937
f 4953 4922 4919
f 4954 4920 4921
f 4948 4935 4920
f 4955 4921 4922
f 4956 4903 4938
f 4956 4939 4903
f 4940 4904 4939
f 4924 4905 4940
f 4940 4941 4924
f 4925 4906 4941
f 4957 4942 4925
f 4943 4926 4942
f 4944 4908 4943
f 4929 4928 4944
f 4958 4945 4929
f 4959 4930 4945
f 4960 4946 4930
f 4947 4931 4946
f 4961 4938 4913
f 4960 4933 4947
f 4960 4937 4933
f 4949 4948 4896
f 4936 4934 4948
f 4948 4949 4935
f 4951 4950 4917
f 4962 4913 4950
f 4963 4951 4936
f 4960 4952 4937
f 4964 4919 4952
f 4964 4953 4919
f 4955 4922 4953
f 4955 4954 4921
f 4965 4920 4954
f 4966 4948 4920
f 4939 4956 4938
f 4967 4940 4939
f 4968 4941 4940
f 4969 4925 4941
f 4970 4957 4925
f 4971 4942 4957
f 4944 4943 4942
f 4927 4926 4943
f 4972 4929 4944
f 4973 4958 4929
f 4973 4945 4958
f 4973 4959 4945
f 4960 4930 4959
f 4947 4946 4960
f 4962 4961 4913
f 4974 4938 4961
f 4975 4936 4948
f 4963 4950 4951
f 4976 4962 4950
f 4950 4963 4936
f 4977 4952 4960
f 4977 4964 4952
f 4978 4953 4964
f 4978 4955 4953
f 4978 4954 4955
f 4966 4965 4954
f 4966 4920 4965
f 4979 4948 4966
f 4974 4939 4938
f 4974 4967 4939
f 4968 4940 4967
f 4980 4941 4968
f 4970 4925 4969
f 4981 4957 4970
f 4982 4942 4971
f 4983 4944 4942
f 4983 4972 4944
f 4973 4929 4972
f 4984 4959 4973
f 4984 4960 4959
f 4976 4961 4962
f 4985 4974 4961
f 4979 4975 4948
f 4986 4936 4975
f 4987 4976 4950
f 4987 4950 4936
f 4988 4977 4960
f 4989 4964 4977
f 4990 4978 4964
f 4966 4954 4978
f 4975 4979 4966
f 4985 4967 4974
f 4980 4968 4967
f 4969 4941 4980
f 4991 4970 4969
f 4991 4981 4970
f 4971 4957 4981
f 4992 4982 4971
f 4983 4942 4982
f 4993 4972 4983
f 4993 4973 4972
f 4994 4984 4973
f 4988 4960 4984
f 4995 4961 4976
f 4996 4985 4961
f 4997 4986 4975
f 4997 4936 4986
f 4997 4976 4987
f 4997 4987 4936
f 4989 4977 4988
f 4998 4964 4989
f 4998 4990 4964
f 4999 4978 4990
f 5000 4966 4978
f 5000 4975 4966
f 5001 4967 4985
f 5001 4980 4967
f 4991 4969 4980
f 5002 4981 4991
f 5003 4971 4981
f 4983 4982 4992
f 5004 4993 4983
f 5005 4973 4993
f 5006 4994 4973
f 4988 4984 4994
f 5007 4995 4976
f 4995 4996 4961
f 5001 4985 4996
f 5008 4997 4975
f 5009 4976 4997
f 5010 4989 4988
f 5011 4998 4989
f 4999 4990 4998
f 5000 4978 4999
f 5008 4975 5000
f 4991 4980 5001
f 5001 5002 4991
f 5012 4981 5002
f 5012 5003 4981
f 4992 4971 5003
f 5013 4983 4992
f 5013 5004 4983
f 5005 4993 5004
f 5006 4973 5005
f 5014 4994 5006
f 5010 4988 4994
f 5015 5007 4976
f 4996 4995 5007
f 5016 5001 4996
f 5009 4997 5008
f 5015 4976 5009
f 5017 4989 5010
f 5017 5011 4989
f 5018 4998 5011
f 5018 4999 4998
f 5008 5000 4999
f 5016 5002 5001
f 5019 5012 5002
f 5020 5003 5012
f 5021 4992 5003
f 5021 5004 5013
f 5022 5005 5004
f 5022 5006 5005
f 5023 5014 5006
f 5010 4994 5014
f 5024 5007 5015
f 5024 4996 5007
f 5025 5016 4996
f 5026 5009 5008
f 5027 5015 5009
f 5014 5017 5010
f 5028 5011 5017
f 5029 5018 5011
f 5028 4999 5018
f 5030 5008 4999
f 5019 5002 5016
f 5020 5012 5019
f 5021 5003 5020
f 5013 4992 5021
f 5020 5004 5021
f 5031 5022 5004
f 5023 5006 5022
f 5028 5014 5023
f 5025 5024 5015
f 5025 4996 5024
f 5019 5016 5025
f 5030 5026 5008
f 5027 5009 5026
f 5026 5015 5027
f 5028 5017 5014
f 5029 5011 5028
f 5029 5028 5018
f 5030 4999 5028
f 5025 5020 5019
f 5031 5004 5020
f 5032 5022 5031
f 5032 5023 5022
f 5032 5028 5023
f 5020 5025 5015
f 5028 5026 5030
f 5032 5015 5026
f 5015 5031 5020
f 5015 5032 5031
f 5026 5028 5032
f 5033 770 833
f 5034 832 770
f 5033 833 771
f 5035 1291 1308
f 5035 1308 1111
f 5036 1340 1321
f 5034 1351 832
f 5037 1343 1351
f 5038 1355 1343
f 5039 1369 1355
f 5039 1376 1369
f 5040 1382 1376
f 5041 1393 1394
f 5041 1394 1382
f 5035 1111 3304
f 5044 5034 770
f 5045 1291 5035
f 5037 1351 5034
f 5038 1343 5037
f 5039 1355 5038
f 5046 1376 5039
f 5046 5040 1376
f 5047 1382 5040
f 5047 5041 1382
f 5037 5034 5044
f 5049 5045 5035
f 5050 5038 5037
f 5051 5039 5038
f 5052 5046 5039
f 5041 5040 5046
f 5041 5047 5040
f 5048 5042 5041
f 5053 5043 5048
f 5050 5037 5044
f 5054 5049 5035
f 5051 5038 5050
f 5052 5039 5051
f 5056 5049 5054
f 5057 5054 5055
f 5058 5056 5054
f 5058 5054 5057
f 5062 5060 5059
f 5065 5060 5062
f 5065 5061 5063
f 5065 5064 5060
f 5066 5065 5062
f 5064 5065 5063
f 5067 5061 5065
f 5068 5065 5066
f 5069 5067 5065
f 5069 5065 5068
f 5068 5067 5069
f 5070 5067 5068
f 5071 666 663
f 5071 675 666
f 5071 663 759
f 790 759 727
f 5072 797 675
f 5073 800 797
f 5074 790 849
f 5075 855 800
f 5076 874 822
f 5077 771 889
f 5074 849 874
f 5075 908 855
f 5077 889 914
f 5078 902 987
f 5079 975 908
f 5079 914 975
f 5080 986 950
f 5078 987 986
f 5081 950 1128
f 5082 1126 1163
f 5081 1128 1126
f 5083 1163 1209
f 5084 1209 1228
f 5085 1228 1173
f 5085 1309 1293
f 5085 1293 1320
f 5086 1321 1332
f 5086 1332 1291
f 5085 1320 1341
f 5087 1341 1340
f 5088 770 5033
f 5088 5033 771
f 5087 1340 5036
f 5086 5036 1321
f 5088 5044 770
f 5086 1291 5045
f 5086 5045 5049
f 5089 5046 5052
f 5089 5041 5046
f 5090 5048 5041
f 5090 5053 5048
f 5091 5050 5044
f 5092 5051 5050
f 5093 5052 5051
f 5095 5049 5056
f 5096 5056 5058
f 5101 5061 5067
f 5102 5067 5070
f 5072 675 5071
f 5103 5071 759
f 5103 759 790
f 5073 797 5072
f 5075 800 5073
f 5104 790 5074
f 902 5076 822
f 5105 874 5076
f 5106 771 5077
f 5105 5074 874
f 5107 908 5075
f 5079 5077 914
f 5076 902 5078
f 5108 5079 908
f 5109 5080 950
f 5110 986 5080
f 5110 5078 986
f 5109 950 5081
f 5083 5082 1163
f 5081 1126 5082
f 5084 5083 1209
f 5111 5084 1228
f 1309 5085 1173
f 5111 1228 5085
f 5087 5085 1341
f 5112 5088 771
f 5113 5087 5036
f 5113 5036 5086
f 5091 5044 5088
f 5095 5086 5049
f 5114 5089 5052
f 5090 5041 5089
f 5094 5053 5090
f 5115 5050 5091
f 5115 5092 5050
f 5093 5051 5092
f 5114 5052 5093
f 5116 5095 5056
f 5116 5056 5096
f 5118 5096 5061
f 5119 5101 5067
f 5118 5061 5101
f 5120 5067 5102
f 5073 5072 5071
f 5121 5071 5103
f 5122 5103 790
f 5107 5075 5073
f 5122 5104 5074
f 5122 790 5104
f 5078 5105 5076
f 5123 5106 5077
f 5123 771 5106
f 5124 5074 5105
f 5108 908 5107
f 5107 5077 5079
f 5107 5079 5108
f 5125 5080 5109
f 5126 5110 5080
f 5126 5078 5110
f 5125 5109 5081
f 5127 5082 5083
f 5127 5081 5082
f 5128 5083 5084
f 5129 5084 5111
f 5130 5111 5085
f 5130 5085 5087
f 5123 5112 771
f 5131 5088 5112
f 5086 5087 5113
f 5131 5091 5088
f 5116 5086 5095
f 5132 5089 5114
f 5133 5090 5089
f 5134 5094 5090
f 5135 5115 5091
f 5136 5092 5115
f 5137 5093 5092
f 5138 5114 5093
f 5139 5116 5096
f 5140 5097 5099
f 5141 5117 5097
f 5100 5098 5117
f 5142 5096 5118
f 5120 5119 5067
f 5142 5101 5119
f 5142 5118 5101
f 5144 5120 5102
f 5145 5073 5071
f 5122 5121 5103
f 5145 5071 5121
f 5146 5107 5073
f 5147 5122 5074
f 5124 5105 5078
f 5148 5123 5077
f 5147 5074 5124
f 5149 5077 5107
f 5126 5080 5125
f 5124 5078 5126
f 5150 5125 5081
f 5128 5127 5083
f 5150 5081 5127
f 5129 5128 5084
f 5151 5129 5111
f 5151 5111 5130
f 5152 5130 5087
f 5131 5112 5123
f 5116 5087 5086
f 5135 5091 5131
f 5138 5132 5114
f 5153 5089 5132
f 5153 5133 5089
f 5134 5090 5133
f 5133 5094 5134
f 5136 5115 5135
f 5137 5092 5136
f 5138 5093 5137
f 5133 5099 5094
f 5154 5139 5096
f 5155 5116 5139
f 5156 5140 5099
f 5157 5097 5140
f 5157 5141 5097
f 5158 5117 5141
f 5159 5100 5117
f 5154 5096 5142
f 5159 5143 5100
f 5160 5119 5120
f 5144 5142 5119
f 5161 5102 5143
f 5161 5144 5102
f 5160 5120 5144
f 5162 5073 5145
f 5163 5121 5122
f 5164 5145 5121
f 5162 5146 5073
f 5165 5107 5146
f 5166 5122 5147
f 5149 5148 5077
f 5167 5123 5148
f 5168 5147 5124
f 5169 5149 5107
f 5170 5126 5125
f 5170 5124 5126
f 5127 5125 5150
f 5171 5127 5128
f 5172 5128 5129
f 5172 5129 5151
f 5152 5151 5130
f 5173 5152 5087
f 5174 5131 5123
f 5173 5087 5116
f 5174 5135 5131
f 5133 5132 5138
f 5133 5153 5132
f 5175 5136 5135
f 5176 5137 5136
f 5177 5138 5137
f 5178 5099 5133
f 5155 5139 5154
f 5152 5116 5155
f 5178 5156 5099
f 5157 5140 5156
f 5179 5141 5157
f 5180 5158 5141
f 5159 5117 5158
f 5181 5154 5142
f 5161 5143 5159
f 5144 5119 5160
f 5181 5142 5144
f 5159 5144 5161
f 5164 5162 5145
f 5166 5163 5122
f 5164 5121 5163
f 5182 5146 5162
f 5182 5165 5146
f 5169 5107 5165
f 5168 5166 5147
f 5167 5148 5149
f 5174 5123 5167
f 5183 5168 5124
f 5165 5149 5169
f 5184 5170 5125
f 5184 5124 5170
f 5185 5125 5127
f 5172 5171 5128
f 5185 5127 5171
f 5186 5172 5151
f 5187 5151 5152
f 5116 5152 5173
f 5188 5135 5174
f 5178 5133 5138
f 5188 5175 5135
f 5189 5136 5175
f 5190 5176 5136
f 5177 5137 5176
f 5178 5138 5177
f 5181 5155 5154
f 5191 5152 5155
f 5157 5156 5178
f 5192 5179 5157
f 5180 5141 5179
f 5159 5158 5180
f 5193 5181 5144
f 5194 5144 5159
f 5182 5162 5164
f 5195 5163 5166
f 5182 5164 5163
f 5196 5165 5182
f 5197 5166 5168
f 5198 5167 5149
f 5188 5174 5167
f 5184 5183 5124
f 5197 5168 5183
f 5198 5149 5165
f 5185 5184 5125
f 5199 5171 5172
f 5184 5185 5171
f 5200 5186 5151
f 5191 5187 5152
f 5200 5151 5187
f 5201 5175 5188
f 5202 5189 5175
f 5190 5136 5189
f 5203 5176 5190
f 5204 5177 5176
f 5157 5178 5177
f 5205 5155 5181
f 5205 5191 5155
f 5206 5192 5157
f 5180 5179 5192
f 5194 5159 5180
f 5207 5193 5144
f 5208 5181 5193
f 5209 5144 5194
f 5197 5195 5166
f 5210 5163 5195
f 5211 5182 5163
f 5211 5196 5182
f 5212 5165 5196
f 5213 5167 5198
f 5213 5188 5167
f 5214 5183 5184
f 5215 5197 5183
f 5216 5198 5165
f 5217 5199 5172
f 5184 5171 5199
f 5218 5186 5200
f 5200 5187 5191
f 5213 5201 5188
f 5219 5175 5201
f 5219 5202 5175
f 5203 5189 5202
f 5203 5190 5189
f 5204 5176 5203
f 5157 5177 5204
f 5208 5205 5181
f 5208 5191 5205
f 5220 5206 5157
f 5221 5192 5206
f 5221 5180 5192
f 5209 5194 5180
f 5209 5207 5144
f 5222 5193 5207
f 5222 5208 5193
f 5210 5195 5197
f 5223 5163 5210
f 5223 5211 5163
f 5223 5196 5211
f 5224 5212 5196
f 5225 5165 5212
f 5216 5213 5198
f 5199 5214 5184
f 5215 5183 5214
f 5223 5197 5215
f 5226 5217 5172
f 5227 5199 5217
f 5191 5218 5200
f 5228 5186 5218
f 5229 5201 5213
f 5229 5219 5201
f 5230 5202 5219
f 5231 5203 5202
f 5157 5204 5203
f 5232 5191 5208
f 5203 5220 5157
f 5233 5206 5220
f 5234 5221 5206
f 5209 5180 5221
f 5235 5207 5209
f 5236 5222 5207
f 5236 5208 5222
f 5223 5210 5197
f 5224 5196 5223
f 5225 5212 5224
f 5237 5165 5225
f 5229 5213 5216
f 5238 5214 5199
f 5238 5215 5214
f 5239 5223 5215
f 5240 5217 5226
f 5241 5227 5217
f 5238 5199 5227
f 5232 5218 5191
f 5242 5228 5218
f 5243 5186 5228
f 5244 5219 5229
f 5244 5230 5219
f 5233 5202 5230
f 5233 5231 5202
f 5220 5203 5231
f 5245 5232 5208
f 5231 5233 5220
f 5246 5206 5233
f 5246 5234 5206
f 5209 5221 5234
f 5234 5235 5209
f 5236 5207 5235
f 5245 5208 5236
f 5239 5224 5223
f 5247 5225 5224
f 5248 5237 5225
f 5216 5165 5237
f 5244 5229 5216
f 5239 5215 5238
f 5186 5240 5226
f 5249 5227 5241
f 5250 5238 5227
f 5245 5218 5232
f 5245 5242 5218
f 5251 5228 5242
f 5251 5243 5228
f 5240 5186 5243
f 5252 5230 5244
f 5253 5233 5230
f 5254 5246 5233
f 5235 5234 5246
f 5246 5236 5235
f 5254 5245 5236
f 5255 5224 5239
f 5256 5247 5224
f 5257 5225 5247
f 5258 5248 5225
f 5216 5237 5248
f 5252 5244 5216
f 5250 5239 5238
f 5259 5249 5241
f 5250 5227 5249
f 5260 5242 5245
f 5260 5251 5242
f 5261 5243 5251
f 5261 5240 5243
f 5253 5230 5252
f 5262 5233 5253
f 5262 5254 5233
f 5236 5246 5254
f 5262 5245 5254
f 5250 5255 5239
f 5263 5224 5255
f 5264 5256 5224
f 5263 5247 5256
f 5265 5257 5247
f 5258 5225 5257
f 5251 5248 5258
f 5252 5216 5248
f 5266 5259 5241
f 5250 5249 5259
f 5262 5260 5245
f 5253 5251 5260
f 5257 5261 5251
f 5248 5253 5252
f 5260 5262 5253
f 5263 5255 5250
f 5264 5224 5263
f 5264 5263 5256
f 5263 5265 5247
f 5267 5257 5265
f 5251 5258 5257
f 5253 5248 5251
f 5261 5266 5241
f 5268 5259 5266
f 5269 5250 5259
f 5270 5261 5257
f 5265 5263 5250
f 5261 5267 5265
f 5270 5257 5267
f 5268 5266 5261
f 5271 5259 5268
f 5271 5269 5259
f 5265 5250 5269
f 5267 5261 5270
f 5271 5261 5265
f 5271 5268 5261
f 5265 5269 5271
f 5186 5226 5172
f 5240 5261 5217
f 5217 5261 5241
f 5272 504 505
f 5272 505 533
f 5273 533 534
f 5274 534 539
f 5275 555 510
f 5274 539 558
f 5275 560 513
f 5276 559 574
f 567 574 580
f 5277 4568 4569
f 5273 5272 533
f 5274 5273 534
f 560 5275 510
f 567 5276 574
f 5278 532 504
f 5279 513 532
f 5280 558 559
f 5281 567 1106
f 5282 4569 555
f 5278 504 5272
f 5280 5274 558
f 5283 5275 513
f 5280 559 5276
f 5282 5277 4569
f 5284 5272 5273
f 5281 5276 567
f 5279 532 5278
f 5283 513 5279
f 5275 5282 555
f 5284 5278 5272
f 5282 5275 5283
f 5285 5280 5276
f 5286 5277 5282
f 5285 5276 5281
f 5287 5279 5278
f 5288 5283 5279
f 5287 5278 5284
f 5289 5282 5283
f 5289 5286 5282
f 5288 5279 5287
f 5289 5283 5288
f 5290 3217 3223
f 5291 3223 3196
f 5292 3227 3217
f 5292 3233 3227
f 5293 3234 3233
f 5294 3341 3238
f 5295 3349 3341
f 5291 3207 3205
f 5296 3215 4619
f 5291 3205 3215
f 5291 3196 3207
f 5297 4619 4633
f 5297 4633 4641
f 5297 4641 4634
f 5298 4634 4642
f 5298 4643 4635
f 5298 4642 4643
f 5291 5290 3223
f 5292 3217 5290
f 5293 3233 5292
f 3238 3234 5293
f 5299 5294 3238
f 5295 3341 5294
f 5302 5296 4619
f 5291 3215 5296
f 5303 4619 5297
f 5304 5297 4634
f 5305 4634 5298
f 5306 5290 5291
f 5307 5292 5290
f 5308 5293 5292
f 5308 3238 5293
f 5308 5299 3238
f 5309 5294 5299
f 5300 5295 5294
f 5303 5302 4619
f 5306 5296 5302
f 5306 5291 5296
f 5310 5303 5297
f 5305 5304 4634
f 5311 5297 5304
f 5312 5305 5298
f 5307 5290 5306
f 5308 5292 5307
f 5314 5299 5308
f 5315 5309 5299
f 5300 5294 5309
f 5309 5301 5300
f 5316 5302 5303
f 5317 5306 5302
f 5311 5310 5297
f 5316 5303 5310
f 5318 5304 5305
f 5318 5311 5304
f 5318 5305 5312
f 5317 5307 5306
f 5314 5308 5307
f 5315 5299 5314
f 5301 5309 5315
f 5317 5302 5316
f 5312 5310 5311
f 5320 5316 5310
f 5312 5311 5318
f 5321 5312 5313
f 5322 5307 5317
f 5322 5314 5307
f 5323 5315 5314
f 5324 5319 5315
f 5322 5317 5316
f 5320 5310 5312
f 5325 5316 5320
f 5327 5321 5313
f 5320 5312 5321
f 5328 5314 5322
f 5328 5323 5314
f 5324 5315 5323
f 5331 5322 5316
f 5327 5325 5320
f 5331 5316 5325
f 5327 5313 5326
f 5332 5328 5322
f 5324 5323 5328
f 5330 5329 5324
f 5332 5322 5331
f 5321 5327 5320
f 5331 5325 5327
f 5331 5327 5326
f 5333 5328 5332
f 5333 5324 5328
f 5332 5330 5324
f 5331 5326 5330
f 5334 5332 5331
f 5324 5333 5332
f 5334 5330 5332
f 5334 5331 5330
f 4623 4099 4089
f 5335 4628 4624
f 5336 4624 4629
f 5337 4629 4623
f 5338 4654 4628
f 4671 4669 4654
f 5339 4668 4679
f 5340 4679 4671
f 5337 4623 4089
f 5341 5335 4624
f 5338 4628 5335
f 5337 5336 4629
f 5341 4624 5336
f 5342 4654 5338
f 5340 4671 4654
f 5340 5339 4679
f 5343 4668 5339
f 5338 5335 5341
f 5344 5336 5337
f 5345 5341 5336
f 5346 5342 5338
f 5340 4654 5342
f 5347 5339 5340
f 5348 5338 5341
f 5345 5336 5344
f 5349 5346 5338
f 5347 5342 5346
f 5347 5340 5342
f 5351 5348 5341
f 5352 5338 5348
f 5350 5345 5344
f 5352 5349 5338
f 5347 5346 5349
f 5353 5347 5349
f 5354 2758 3399
f 5355 3398 3397
f 5355 3399 3398
f 5355 3397 3501
f 5356 4083 2758
f 5357 3083 4088
f 5358 4089 3083
f 5356 4085 4083
f 5359 4092 4085
f 5359 4087 4092
f 5360 4093 4087
f 5360 4088 4094
f 5360 4094 4093
f 5358 5337 4089
f 5358 5344 5337
f 5355 5354 3399
f 5356 2758 5354
f 5361 5357 4088
f 5358 3083 5357
f 5362 4085 5356
f 5362 5359 4085
f 5363 4087 5359
f 5363 5360 4087
f 5361 4088 5360
f 5364 5354 5355
f 5364 5356 5354
f 5366 5357 5361
f 5366 5358 5357
f 5359 5362 5356
f 5367 5363 5359
f 5367 5360 5363
f 5366 5361 5360
f 5365 5364 5355
f 5365 5356 5364
f 5368 5360 5367
f 5368 5366 5360
f 5369 3537 3500
f 5370 3501 3572
f 5369 3572 3537
f 5371 3605 3498
f 5369 3500 3605
f 5371 3498 3619
f 5371 3619 3648
f 5372 5345 5350
f 5372 5350 5344
f 5373 5355 3501
f 5372 5344 5358
f 5374 5358 5366
f 5375 5359 5356
f 5375 5367 5359
f 5373 5365 5355
f 5376 5356 5365
f 5377 5368 5367
f 5374 5366 5368
f 5378 5370 3572
f 5378 3501 5370
f 5379 3572 5369
f 5369 3605 5371
f 5378 5373 3501
f 5380 5372 5358
f 5381 5358 5374
f 5382 5375 5356
f 5382 5367 5375
f 5376 5365 5373
f 5383 5356 5376
f 5382 5377 5367
f 5384 5368 5377
f 5385 5374 5368
f 5379 5378 3572
f 5386 5373 5378
f 5381 5380 5358
f 5381 5372 5380
f 5387 5381 5374
f 5383 5382 5356
f 5386 5376 5373
f 5386 5383 5376
f 5388 5377 5382
f 5388 5384 5377
f 5385 5368 5384
f 5387 5374 5385
f 5389 5386 5378
f 5387 5372 5381
f 5390 5383 5386
f 5385 5384 5388
f 5391 5387 5385
f 5391 5385 5388
f 5392 5387 5391
f 5393 3618 3647
f 5394 3648 3618
f 5395 3670 3666
f 5393 3647 3702
f 5393 3702 3676
f 5396 3717 3670
f 5396 3735 3717
f 5393 3676 3740
f 5397 3740 3735
f 5394 5371 3648
f 5398 5379 5369
f 5398 5369 5371
f 5399 5378 5379
f 5400 5382 5383
f 5400 5388 5382
f 5401 5386 5389
f 5402 5389 5378
f 5400 5383 5390
f 5401 5390 5386
f 5403 5391 5388
f 5404 5392 5391
f 5405 3618 5393
f 5406 5394 3618
f 5396 3670 5395
f 5407 3735 5396
f 5397 5393 3740
f 5408 5397 3735
f 5398 5371 5394
f 5409 5379 5398
f 5409 5399 5379
f 5410 5378 5399
f 5403 5388 5400
f 5411 5401 5389
f 5412 5402 5378
f 5411 5389 5402
f 5401 5400 5390
f 5404 5391 5403
f 5413 5405 5393
f 5406 3618 5405
f 5414 5394 5406
f 5408 5407 5396
f 5408 5393 5397
f 5407 5408 3735
f 5414 5398 5394
f 5414 5409 5398
f 5415 5399 5409
f 5415 5410 5399
f 5412 5378 5410
f 5416 5403 5400
f 5417 5401 5411
f 5418 5402 5412
f 5417 5411 5402
f 5416 5400 5401
f 5408 5413 5393
f 5419 5405 5413
f 5420 5406 5405
f 5420 5414 5406
f 5421 5409 5414
f 5422 5415 5409
f 5423 5410 5415
f 5423 5412 5410
f 5416 5401 5417
f 5423 5418 5412
f 5424 5402 5418
f 5425 5417 5402
f 5426 5419 5413
f 5422 5405 5419
f 5422 5420 5405
f 5422 5414 5420
f 5422 5421 5414
f 5422 5409 5421
f 5427 5416 5417
f 5428 5418 5423
f 5428 5424 5418
f 5429 5402 5424
f 5429 5425 5402
f 5429 5424 5428
f 5427 5417 5429
f 5430 583 573
f 5431 590 589
f 5432 624 638
f 5433 638 647
f 5434 1104 487
f 5432 1114 624
f 5435 1118 714
f 5436 718 1122
f 5437 1105 1118
f 5438 1112 1114
f 5431 1121 1154
f 5431 1154 590
f 5438 573 1112
f 5439 1303 1336
f 5439 1328 1337
f 5439 1337 1303
f 5440 1336 1325
f 5440 1325 1354
f 5441 1354 1367
f 5441 1367 1375
f 5442 1368 1381
f 5441 1375 1368
f 5443 1381 1392
f 5444 1387 1393
f 5443 1391 1387
f 5443 1392 1391
f 3246 2122 2367
f 5445 2367 2382
f 5446 2511 2533
f 5447 2550 2549
f 5446 2533 2561
f 5447 2563 2550
f 5448 2399 3181
f 5449 3181 2360
f 5448 3182 2399
f 5448 2438 3182
f 5450 3245 3244
f 5449 2360 3248
f 5451 3250 3214
f 5452 3248 3249
f 5453 3251 3250
f 5454 3249 3251
f 5437 3254 1105
f 5455 3257 3263
f 5456 3262 3268
f 5456 3267 3262
f 5457 3269 3257
f 5458 3271 3269
f 5459 3263 3270
f 5459 3270 3258
f 5460 3258 3276
f 5456 3277 3267
f 5456 3276 3277
f 5461 3284 3289
f 5461 3285 3284
f 5461 3290 3285
f 5462 3295 3290
f 5463 3299 3295
f 5464 3286 3298
f 5465 3302 3299
f 5466 3304 583
f 5434 487 3307
f 5467 3307 3306
f 5468 3316 3312
f 5468 3313 3316
f 5467 3306 3313
f 5469 3321 3327
f 5470 3332 3335
f 5471 3334 3337
f 5471 3335 3334
f 5471 3337 3336
f 5450 3344 3245
f 5450 3244 3346
f 5472 3348 3344
f 5473 3346 3347
f 5474 3347 3350
f 5475 3350 3349
f 5476 2539 3351
f 5477 3351 2511
f 5478 2549 3352
f 5479 3698 3638
f 5480 3638 3731
f 5480 3731 3713
f 5481 3737 3720
f 5482 3720 3721
f 5483 3761 3737
f 5484 3771 3761
f 5484 3766 3771
f 5485 3776 3766
f 5486 3781 3776
f 5468 3312 3321
f 5480 3713 4119
f 5487 4120 4124
f 5487 4121 4120
f 5488 4119 4121
f 5487 4124 4136
f 5489 4140 4139
f 5490 4142 4140
f 5491 4136 4144
f 5492 4141 4142
f 5493 4144 4141
f 5489 4139 4145
f 5494 4150 2539
f 5495 3214 4170
f 5496 4173 3348
f 5497 4188 4203
f 5495 4170 4188
f 5489 4145 4146
f 5498 4146 4265
f 5499 4302 4326
f 5500 4326 4342
f 5501 4342 4359
f 5501 4359 4371
f 5502 4371 4377
f 5502 4377 4380
f 5503 4383 4416
f 5504 4419 4150
f 5503 4416 4435
f 5505 4435 4434
f 5506 4434 4464
f 5507 4420 4484
f 5507 4478 4420
f 5506 4472 4473
f 5508 4484 4486
f 5509 4486 4419
f 5506 4464 4472
f 5510 4506 4478
f 5511 4503 4518
f 5512 4513 4506
f 5512 4523 4513
f 5513 4518 4530
f 5514 4530 4529
f 5514 4529 4535
f 5515 4535 4537
f 5435 714 4572
f 5516 4574 4568
f 5517 4571 4570
f 5518 4572 4571
f 5517 4570 4575
f 5519 4635 4644
f 5519 4644 4645
f 5520 4645 4653
f 5521 4653 4667
f 5522 4667 4677
f 5522 4677 4668
f 5523 4532 4523
f 5496 4743 4173
f 5524 4203 4768
f 5523 4757 4532
f 5496 4740 4743
f 4794 4780 4740
f 5525 4773 4772
f 5524 4768 4773
f 5526 4803 4757
f 5527 4785 4794
f 5528 4777 4816
f 5528 4816 4815
f 5529 4825 4803
f 5529 4827 4825
f 5529 4815 4827
f 5464 4854 3286
f 5464 4878 4854
f 4880 4876 4895
f 5464 4882 4878
f 5530 1393 5041
f 5531 5035 3304
f 5530 5041 5042
f 5532 5043 5053
f 5533 5054 5035
f 5533 5055 5054
f 5534 5057 5055
f 5535 5058 5057
f 5536 5059 5060
f 5537 5062 5059
f 5535 5063 5061
f 5063 5060 5064
f 5538 5066 5062
f 5538 5068 5066
f 5539 5070 5068
f 5535 5096 5058
f 5539 5102 5070
f 5540 5053 5094
f 5535 5061 5096
f 5541 5099 5097
f 5542 5097 5117
f 5543 5098 5100
f 5542 5117 5098
f 5544 5094 5099
f 5545 5100 5143
f 5545 5143 5102
f 5516 4568 5277
f 5546 3349 5295
f 5519 5298 4635
f 5546 5295 5300
f 5519 5312 5298
f 5546 5300 5301
f 5547 5301 5315
f 5519 5313 5312
f 5547 5319 5324
f 5547 5315 5319
f 5548 5326 5313
f 5549 5329 5330
f 5549 5324 5329
f 5550 5330 5326
f 5551 4668 5343
f 5551 5343 5339
f 5552 5341 5345
f 5551 5339 5347
f 5553 5348 5351
f 5552 5351 5341
f 5554 5352 5348
f 5554 5349 5352
f 5555 5347 5353
f 5556 5353 5349
f 5557 5345 5372
f 5558 5430 573
f 5559 583 5430
f 5433 5432 638
f 5438 1114 5432
f 5440 5439 1336
f 5441 5440 1354
f 5560 5442 1381
f 5560 1381 5443
f 5530 5444 1393
f 5561 1387 5444
f 5561 5443 1387
f 3247 3246 2367
f 5562 5445 2382
f 5562 2367 5445
f 5477 2511 5446
f 5478 5447 2549
f 3257 5449 3248
f 5564 5451 3214
f 5453 3250 5451
f 5565 5452 3249
f 3257 3248 5452
f 5454 3251 5453
f 5566 3249 5454
f 5459 5455 3263
f 5449 3257 5455
f 5567 5456 3268
f 5452 5457 3257
f 5568 3269 5457
f 3289 3271 5458
f 5456 5460 3276
f 5456 3258 5460
f 5569 5461 3289
f 5462 3290 5461
f 5463 3295 5462
f 5465 3299 5463
f 5570 3302 5465
f 5571 3304 5466
f 5467 5434 3307
f 5572 5470 3335
f 5572 3335 5471
f 5573 3344 5450
f 5574 5450 3346
f 5575 5472 3344
f 5496 3348 5472
f 5576 5473 3347
f 5574 3346 5473
f 5475 5474 3350
f 5576 3347 5474
f 5546 5475 3349
f 5494 2539 5476
f 5577 3638 5480
f 5482 5481 3720
f 5578 3737 5481
f 5578 5483 3737
f 5484 3761 5483
f 5485 3766 5484
f 5486 3776 5485
f 5488 5480 4119
f 5579 4121 5487
f 5490 4140 5489
f 5580 4142 5490
f 5580 5492 4142
f 5581 4141 5492
f 5581 5493 4141
f 5491 4144 5493
f 5504 4150 5494
f 5564 3214 5495
f 5524 5497 4203
f 5582 4188 5497
f 5583 5495 4188
f 5585 4302 5499
f 5501 5500 4342
f 5499 4326 5500
f 5586 5501 4371
f 5586 4371 5502
f 5588 4383 5503
f 5509 4419 5504
f 5505 5503 4435
f 5506 5505 4434
f 5589 5507 4484
f 5590 5508 4486
f 5590 4484 5508
f 5591 4486 5509
f 5507 5510 4478
f 5592 4506 5510
f 5592 5512 4506
f 5593 4523 5512
f 5594 5513 4530
f 5594 4530 5514
f 5515 5514 4535
f 5518 4571 5517
f 5520 5519 4645
f 5595 5520 4653
f 5522 5521 4667
f 5595 4653 5521
f 5596 5522 4668
f 5593 5523 4523
f 5597 4757 5523
f 5598 4740 5496
f 5527 4794 4740
f 5524 4773 5525
f 5597 5526 4757
f 5529 4803 5526
f 5600 4785 5527
f 5599 4777 5528
f 5529 5528 4815
f 5571 5531 3304
f 5533 5035 5531
f 5540 5532 5053
f 5534 5055 5533
f 5535 5536 5060
f 5601 5537 5059
f 5538 5062 5537
f 5060 5063 5535
f 5539 5068 5538
f 5602 5102 5539
f 5544 5540 5094
f 5542 5541 5097
f 5603 5099 5541
f 5604 5543 5100
f 5605 5098 5543
f 5605 5542 5098
f 5606 5544 5099
f 5607 5100 5545
f 5607 5545 5102
f 5608 5546 5301
f 5608 5301 5547
f 5609 5313 5519
f 5549 5547 5324
f 5610 5548 5313
f 5550 5326 5548
f 5550 5549 5330
f 5596 4668 5551
f 5557 5552 5345
f 5555 5551 5347
f 5554 5348 5553
f 5556 5349 5554
f 5611 5555 5353
f 5611 5353 5556
f 5438 5558 573
f 5558 5438 5432
f 5612 5443 5561
f 5562 3247 2367
f 5456 3246 3247
f 5563 5562 2382
f 5613 5451 5564
f 5614 5565 3249
f 5457 5452 5565
f 5566 5454 5453
f 5614 3249 5566
f 3246 5567 3268
f 3246 5456 5567
f 5615 5568 5457
f 5458 3269 5568
f 5616 3289 5458
f 5462 5461 5569
f 5617 3302 5570
f 5531 5571 5466
f 5574 5573 5450
f 5575 3344 5573
f 5618 5472 5575
f 5618 5496 5472
f 5619 5473 5576
f 5619 5574 5473
f 5576 5474 5475
f 5620 5475 5546
f 5621 5484 5483
f 5621 5485 5484
f 5622 4121 5579
f 5613 5564 5495
f 5525 5497 5524
f 5525 5582 5497
f 5613 5495 5583
f 5585 5584 4302
f 5623 5500 5501
f 5624 5499 5500
f 5623 5501 5586
f 5587 4383 5588
f 5590 5589 4484
f 5510 5507 5589
f 5591 5590 4486
f 5589 5592 5510
f 5625 5512 5592
f 5625 5593 5512
f 5626 5513 5594
f 5609 5519 5520
f 5609 5520 5595
f 5627 5521 5522
f 5628 5595 5521
f 5629 5522 5596
f 5625 5523 5593
f 5630 5597 5523
f 5631 5598 5496
f 5527 4740 5598
f 5529 5526 5597
f 5633 5600 5527
f 4771 4785 5600
f 5632 5599 5528
f 5632 5528 5529
f 5634 5601 5059
f 5635 5602 5539
f 5607 5102 5602
f 5606 5099 5603
f 5607 5604 5100
f 5636 5546 5608
f 5637 5608 5547
f 5638 5313 5609
f 5639 5547 5549
f 5638 5610 5313
f 5640 5548 5610
f 5640 5550 5548
f 5641 5549 5550
f 5642 5596 5551
f 5643 5551 5555
f 5644 5554 5553
f 5644 5556 5554
f 5643 5555 5611
f 5644 5611 5556
f 5456 3247 5562
f 5566 5565 5614
f 5615 5457 5565
f 5616 5458 5568
f 5569 3289 5616
f 5619 5573 5574
f 5645 5575 5573
f 5646 5618 5575
f 5631 5496 5618
f 5573 5619 5576
f 5647 5576 5475
f 5636 5620 5546
f 5647 5475 5620
f 5624 5500 5623
f 5649 5499 5624
f 5650 5587 5588
f 5651 5589 5590
f 5652 5590 5591
f 5651 5592 5589
f 5653 5625 5592
f 5638 5609 5595
f 5629 5627 5522
f 5654 5521 5627
f 5638 5628 5521
f 5638 5595 5628
f 5655 5629 5596
f 5653 5523 5625
f 5656 5630 5523
f 5657 5597 5630
f 5658 5598 5631
f 5633 5527 5598
f 5632 5529 5597
f 5661 5600 5633
f 5659 4771 5600
f 5637 5636 5608
f 5662 5610 5638
f 5641 5550 5640
f 5663 5549 5641
f 5643 5642 5551
f 5655 5596 5642
f 5664 5643 5611
f 5664 5611 5644
f 5665 5645 5573
f 5646 5575 5645
f 5658 5618 5646
f 5658 5631 5618
f 5666 5573 5576
f 5666 5576 5647
f 5667 5620 5636
f 5668 5647 5620
f 5652 5651 5590
f 5653 5592 5651
f 5629 5654 5627
f 5669 5521 5654
f 5669 5638 5521
f 5670 5629 5655
f 5656 5523 5653
f 5671 5630 5656
f 5672 5657 5630
f 5632 5597 5657
f 5673 5598 5658
f 5661 5633 5598
f 5660 5600 5661
f 5669 5662 5638
f 5675 5641 5640
f 5676 5642 5643
f 5676 5643 5664
f 5666 5665 5573
f 5677 5645 5665
f 5678 5646 5645
f 5679 5658 5646
f 5680 5666 5647
f 5668 5620 5667
f 5680 5647 5668
f 5656 5651 5652
f 5656 5653 5651
f 5681 5654 5629
f 5681 5669 5654
f 5682 5670 5655
f 5683 5629 5670
f 5652 5671 5656
f 5684 5630 5671
f 5674 5657 5672
f 5674 5632 5657
f 5685 5673 5658
f 5686 5598 5673
f 5686 5661 5598
f 5659 5600 5660
f 5655 5642 5676
f 5687 5665 5666
f 5687 5677 5665
f 5688 5645 5677
f 5688 5678 5645
f 5689 5646 5678
f 5689 5679 5646
f 5685 5658 5679
f 5687 5666 5680
f 5690 5668 5667
f 5691 5680 5668
f 5683 5670 5682
f 5692 5671 5652
f 5686 5673 5685
f 5693 5661 5686
f 5694 5677 5687
f 5694 5688 5677
f 5689 5678 5688
f 5685 5679 5689
f 5695 5687 5680
f 5691 5668 5690
f 5695 5680 5691
f 5696 5686 5685
f 5696 5693 5686
f 5695 5694 5687
f 5697 5688 5694
f 5698 5691 5690
f 5697 5695 5691
f 5697 5694 5695
f 3246 3268 2034
f 5699 3692 3716
f 5699 3693 3692
f 5699 3694 3693
f 5699 3716 3747
f 5700 3666 3694
f 5392 5372 5387
f 5700 5395 3666
f 5701 5392 5404
f 5702 5396 5395
f 5701 5404 5403
f 5703 5408 5396
f 5701 5403 5416
f 5703 5413 5408
f 5704 5415 5422
f 5705 5423 5415
f 5429 5417 5425
f 5706 5419 5426
f 5703 5426 5413
f 5706 5422 5419
f 5707 5416 5427
f 5705 5428 5423
f 5708 5429 5428
f 5709 3694 5699
f 5710 5700 3694
f 5711 5372 5392
f 5712 5395 5700
f 5711 5392 5701
f 5712 5702 5395
f 5703 5396 5702
f 5707 5701 5416
f 5713 5704 5422
f 5705 5415 5704
f 5714 5706 5426
f 5714 5426 5703
f 5704 5428 5705
f 5715 5708 5428
f 5716 5429 5708
f 5709 5710 3694
f 5717 5700 5710
f 5718 5372 5711
f 5719 5712 5700
f 5718 5711 5701
f 5720 5702 5712
f 5721 5703 5702
f 5718 5701 5707
f 5706 5713 5422
f 5715 5704 5713
f 5713 5706 5714
f 5721 5714 5703
f 5715 5428 5704
f 5722 5708 5715
f 5723 5716 5708
f 5724 5429 5716
f 5725 5717 5710
f 5719 5700 5717
f 5719 5720 5712
f 5721 5702 5720
f 5726 5718 5707
f 5727 5715 5713
f 5728 5713 5714
f 5728 5714 5721
f 5727 5722 5715
f 5723 5708 5722
f 5729 5716 5723
f 5730 5724 5716
f 5720 5719 5717
f 5717 5721 5720
f 5731 5727 5713
f 5731 5713 5728
f 5732 5728 5721
f 5733 5722 5727
f 5729 5730 5716
f 5732 5721 5717
f 5736 5727 5731
f 5732 5731 5728
f 5736 5733 5727
f 5735 5730 5729
f 5732 5717 5734
f 5734 5731 5732
f 5429 5724 5427
f 5427 5724 5735
f 5427 5735 5707
f 5735 5724 5730
f 5737 5726 5707
f 5738 5723 5722
f 5739 5729 5723
f 5738 5722 5733
f 5740 5733 5736
f 5741 5735 5729
f 5735 5737 5707
f 5739 5723 5738
f 5740 5738 5733
f 5742 5740 5736
f 5743 5739 5738
f 5743 5738 5740
f 5744 5740 5742
f 5744 5743 5740
f 5745 3769 3758
f 5746 3747 3770
f 5747 3763 3773
f 5747 3774 3763
f 5745 3773 3769
f 5748 3770 3774
f 5745 3758 3778
f 5749 3778 3780
f 5750 3780 3782
f 5750 3782 3781
f 5751 3781 5486
f 5752 5486 5648
f 5753 5699 3747
f 5754 5709 5699
f 5754 5710 5709
f 5755 5717 5725
f 5754 5725 5710
f 5756 5736 5731
f 5757 5734 5717
f 5756 5731 5734
f 5758 5742 5736
f 5759 5744 5742
f 5748 5746 3770
f 5753 3747 5746
f 5760 5747 3773
f 5761 3774 5747
f 5760 3773 5745
f 5762 5748 3774
f 5749 5745 3778
f 5763 5749 3780
f 5763 3780 5750
f 5751 5750 3781
f 5752 5751 5486
f 5764 5699 5753
f 5764 5754 5699
f 5765 5755 5725
f 5765 5725 5754
f 5758 5736 5756
f 5755 5757 5717
f 5756 5734 5757
f 5759 5742 5758
f 5762 5746 5748
f 5766 5753 5746
f 5745 5747 5760
f 5767 5761 5747
f 5762 3774 5761
f 5768 5745 5749
f 5769 5749 5763
f 5770 5763 5750
f 5752 5750 5751
f 5766 5764 5753
f 5766 5754 5764
f 5771 5755 5765
f 5771 5765 5754
f 5772 5758 5756
f 5773 5757 5755
f 5773 5756 5757
f 5774 5746 5762
f 5775 5766 5746
f 5776 5747 5745
f 5776 5767 5747
f 5762 5761 5767
f 5769 5768 5749
f 5777 5745 5768
f 5770 5769 5763
f 5778 5770 5750
f 5778 5750 5752
f 5780 5754 5766
f 5781 5755 5771
f 5782 5771 5754
f 5783 5772 5756
f 5784 5758 5772
f 5785 5773 5755
f 5783 5756 5773
f 5767 5774 5762
f 5775 5746 5774
f 5780 5766 5775
f 5777 5776 5745
f 5786 5767 5776
f 5787 5768 5769
f 5788 5777 5768
f 5778 5769 5770
f 5779 5778 5752
f 5782 5754 5780
f 5789 5781 5771
f 5785 5755 5781
f 5789 5771 5782
f 5790 5772 5783
f 5791 5784 5772
f 5783 5773 5785
f 5792 5774 5767
f 5793 5775 5774
f 5794 5780 5775
f 5788 5776 5777
f 5788 5786 5776
f 5795 5767 5786
f 5778 5787 5769
f 5796 5768 5787
f 5797 5788 5768
f 5787 5778 5779
f 5798 5782 5780
f 5799 5781 5789
f 5790 5785 5781
f 5798 5789 5782
f 5785 5790 5783
f 5800 5772 5790
f 5801 5791 5772
f 5802 5784 5791
f 5803 5792 5767
f 5793 5774 5792
f 5804 5775 5793
f 5805 5794 5775
f 5798 5780 5794
f 5806 5786 5788
f 5807 5795 5786
f 5803 5767 5795
f 5779 5796 5787
f 5797 5768 5796
f 5806 5788 5797
f 5808 5799 5789
f 5790 5781 5799
f 5809 5789 5798
f 5799 5800 5790
f 5810 5772 5800
f 5810 5801 5772
f 5811 5792 5803
f 5804 5793 5792
f 5805 5775 5804
f 5798 5794 5805
f 5812 5786 5806
f 5813 5807 5786
f 5811 5795 5807
f 5811 5803 5795
f 5812 5806 5797
f 5814 5808 5789
f 5800 5799 5808
f 5805 5809 5798
f 5814 5789 5809
f 5808 5810 5800
f 5815 5801 5810
f 5816 5792 5811
f 5817 5804 5792
f 5818 5805 5804
f 5813 5786 5812
f 5819 5807 5813
f 5819 5811 5807
f 5815 5808 5814
f 5818 5809 5805
f 5818 5814 5809
f 5815 5810 5808
f 5820 5816 5811
f 5817 5792 5816
f 5818 5804 5817
f 5821 5819 5813
f 5820 5811 5819
f 5822 5814 5818
f 5823 5816 5820
f 5823 5817 5816
f 5822 5818 5817
f 5824 5819 5821
f 5824 5820 5819
f 5825 5814 5822
f 5824 5823 5820
f 5825 5817 5823
f 5825 5822 5817
f 5825 5823 5824
f 5826 648 635
f 5827 650 646
f 5828 647 650
f 5829 651 648
f 5830 652 651
f 5827 646 658
f 5830 658 652
f 5831 635 753
f 5831 753 718
f 5832 589 1104
f 5833 1122 1121
f 5834 1106 1175
f 5835 1175 1183
f 5836 1183 1231
f 5836 1231 1211
f 5836 1211 1257
f 5837 1257 1302
f 5837 1302 1326
f 5838 1338 1328
f 5839 1326 1338
f 5840 1582 1560
f 5840 1587 1582
f 5841 1591 1587
f 5841 1597 1591
f 5842 1599 1602
f 5843 1604 1597
f 5842 1607 1599
f 5844 2457 2398
f 5845 2479 2457
f 5846 2455 2492
f 5847 2492 2477
f 5845 2495 2479
f 5846 2528 2455
f 5848 2561 2563
f 5849 2382 2438
f 5850 3256 3260
f 5850 3260 2123
f 5850 3274 3256
f 5851 3298 3302
f 5852 3308 3254
f 5853 3311 3308
f 5853 3314 3311
f 5853 3315 3314
f 5854 3318 3315
f 5855 3327 3332
f 5854 3328 3318
f 5856 3329 3328
f 5857 3330 3333
f 5857 3333 3329
f 5857 3336 3330
f 5858 3352 2528
f 5859 3721 3698
f 5860 4265 4302
f 5861 4380 4382
f 5861 4382 4384
f 5861 4384 4383
f 5862 4473 4503
f 5863 4537 4538
f 5864 4545 1607
f 5865 4546 4545
f 5866 4554 4546
f 5866 4561 4554
f 5867 4564 4561
f 5867 4563 4564
f 5868 197 4565
f 5868 4567 197
f 5868 4565 4573
f 5869 4573 4574
f 5870 4575 4567
f 5871 4583 4584
f 5872 4591 4563
f 5871 4584 4593
f 5873 4590 4591
f 5874 4593 4597
f 5875 4602 4590
f 5876 4597 4608
f 5877 4608 4606
f 5875 4607 4602
f 5878 4611 4607
f 5878 4609 4611
f 5879 4610 4612
f 5879 4606 4610
f 5880 4612 4613
f 5881 4613 4609
f 5882 2398 4616
f 5883 4617 4583
f 5884 4614 4617
f 5885 4615 4614
f 5886 4616 4615
f 5863 4539 4758
f 5863 4538 4539
f 5863 4758 4777
f 5887 4857 4883
f 5888 4858 4857
f 5889 1560 4874
f 5888 4884 4858
f 5889 4874 4876
f 5890 4880 4900
f 5890 4900 4881
f 5887 4901 4882
f 5887 4883 4901
f 5891 5042 5048
f 5891 5048 5043
f 5892 5273 5274
f 5893 5281 1106
f 5892 5274 5280
f 5892 5284 5273
f 5892 5280 5285
f 5894 5277 5286
f 5895 5285 5281
f 5892 5287 5284
f 5896 5286 5289
f 5897 5288 5287
f 5898 5289 5288
f 5832 5431 589
f 5899 5433 647
f 5900 1104 5434
f 5901 1118 5435
f 5902 718 5436
f 5903 5436 1122
f 5901 5437 1118
f 5833 1121 5431
f 5904 1328 5439
f 5905 1368 5442
f 5906 5441 1368
f 5848 5446 2561
f 5907 2563 5447
f 5908 5448 3181
f 5908 3181 5449
f 5849 2438 5448
f 5909 3254 5437
f 5910 5459 3258
f 5911 5464 3298
f 5912 5466 583
f 5913 3313 5468
f 5913 5467 3313
f 5914 3321 5469
f 5855 5469 3327
f 5855 3332 5470
f 5915 5471 3336
f 5916 5476 3351
f 5917 5478 3352
f 5859 3698 5479
f 5918 5479 3638
f 5859 5482 3721
f 5913 5468 3321
f 5919 5488 4121
f 5920 5487 4136
f 5920 4136 5491
f 5921 5489 4146
f 5922 4146 5498
f 5922 5498 4265
f 5861 5502 4380
f 5862 5506 4473
f 5862 4503 5511
f 5923 5511 4518
f 5923 4518 5513
f 5863 5515 4537
f 5924 5435 4572
f 5925 4574 5516
f 5924 4572 5518
f 5926 5517 4575
f 5927 5525 4772
f 5928 4876 4880
f 5887 4882 5464
f 5891 5530 5042
f 5929 5043 5532
f 5930 5057 5534
f 5931 5535 5057
f 5932 5059 5536
f 5933 5516 5277
f 5934 5430 5558
f 5912 583 5559
f 5912 5559 5430
f 5899 5432 5433
f 5904 5439 5440
f 5906 5440 5441
f 5935 5442 5560
f 5936 5560 5443
f 5937 5444 5530
f 5938 5561 5444
f 5907 5477 5446
f 5939 5447 5478
f 5940 5453 5451
f 5910 5455 5459
f 5910 5449 5455
f 5941 3258 5456
f 5942 5463 5462
f 5942 5465 5463
f 5942 5570 5465
f 5943 5434 5467
f 5944 5470 5572
f 5944 5572 5471
f 5945 5494 5476
f 5946 3638 5577
f 5946 5577 5480
f 5859 5481 5482
f 5947 5578 5481
f 5947 5483 5578
f 5948 5486 5485
f 5946 5480 5488
f 5949 5579 5487
f 5950 5490 5489
f 5951 5580 5490
f 5952 5492 5580
f 5953 5581 5492
f 5954 5493 5581
f 5955 5491 5493
f 5956 5504 5494
f 5957 4188 5582
f 5957 5583 4188
f 5860 5585 5499
f 5861 5586 5502
f 5958 5588 5503
f 5956 5509 5504
f 5959 5503 5505
f 5862 5505 5506
f 5960 5591 5509
f 5961 5594 5514
f 5962 5514 5515
f 5963 5518 5517
f 5863 4777 5599
f 5964 5533 5531
f 5965 5532 5540
f 5964 5534 5533
f 5931 5536 5535
f 5966 5537 5601
f 5967 5538 5537
f 5968 5539 5538
f 5969 5540 5544
f 5970 5541 5542
f 5970 5603 5541
f 5971 5543 5604
f 5972 5605 5543
f 5973 5542 5605
f 5970 5544 5606
f 5974 5558 5432
f 5975 5443 5612
f 5938 5612 5561
f 5976 5562 5563
f 5849 5563 2382
f 5940 5451 5613
f 5977 5566 5453
f 5978 5568 5615
f 5979 5462 5569
f 5980 3302 5617
f 5942 5617 5570
f 5981 5531 5466
f 5982 5621 5483
f 5948 5485 5621
f 5919 4121 5622
f 5919 5622 5579
f 5983 5582 5525
f 5984 5613 5583
f 5860 5584 5585
f 5860 4302 5584
f 5985 5623 5586
f 5861 4383 5587
f 5923 5513 5626
f 5961 5626 5594
f 5863 5599 5632
f 5986 5601 5634
f 5932 5634 5059
f 5987 5602 5635
f 5987 5635 5539
f 5987 5607 5602
f 5970 5606 5603
f 5971 5604 5607
f 5988 5637 5547
f 5988 5547 5639
f 5989 5639 5549
f 5990 5640 5610
f 5976 5456 5562
f 5991 5565 5566
f 5992 5615 5565
f 5993 5616 5568
f 5994 5569 5616
f 5995 5624 5623
f 5860 5499 5649
f 5996 5649 5624
f 5997 5587 5650
f 5998 5650 5588
f 5999 5652 5591
f 5927 4771 5659
f 6000 5636 5637
f 6001 5610 5662
f 6002 5549 5663
f 5990 5663 5641
f 6003 5664 5644
f 6000 5667 5636
f 6004 5672 5630
f 5693 5660 5661
f 6005 5662 5669
f 5990 5641 5675
f 5990 5675 5640
f 6003 5676 5664
f 6006 5681 5629
f 6007 5669 5681
f 6008 5682 5655
f 6006 5629 5683
f 6009 5630 5684
f 6009 5684 5671
f 6004 5674 5672
f 6004 5632 5674
f 5927 5659 5660
f 6010 5655 5676
f 6011 5690 5667
f 6006 5683 5682
f 6012 5692 5652
f 6013 5689 5688
f 6014 5685 5689
f 6015 5696 5685
f 6016 5693 5696
f 6017 5688 5697
f 6018 5691 5698
f 6019 5698 5690
f 6018 5697 5691
f 6020 5648 5486
f 6020 5752 5648
f 6021 5779 5752
f 6022 5826 635
f 6023 650 5827
f 6023 5828 650
f 5899 647 5828
f 5826 5829 648
f 6024 651 5829
f 6024 5830 651
f 5830 5827 658
f 6025 635 5831
f 5902 5831 718
f 5900 5832 1104
f 5903 1122 5833
f 5835 5834 1175
f 5893 1106 5834
f 5836 5835 1183
f 6026 5836 1257
f 6026 1257 5837
f 6027 5837 1326
f 5904 5838 1328
f 5839 1338 5838
f 6027 1326 5839
f 6028 5840 1560
f 6029 1587 5840
f 6029 5841 1587
f 5843 1597 5841
f 5843 5842 1602
f 1602 1604 5843
f 5864 1607 5842
f 5882 5844 2398
f 5845 2457 5844
f 5847 5846 2492
f 2495 5847 2477
f 5847 2495 5845
f 5858 2528 5846
f 5907 5848 2563
f 2034 5850 2123
f 2034 3274 5850
f 5980 5851 3302
f 6030 3298 5851
f 5909 5852 3254
f 6031 3308 5852
f 6032 5853 3308
f 5854 3315 5853
f 6033 3328 5854
f 6034 5856 3328
f 6035 3329 5856
f 6036 5857 3329
f 5915 3336 5857
f 5922 4265 5860
f 5865 4545 5864
f 5866 4546 5865
f 6037 4561 5866
f 6038 5867 4561
f 6039 4563 5867
f 6040 4567 5868
f 5869 5868 4573
f 5925 5869 4574
f 6040 5870 4567
f 5883 4583 5871
f 6041 5872 4563
f 5873 4591 5872
f 6042 5871 4593
f 6043 4590 5873
f 5876 5874 4597
f 6044 5875 4590
f 6045 5876 4608
f 6046 5877 4606
f 6045 4608 5877
f 6047 4607 5875
f 6047 5878 4607
f 5881 4609 5878
f 5880 5879 4612
f 5881 5880 4613
f 6048 5882 4616
f 6049 4617 5883
f 6049 5884 4617
f 5885 4614 5884
f 6050 4615 5885
f 6051 5886 4615
f 6052 4616 5886
f 6053 4857 5887
f 6054 5888 4857
f 6055 1560 5889
f 4881 4884 5888
f 5928 5889 4876
f 6056 4880 5890
f 5888 5890 4881
f 5929 5891 5043
f 6057 5281 5893
f 5895 5892 5285
f 6058 5894 5286
f 6057 5895 5281
f 6059 5287 5892
f 6060 5896 5289
f 6058 5286 5896
f 6059 5897 5287
f 5898 5288 5897
f 6060 5289 5898
f 5833 5431 5832
f 5943 5900 5434
f 6061 5901 5435
f 5903 5902 5436
f 5909 5437 5901
f 5935 5905 5442
f 6062 1368 5905
f 6062 5906 1368
f 5907 5446 5848
f 6063 5907 5447
f 6064 5448 5908
f 5910 5908 5449
f 6065 5849 5448
f 5941 5910 3258
f 6030 5911 3298
f 6066 5464 5911
f 5981 5466 5912
f 5943 5467 5913
f 6067 5914 5469
f 5913 3321 5914
f 6068 5469 5855
f 6069 5855 5470
f 6070 5471 5915
f 5477 5916 3351
f 5858 5917 3352
f 6071 5478 5917
f 6072 5859 5479
f 6073 5918 3638
f 6074 5479 5918
f 5946 5488 5919
f 5949 5487 5920
f 6075 5920 5491
f 5922 5921 4146
f 5950 5489 5921
f 5923 5862 5511
f 6076 5515 5863
f 6061 5435 5924
f 6077 5925 5516
f 5963 5924 5518
f 5870 5926 4575
f 5963 5517 5926
f 4771 5927 4772
f 6078 5525 5927
f 6056 5928 4880
f 6079 5887 5464
f 5937 5530 5891
f 6080 5929 5532
f 5964 5930 5534
f 5931 5057 5930
f 6081 5932 5536
f 5894 5933 5277
f 6082 5516 5933
f 5974 5934 5558
f 6083 5430 5934
f 6084 5912 5430
f 5974 5432 5899
f 6085 5904 5440
f 6086 5440 5906
f 6087 5935 5560
f 5975 5936 5443
f 6087 5560 5936
f 5938 5444 5937
f 5916 5477 5907
f 6088 5939 5478
f 6089 5447 5939
f 5977 5453 5940
f 5976 5941 5456
f 6090 5942 5462
f 6091 5470 5944
f 6092 5944 5471
f 5916 5945 5476
f 6093 5494 5945
f 6073 3638 5946
f 6094 5481 5859
f 6095 5947 5481
f 5982 5483 5947
f 6020 5486 5948
f 6096 5579 5949
f 6097 5490 5950
f 6097 5951 5490
f 5952 5580 5951
f 5953 5492 5952
f 5952 5581 5953
f 5952 5954 5581
f 6098 5493 5954
f 6098 5955 5493
f 6075 5491 5955
f 6093 5956 5494
f 5984 5957 5582
f 5984 5583 5957
f 5985 5586 5861
f 5959 5958 5503
f 6099 5588 5958
f 5960 5509 5956
f 5862 5959 5505
f 5999 5591 5960
f 5962 5961 5514
f 6076 5962 5515
f 6100 5964 5531
f 5969 5965 5540
f 6080 5532 5965
f 5986 5966 5601
f 5967 5537 5966
f 5968 5538 5967
f 6101 5539 5968
f 6102 5969 5544
f 5973 5970 5542
f 5972 5543 5971
f 6103 5605 5972
f 6104 5973 5605
f 6102 5544 5970
f 6105 5975 5612
f 6105 5612 5938
f 10469 5976 5563
f 5941 5563 5849
f 6106 5940 5613
f 5991 5566 5977
f 6107 5978 5615
f 5993 5568 5978
f 6108 5462 5979
f 6109 5980 5617
f 6110 5617 5942
f 6100 5531 5981
f 5947 5621 5982
f 6111 5948 5621
f 6112 5919 5579
f 6078 5983 5525
f 6113 5582 5983
f 6114 5613 5984
f 5995 5623 5985
f 5997 5861 5587
f 6115 5923 5626
f 6115 5626 5961
f 6004 5863 5632
f 5932 5986 5634
f 6101 5987 5539
f 5971 5607 5987
f 6000 5637 5988
f 5989 5988 5639
f 6002 5989 5549
f 6001 5990 5610
f 6117 5565 5991
f 6117 5992 5565
f 6107 5615 5992
f 5994 5616 5993
f 5979 5569 5994
f 5996 5624 5995
f 6118 5860 5649
f 6118 5649 5996
f 5998 5997 5650
f 6119 5998 5588
f 6120 5652 5999
f 6005 6001 5662
f 5990 6002 5663
f 6116 6003 5644
f 6011 5667 6000
f 6009 6004 5630
f 6121 5660 5693
f 6122 6005 5669
f 6010 5676 6003
f 6123 5681 6006
f 6124 6007 5681
f 6122 5669 6007
f 6010 6008 5655
f 6125 5682 6008
f 6126 6009 5671
f 6078 5927 5660
f 6019 5690 6011
f 6125 6006 5682
f 6127 6012 5652
f 6127 5692 6012
f 6128 6013 5688
f 6014 5689 6013
f 6015 5685 6014
f 6016 5696 6015
f 6121 5693 6016
f 6018 6017 5697
f 6128 5688 6017
f 6129 6018 5698
f 6130 5698 6019
f 6131 5752 6020
f 6132 6021 5752
f 6025 6022 635
f 6133 5826 6022
f 6134 6023 5827
f 5899 5828 6023
f 6024 5829 5826
f 6134 5830 6024
f 6134 5827 5830
f 6022 6025 5831
f 6135 5831 5902
f 6136 5832 5900
f 6137 5903 5833
f 6138 5834 5835
f 6139 5893 5834
f 6140 5835 5836
f 6141 5836 6026
f 6142 6026 5837
f 6142 5837 6027
f 6143 5838 5904
f 6144 5839 5838
f 6145 6027 5839
f 6146 6028 1560
f 6147 5840 6028
f 6148 6029 5840
f 6149 5841 6029
f 6150 5843 5841
f 6151 5842 5843
f 6152 5864 5842
f 6153 5844 5882
f 6154 5845 5844
f 6155 5846 5847
f 6156 5847 5845
f 6157 5858 5846
f 6158 5851 5980
f 6158 6030 5851
f 6159 5852 5909
f 6160 6031 5852
f 6032 3308 6031
f 6161 5853 6032
f 6161 5854 5853
f 6162 6033 5854
f 6163 3328 6033
f 6163 6034 3328
f 6164 5856 6034
f 6165 6035 5856
f 6036 3329 6035
f 6166 5857 6036
f 6167 5915 5857
f 6118 5922 5860
f 6168 5865 5864
f 6169 5866 5865
f 6169 6037 5866
f 6038 4561 6037
f 6039 5867 6038
f 6038 4563 6039
f 5869 6040 5868
f 6077 5869 5925
f 6170 5870 6040
f 6171 5883 5871
f 6172 6041 4563
f 6172 5872 6041
f 6173 5873 5872
f 5874 6042 4593
f 6171 5871 6042
f 6044 6043 5873
f 6174 5874 5876
f 6043 6044 4590
f 6175 5875 6044
f 6174 5876 6045
f 5879 6046 4606
f 6176 5877 6046
f 6176 6045 5877
f 6175 6047 5875
f 6177 5878 6047
f 6177 5881 5878
f 6176 5879 5880
f 6178 5880 5881
f 6052 6048 4616
f 6179 5882 6048
f 6171 6049 5883
f 6050 5884 6049
f 6050 5885 5884
f 6180 4615 6050
f 6180 6051 4615
f 6052 5886 6051
f 6181 6053 5887
f 6054 4857 6053
f 6182 5888 6054
f 6146 6055 5889
f 6146 1560 6055
f 6146 5889 5928
f 6183 6056 5890
f 6183 5890 5888
f 6184 5891 5929
f 6185 6057 5893
f 6186 5892 5895
f 6187 5894 6058
f 6186 5895 6057
f 6188 6059 5892
f 6058 5896 6060
f 6189 5897 6059
f 6189 5898 5897
f 6189 6060 5898
f 6136 5833 5832
f 6190 5900 5943
f 6191 5901 6061
f 6137 5902 5903
f 6192 5909 5901
f 6193 5905 5935
f 6193 6062 5905
f 6194 5906 6062
f 6195 6063 5447
f 6196 5907 6063
f 6197 6064 5908
f 6198 5448 6064
f 6199 5908 5910
f 6198 6065 5448
f 6200 5849 6065
f 6199 5910 5941
f 6066 5911 6030
f 6201 5464 6066
f 6202 5981 5912
f 6190 5943 5913
f 5913 5914 6067
f 6203 6068 5855
f 6067 5469 6068
f 6091 6069 5470
f 6203 5855 6069
f 6167 6070 5915
f 6092 5471 6070
f 6157 5917 5858
f 6157 6071 5917
f 6088 5478 6071
f 6074 6072 5479
f 6074 5859 6072
f 6074 5918 6073
f 6204 5946 5919
f 6075 5949 5920
f 5950 5921 5922
f 6205 5862 5923
f 6009 6076 5863
f 6206 6061 5924
f 6082 6077 5516
f 6207 5924 5963
f 6208 5926 5870
f 6209 5963 5926
f 6210 5928 6056
f 6201 6079 5464
f 6211 5887 6079
f 6184 5937 5891
f 6212 5929 6080
f 6213 5930 5964
f 6081 5931 5930
f 5931 6081 5536
f 6214 5932 6081
f 6187 5933 5894
f 6215 6082 5933
f 6216 5934 5974
f 6217 6083 5934
f 6084 5430 6083
f 6083 5912 6084
f 6216 5974 5899
f 6218 6085 5440
f 6218 5904 6085
f 6219 6086 5906
f 6219 5440 6086
f 6220 5935 6087
f 6221 5936 5975
f 6220 6087 5936
f 6105 5938 5937
f 5945 5916 5907
f 6222 5939 6088
f 6222 6089 5939
f 6195 5447 6089
f 6223 5977 5940
f 6224 5941 5976
f 6108 6090 5462
f 6225 5942 6090
f 6226 6091 5944
f 6226 5944 6092
f 6227 6093 5945
f 6228 6073 5946
f 6229 6094 5859
f 6095 5481 6094
f 6230 5947 6095
f 6231 6020 5948
f 6075 6096 5949
f 6232 5579 6096
f 6233 6097 5950
f 6234 5951 6097
f 6235 5952 5951
f 6236 5954 5952
f 5955 6098 5954
f 6237 6075 5955
f 6238 5956 6093
f 6239 5984 5582
f 5997 5985 5861
f 6240 5958 5959
f 6119 6099 5958
f 6119 5588 6099
f 6241 5960 5956
f 6242 5959 5862
f 6120 5999 5960
f 6243 5961 5962
f 6126 5962 6076
f 6244 5964 6100
f 6245 5965 5969
f 6246 6080 5965
f 6247 5966 5986
f 6248 5967 5966
f 6249 5968 5967
f 6250 6101 5968
f 6251 5969 6102
f 6104 5970 5973
f 6252 5972 5971
f 6252 6103 5972
f 6253 5605 6103
f 6254 6104 5605
f 6251 6102 5970
f 6255 5975 6105
f 6256 10469 5563
f 6199 5941 5849
f 6257 6106 5613
f 6223 5940 6106
f 6223 5991 5977
f 6258 5978 6107
f 6258 5993 5978
f 6259 6108 5979
f 6110 6109 5617
f 6260 5980 6109
f 6225 6110 5942
f 6202 6100 5981
f 6230 5621 5947
f 6230 6111 5621
f 6231 5948 6111
f 6232 6112 5579
f 6204 5919 6112
f 6261 5983 6078
f 6262 6113 5983
f 6239 5582 6113
f 6263 6114 5984
f 6257 5613 6114
f 6264 5995 5985
f 6265 5923 6115
f 6265 6115 5961
f 6009 5863 6004
f 6266 5986 5932
f 6250 5987 6101
f 6267 5971 5987
f 6268 6000 5988
f 6269 5988 5989
f 6269 5989 6002
f 6270 5990 6001
f 6271 6117 5991
f 6271 6107 5992
f 6258 5994 5993
f 6259 5979 5994
f 6272 5996 5995
f 6273 6118 5996
f 6274 5997 5998
f 6274 5998 6119
f 6127 5652 6120
f 6275 6001 6005
f 6270 6002 5990
f 6276 6003 6116
f 6019 6011 6000
f 6078 5660 6121
f 6275 6005 6122
f 6276 6010 6003
f 6125 6123 6006
f 6277 5681 6123
f 6277 6124 5681
f 6278 6007 6124
f 6279 6122 6007
f 6280 6008 6010
f 6281 6125 6008
f 5692 6126 5671
f 6076 6009 6126
f 6282 5692 6127
f 6283 6013 6128
f 6284 6014 6013
f 6284 6015 6014
f 6285 6016 6015
f 6286 6121 6016
f 6287 6017 6018
f 6287 6128 6017
f 6130 6129 5698
f 6288 6018 6129
f 6129 6130 6019
f 6289 6131 6020
f 6132 5752 6131
f 6290 6133 6022
f 6024 5826 6133
f 6291 6023 6134
f 6216 5899 6023
f 6292 6134 6024
f 6290 6022 5831
f 6137 6135 5902
f 6293 5831 6135
f 6294 6136 5900
f 6136 6137 5833
f 6295 6138 5835
f 6296 5834 6138
f 6297 6139 5834
f 6185 5893 6139
f 6141 6140 5836
f 6295 5835 6140
f 6142 6141 6026
f 6145 6142 6027
f 6218 6143 5904
f 6298 5838 6143
f 6299 6144 5838
f 6145 5839 6144
f 5928 6028 6146
f 6300 6147 6028
f 6148 5840 6147
f 6149 6029 6148
f 6150 5841 6149
f 6151 5843 6150
f 6301 5842 6151
f 6302 6152 5842
f 6168 5864 6152
f 6179 6153 5882
f 6154 5844 6153
f 6156 5845 6154
f 6156 6155 5847
f 6157 5846 6155
f 6303 6158 5980
f 6066 6030 6158
f 6304 6159 5909
f 6305 5852 6159
f 6306 6160 5852
f 6307 6031 6160
f 6308 6032 6031
f 6308 6161 6032
f 6309 5854 6161
f 6163 6162 5854
f 6163 6033 6162
f 6310 6034 6163
f 6311 6164 6034
f 6165 5856 6164
f 6036 6035 6165
f 6312 6166 6036
f 6167 5857 6166
f 6313 5922 6118
f 6152 5865 6168
f 6152 6169 5865
f 6314 6037 6169
f 6315 6038 6037
f 6316 4563 6038
f 6170 6040 5869
f 6317 5869 6077
f 6318 6172 4563
f 6173 5872 6172
f 6319 5873 6173
f 6320 6042 5874
f 6321 6171 6042
f 6322 6044 5873
f 6322 6175 6044
f 6320 6174 6045
f 6176 6046 5879
f 6323 6045 6176
f 6177 6047 6175
f 6178 5881 6177
f 6324 6176 5880
f 6325 5880 6178
f 6326 6048 6052
f 6327 6179 6048
f 6328 6049 6171
f 6329 6050 6049
f 6330 6180 6050
f 6331 6051 6180
f 6211 6181 5887
f 6054 6053 6181
f 6332 6182 6054
f 6183 5888 6182
f 6333 6056 6183
f 6334 6184 5929
f 6335 6057 6185
f 6335 5892 6186
f 6336 6187 6058
f 6335 6186 6057
f 6335 6188 5892
f 6337 6059 6188
f 6338 6058 6060
f 6339 6189 6059
f 6340 6060 6189
f 6341 5900 6190
f 6192 6191 6061
f 6192 5901 6191
f 6304 5909 6192
f 6220 6193 5935
f 6342 6062 6193
f 6343 6194 6062
f 6219 5906 6194
f 6344 6063 6195
f 6344 6196 6063
f 5945 5907 6196
f 6345 6197 5908
f 6346 6064 6197
f 6347 6198 6064
f 6345 5908 6199
f 6348 6065 6198
f 6349 5849 6200
f 6158 6201 6066
f 6083 6202 5912
f 6350 6190 5913
f 6068 5913 6067
f 6069 6068 6203
f 6351 6069 6091
f 6352 6070 6167
f 6353 6092 6070
f 6354 6071 6157
f 6355 6088 6071
f 6356 5859 6074
f 6357 6074 6073
f 6358 5946 6204
f 6313 5950 5922
f 6265 6205 5923
f 6359 5862 6205
f 6207 6206 5924
f 6360 6061 6206
f 6317 6077 6082
f 6206 6207 5963
f 6170 6208 5870
f 6361 5926 6208
f 6361 6209 5926
f 6206 5963 6209
f 6362 6210 6056
f 6363 5928 6210
f 6364 6079 6201
f 6105 5937 6184
f 6246 6212 6080
f 6365 5929 6212
f 6366 6213 5964
f 6366 5930 6213
f 6367 6081 5930
f 6366 6214 6081
f 6368 5932 6214
f 6215 5933 6187
f 6317 6082 6215
f 6369 5934 6216
f 6369 6217 5934
f 6370 6083 6217
f 6219 6218 5440
f 6255 6221 5975
f 6371 5936 6221
f 6372 6220 5936
f 6373 6222 6088
f 6374 6089 6222
f 6374 6195 6089
f 6375 6224 5976
f 6376 5941 6224
f 6377 6090 6108
f 6377 6225 6090
f 6378 6091 6226
f 6379 6226 6092
f 6196 6227 5945
f 6380 6093 6227
f 6357 6073 6228
f 6381 6229 5859
f 6382 6094 6229
f 6383 6095 6094
f 6384 6230 6095
f 6385 6096 6075
f 6386 6233 5950
f 6387 6097 6233
f 6235 6234 6097
f 6235 5951 6234
f 6388 5952 6235
f 6388 6236 5952
f 6389 5954 6236
f 6389 5955 5954
f 6390 6237 5955
f 6385 6075 6237
f 6391 6238 6093
f 6263 5984 6239
f 6264 5985 5997
f 6242 6240 5959
f 6119 5958 6240
f 6238 6241 5956
f 6392 5960 6241
f 6359 6242 5862
f 6392 6120 5960
f 6393 6243 5962
f 6394 5961 6243
f 6395 5962 6126
f 6396 6244 6100
f 6397 5964 6244
f 6251 6245 5969
f 6246 5965 6245
f 6398 6247 5986
f 6399 5966 6247
f 6399 6248 5966
f 6400 5967 6248
f 6401 6249 5967
f 6402 5968 6249
f 6403 6250 5968
f 6404 5970 6104
f 6267 6252 5971
f 6405 6103 6252
f 6406 6253 6103
f 6254 5605 6253
f 6253 6104 6254
f 6404 6251 5970
f 6407 6255 6105
f 6408 6106 6257
f 6409 6223 6106
f 6271 5991 6223
f 6410 6258 6107
f 6411 6108 6259
f 6412 6109 6110
f 6413 6260 6109
f 6303 5980 6260
f 6414 6110 6225
f 6415 6100 6202
f 6416 6111 6230
f 6416 6231 6111
f 6417 6112 6232
f 6358 6204 6112
f 6121 6261 6078
f 6262 5983 6261
f 6418 6113 6262
f 6419 6239 6113
f 6420 6114 6263
f 6420 6257 6114
f 6272 5995 6264
f 6394 6265 5961
f 6398 5986 6266
f 6267 5987 6250
f 6269 6268 5988
f 6421 6000 6268
f 6422 6269 6002
f 6275 6270 6001
f 5992 6117 6271
f 6410 6107 6271
f 6423 5994 6258
f 6424 6259 5994
f 6425 5996 6272
f 6426 6273 5996
f 6386 6118 6273
f 6427 5997 6274
f 6428 6274 6119
f 6429 6127 6120
f 6422 6002 6270
f 6430 6019 6000
f 6279 6275 6122
f 6281 6123 6125
f 6124 6277 6123
f 6431 6278 6124
f 6279 6007 6278
f 6432 6280 6010
f 6281 6008 6280
f 6395 6126 5692
f 6433 6282 6127
f 6395 5692 6282
f 6434 6283 6128
f 6284 6013 6283
f 6285 6015 6284
f 6286 6016 6285
f 6261 6121 6286
f 6435 6287 6018
f 6436 6128 6287
f 6430 6288 6129
f 6437 6018 6288
f 6430 6129 6019
f 6231 6289 6020
f 6438 6131 6289
f 6438 6132 6131
f 6440 6133 6290
f 6441 6024 6133
f 6442 6291 6134
f 6369 6023 6291
f 6369 6216 6023
f 6441 6292 6024
f 6442 6134 6292
f 6443 6290 5831
f 6444 6135 6137
f 6445 6293 6135
f 6443 5831 6293
f 6341 6294 5900
f 6137 6136 6294
f 6296 6138 6295
f 6297 5834 6296
f 6446 6139 6297
f 6447 6185 6139
f 6448 6140 6141
f 6296 6295 6140
f 6449 6141 6142
f 6449 6142 6145
f 6450 6143 6218
f 6451 6298 6143
f 6299 5838 6298
f 6452 6144 6299
f 6453 6145 6144
f 6363 6028 5928
f 6454 6300 6028
f 6455 6147 6300
f 6456 6148 6147
f 6150 6149 6148
f 6457 6151 6150
f 6302 5842 6301
f 6458 6152 6302
f 6154 6153 6179
f 6459 6156 6154
f 6460 6155 6156
f 6460 6157 6155
f 6461 6158 6303
f 6462 6159 6304
f 6462 6305 6159
f 6306 5852 6305
f 6463 6160 6306
f 6464 6307 6160
f 6308 6031 6307
f 6465 6161 6308
f 6465 6309 6161
f 6163 5854 6309
f 6309 6310 6163
f 6466 6034 6310
f 6466 6311 6034
f 6467 6164 6311
f 6468 6165 6164
f 6469 6036 6165
f 6470 6312 6036
f 6167 6166 6312
f 6386 6313 6118
f 6471 6169 6152
f 6472 6314 6169
f 6473 6037 6314
f 6473 6315 6037
f 6473 6038 6315
f 6474 6316 6038
f 6475 4563 6316
f 6476 6170 5869
f 6476 5869 6317
f 6475 6318 4563
f 6475 6172 6318
f 6477 6173 6172
f 6478 6319 6173
f 6322 5873 6319
f 6174 6320 5874
f 6479 6042 6320
f 6479 6321 6042
f 6480 6171 6321
f 6177 6175 6322
f 6323 6320 6045
f 6481 6323 6176
f 6325 6178 6177
f 6325 6324 5880
f 6482 6176 6324
f 6051 6326 6052
f 6483 6048 6326
f 6483 6327 6048
f 6154 6179 6327
f 6484 6328 6171
f 6485 6049 6328
f 6485 6329 6049
f 6329 6330 6050
f 6331 6180 6330
f 6486 6051 6331
f 6487 6181 6211
f 6332 6054 6181
f 6488 6182 6332
f 6489 6183 6182
f 6490 6333 6183
f 6490 6056 6333
f 6365 6334 5929
f 6491 6184 6334
f 6492 6335 6185
f 6338 6336 6058
f 6493 6187 6336
f 6337 6188 6335
f 6339 6059 6337
f 6494 6338 6060
f 6495 6189 6339
f 6496 6340 6189
f 6494 6060 6340
f 6350 6341 6190
f 6360 6192 6061
f 6462 6304 6192
f 6497 6193 6220
f 6498 6062 6342
f 6499 6343 6062
f 6500 6194 6343
f 6450 6219 6194
f 6374 6344 6195
f 6227 6196 6344
f 6501 6197 6345
f 6502 6346 6197
f 6503 6064 6346
f 6503 6347 6064
f 6348 6198 6347
f 6504 6345 6199
f 6200 6065 6348
f 6505 6349 6200
f 6506 6201 6158
f 6507 6202 6083
f 6508 6350 5913
f 6508 5913 6068
f 6509 6068 6069
f 6510 6351 6091
f 6511 6069 6351
f 6512 6352 6167
f 6513 6070 6352
f 6513 6353 6070
f 6513 6092 6353
f 6460 6354 6157
f 6354 6355 6071
f 6373 6088 6355
f 6357 6356 6074
f 6381 5859 6356
f 6228 5946 6358
f 6386 5950 6313
f 6514 6205 6265
f 6515 6359 6205
f 6516 6360 6206
f 6476 6208 6170
f 6517 6361 6208
f 6518 6209 6361
f 6516 6206 6209
f 6490 6362 6056
f 6519 6210 6362
f 6519 6363 6210
f 6461 6364 6201
f 6211 6079 6364
f 6491 6105 6184
f 6520 6212 6246
f 6520 6365 6212
f 6521 6366 5964
f 6367 5930 6366
f 6366 6081 6367
f 6368 6214 6366
f 6266 5932 6368
f 6493 6215 6187
f 6522 6317 6215
f 6370 6217 6369
f 6507 6083 6370
f 6450 6218 6219
f 6407 6221 6255
f 6523 6371 6221
f 6372 5936 6371
f 6524 6220 6372
f 6525 6222 6373
f 6526 6374 6222
f 6527 6375 5976
f 6376 6224 6375
f 6411 6377 6108
f 6528 6225 6377
f 6379 6378 6226
f 6510 6091 6378
f 6513 6379 6092
f 6526 6380 6227
f 6391 6093 6380
f 6529 6357 6228
f 6530 6229 6381
f 6530 6382 6229
f 6383 6094 6382
f 6531 6095 6383
f 6531 6384 6095
f 6532 6230 6384
f 6232 6096 6385
f 6387 6233 6386
f 6533 6097 6387
f 6533 6235 6097
f 6534 6388 6235
f 6390 6236 6388
f 6390 6389 6236
f 6390 5955 6389
f 6535 6237 6390
f 6536 6385 6237
f 6241 6238 6391
f 6419 6263 6239
f 6427 6264 5997
f 6359 6240 6242
f 6359 6119 6240
f 6537 6392 6241
f 6538 6120 6392
f 6395 6393 5962
f 6539 6243 6393
f 6539 6394 6243
f 6415 6396 6100
f 6540 6244 6396
f 6541 6397 6244
f 6521 5964 6397
f 6542 6245 6251
f 6543 6246 6245
f 6544 6247 6398
f 6545 6399 6247
f 6546 6248 6399
f 6547 6400 6248
f 6548 5967 6400
f 6548 6401 5967
f 6403 6249 6401
f 6403 6402 6249
f 6403 5968 6402
f 6549 6250 6403
f 6550 6404 6104
f 6551 6252 6267
f 6551 6405 6252
f 6552 6103 6405
f 6553 6406 6103
f 6554 6253 6406
f 6554 6104 6253
f 6555 6251 6404
f 6491 6407 6105
f 6420 6408 6257
f 6556 6106 6408
f 6557 6409 6106
f 6558 6223 6409
f 6558 6271 6223
f 6559 6411 6259
f 6413 6109 6412
f 6560 6260 6413
f 6461 6303 6260
f 6528 6414 6225
f 6412 6110 6414
f 6561 6415 6202
f 6562 6416 6230
f 6562 6231 6416
f 6563 6417 6232
f 6564 6112 6417
f 6565 6358 6112
f 6418 6262 6261
f 6566 6113 6418
f 6566 6419 6113
f 6567 6420 6263
f 6427 6272 6264
f 6514 6265 6394
f 6568 6398 6266
f 6549 6267 6250
f 6421 6268 6269
f 6569 6000 6421
f 6421 6269 6422
f 6570 6270 6275
f 6558 6410 6271
f 6572 6423 6258
f 6424 5994 6423
f 6573 6259 6424
f 6574 6425 6272
f 6575 5996 6425
f 6575 6426 5996
f 6576 6273 6426
f 6577 6386 6273
f 6578 6427 6274
f 6578 6428 6119
f 6578 6274 6428
f 6538 6429 6120
f 6579 6127 6429
f 6580 6422 6270
f 6581 6430 6000
f 6570 6275 6279
f 6431 6123 6281
f 6431 6124 6123
f 6582 6278 6431
f 6583 6279 6278
f 6571 6432 6010
f 6584 6280 6432
f 6584 6281 6280
f 6579 6433 6127
f 6395 6282 6433
f 6436 6434 6128
f 6585 6283 6434
f 6586 6284 6283
f 6587 6285 6284
f 6587 6286 6285
f 6418 6261 6286
f 6437 6435 6018
f 6436 6287 6435
f 6588 6288 6430
f 6435 6437 6288
f 6589 6289 6231
f 6589 6438 6289
f 6590 6132 6438
f 6590 6439 6132
f 6443 6440 6290
f 6441 6133 6440
f 6369 6291 6442
f 6591 6292 6441
f 6592 6442 6292
f 6294 6444 6137
f 6593 6135 6444
f 6593 6445 6135
f 6594 6293 6445
f 6594 6443 6293
f 6595 6294 6341
f 6446 6297 6296
f 6447 6139 6446
f 6596 6185 6447
f 6597 6448 6141
f 6296 6140 6448
f 6597 6141 6449
f 6453 6449 6145
f 6451 6143 6450
f 6598 6298 6451
f 6599 6299 6298
f 6600 6452 6299
f 6601 6144 6452
f 6601 6453 6144
f 6454 6028 6363
f 6519 6300 6454
f 6362 6455 6300
f 6602 6147 6455
f 6602 6456 6147
f 6603 6148 6456
f 6604 6150 6148
f 6605 6457 6150
f 6301 6151 6457
f 6606 6302 6301
f 6607 6458 6302
f 6608 6152 6458
f 6327 6459 6154
f 6609 6156 6459
f 6609 6460 6156
f 6506 6158 6461
f 6610 6305 6462
f 6463 6306 6305
f 6611 6160 6463
f 6611 6464 6160
f 6612 6307 6464
f 6465 6308 6307
f 6307 6309 6465
f 6613 6310 6309
f 6614 6466 6310
f 6615 6311 6466
f 6615 6467 6311
f 6468 6164 6467
f 6616 6165 6468
f 6616 6469 6165
f 6470 6036 6469
f 6617 6312 6470
f 6618 6167 6312
f 6608 6471 6152
f 6608 6169 6471
f 6619 6472 6169
f 6473 6314 6472
f 6474 6038 6473
f 6620 6316 6474
f 6620 6475 6316
f 6522 6476 6317
f 6621 6172 6475
f 6621 6477 6172
f 6622 6173 6477
f 6623 6478 6173
f 6624 6319 6478
f 6624 6322 6319
f 6625 6479 6320
f 6480 6321 6479
f 6484 6171 6480
f 6626 6177 6322
f 6625 6320 6323
f 6482 6481 6176
f 6625 6323 6481
f 6627 6325 6177
f 6627 6324 6325
f 6627 6482 6324
f 6486 6326 6051
f 6486 6483 6326
f 6628 6327 6483
f 6485 6328 6484
f 6331 6329 6485
f 6331 6330 6329
f 6629 6486 6331
f 6364 6487 6211
f 6630 6181 6487
f 6630 6332 6181
f 6630 6488 6332
f 6631 6182 6488
f 6631 6489 6182
f 6632 6183 6489
f 6632 6490 6183
f 6633 6334 6365
f 6634 6491 6334
f 6635 6492 6185
f 6636 6335 6492
f 6637 6336 6338
f 6637 6493 6336
f 6636 6337 6335
f 6636 6339 6337
f 6637 6338 6494
f 6636 6495 6339
f 6638 6189 6495
f 6639 6496 6189
f 6494 6340 6496
f 6640 6341 6350
f 6462 6192 6360
f 6641 6497 6220
f 6342 6193 6497
f 6642 6498 6342
f 6643 6062 6498
f 6643 6499 6062
f 6643 6343 6499
f 6451 6500 6343
f 6450 6194 6500
f 6644 6344 6374
f 6644 6227 6344
f 6504 6501 6345
f 6501 6502 6197
f 6645 6346 6502
f 6645 6503 6346
f 6646 6347 6503
f 6647 6348 6347
f 6648 6504 6199
f 6649 6200 6348
f 6650 6505 6200
f 6650 6349 6505
f 6461 6201 6506
f 6561 6202 6507
f 6640 6350 6508
f 6651 6509 6069
f 6508 6068 6509
f 6378 6351 6510
f 6651 6511 6351
f 6651 6069 6511
f 6618 6512 6167
f 6652 6352 6512
f 6652 6513 6352
f 6653 6354 6460
f 6654 6355 6354
f 6655 6373 6355
f 6656 6356 6357
f 6656 6381 6356
f 6657 6228 6358
f 6539 6205 6514
f 6658 6515 6205
f 6659 6359 6515
f 6660 6360 6516
f 6661 6208 6476
f 6662 6517 6208
f 6518 6361 6517
f 6516 6209 6518
f 6663 6362 6490
f 6300 6519 6362
f 6454 6363 6519
f 6664 6364 6461
f 6543 6520 6246
f 6665 6365 6520
f 6666 6366 6521
f 6667 6368 6366
f 6522 6215 6493
f 6668 6370 6369
f 6669 6507 6370
f 6670 6221 6407
f 6671 6523 6221
f 6672 6371 6523
f 6672 6372 6371
f 6672 6524 6372
f 6641 6220 6524
f 6673 6525 6373
f 6674 6222 6525
f 6675 6526 6222
f 6644 6374 6526
f 6676 6527 5976
f 6677 6375 6527
f 6678 6376 6375
f 6679 6377 6411
f 6680 6528 6377
f 6681 6378 6379
f 6682 6379 6513
f 6644 6526 6227
f 6391 6380 6526
f 6656 6357 6529
f 6683 6530 6381
f 6684 6382 6530
f 6531 6383 6382
f 6685 6384 6531
f 6589 6532 6384
f 6562 6230 6532
f 6563 6232 6385
f 6686 6387 6386
f 6686 6533 6387
f 6687 6235 6533
f 6688 6534 6235
f 6390 6388 6534
f 6689 6535 6390
f 6536 6237 6535
f 6690 6385 6536
f 6537 6241 6391
f 6691 6263 6419
f 6692 6392 6537
f 6693 6538 6392
f 6694 6393 6395
f 6695 6539 6393
f 6514 6394 6539
f 6561 6396 6415
f 6696 6540 6396
f 6541 6244 6540
f 6521 6397 6541
f 6697 6542 6251
f 6543 6245 6542
f 6568 6544 6398
f 6698 6247 6544
f 6698 6545 6247
f 6546 6399 6545
f 6699 6248 6546
f 6700 6547 6248
f 6701 6400 6547
f 6701 6548 6400
f 6701 6401 6548
f 6702 6403 6401
f 6703 6549 6403
f 6554 6550 6104
f 6704 6404 6550
f 6549 6551 6267
f 6705 6405 6551
f 6706 6552 6405
f 6553 6103 6552
f 6554 6406 6553
f 6697 6555 6404
f 6697 6251 6555
f 6707 6407 6491
f 6567 6408 6420
f 6708 6556 6408
f 6557 6106 6556
f 6558 6409 6557
f 6709 6559 6259
f 6679 6411 6559
f 6528 6413 6412
f 6710 6560 6413
f 6461 6260 6560
f 6412 6414 6528
f 6589 6231 6562
f 6564 6417 6563
f 6711 6112 6564
f 6711 6565 6112
f 6657 6358 6565
f 6712 6566 6418
f 6713 6419 6566
f 6691 6567 6263
f 6578 6272 6427
f 6368 6568 6266
f 6714 6569 6421
f 6581 6000 6569
f 6715 6421 6422
f 6716 6270 6570
f 6717 6410 6558
f 6718 6572 6258
f 6719 6423 6572
f 6719 6424 6423
f 6720 6573 6424
f 6709 6259 6573
f 6578 6574 6272
f 6721 6425 6574
f 6722 6575 6425
f 6722 6426 6575
f 6722 6576 6426
f 6723 6273 6576
f 6723 6577 6273
f 6724 6386 6577
f 6725 6578 6119
f 6693 6429 6538
f 6726 6579 6429
f 6727 6580 6270
f 6715 6422 6580
f 6728 6430 6581
f 6729 6570 6279
f 6730 6431 6281
f 6584 6582 6431
f 6731 6278 6582
f 6731 6583 6278
f 6729 6279 6583
f 6584 6432 6571
f 6730 6281 6584
f 6732 6433 6579
f 6732 6395 6433
f 6733 6434 6436
f 6734 6585 6434
f 6735 6283 6585
f 6735 6586 6283
f 6735 6284 6586
f 6735 6587 6284
f 6418 6286 6587
f 6736 6436 6435
f 6737 6588 6430
f 6738 6288 6588
f 6738 6435 6288
f 6739 6438 6589
f 6740 6440 6443
f 6740 6441 6440
f 6668 6369 6442
f 6741 6591 6441
f 6592 6292 6591
f 6742 6442 6592
f 6743 6444 6294
f 6744 6593 6444
f 6744 6445 6593
f 6745 6594 6445
f 6740 6443 6594
f 6746 6595 6341
f 6743 6294 6595
f 6747 6446 6296
f 6748 6447 6446
f 6748 6596 6447
f 6635 6185 6596
f 6449 6448 6597
f 6747 6296 6448
f 6448 6449 6453
f 6749 6598 6451
f 6599 6298 6598
f 6600 6299 6599
f 6750 6452 6600
f 6453 6601 6452
f 6751 6455 6362
f 6751 6602 6455
f 6752 6456 6602
f 6753 6603 6456
f 6604 6148 6603
f 6605 6150 6604
f 6604 6457 6605
f 6606 6301 6457
f 6607 6302 6606
f 6754 6458 6607
f 6755 6608 6458
f 6756 6459 6327
f 6757 6609 6459
f 6758 6460 6609
f 6660 6610 6462
f 6759 6305 6610
f 6760 6463 6305
f 6464 6611 6463
f 6761 6612 6464
f 6762 6307 6612
f 6763 6309 6307
f 6764 6613 6309
f 6614 6310 6613
f 6765 6466 6614
f 6765 6615 6466
f 6766 6467 6615
f 6766 6468 6467
f 6767 6616 6468
f 6617 6469 6616
f 6617 6470 6469
f 6768 6312 6617
f 6769 6618 6312
f 6770 6169 6608
f 6770 6619 6169
f 6473 6472 6619
f 6771 6474 6473
f 6771 6620 6474
f 6772 6475 6620
f 6661 6476 6522
f 6772 6621 6475
f 6622 6477 6621
f 6623 6173 6622
f 6773 6478 6623
f 6626 6624 6478
f 6626 6322 6624
f 6480 6479 6625
f 6774 6484 6480
f 6775 6177 6626
f 6776 6481 6482
f 6777 6625 6481
f 6775 6627 6177
f 6778 6482 6627
f 6779 6483 6486
f 6780 6628 6483
f 6780 6327 6628
f 6781 6485 6484
f 6629 6331 6485
f 6782 6486 6629
f 6783 6487 6364
f 6783 6630 6487
f 6784 6488 6630
f 6785 6631 6488
f 6786 6489 6631
f 6787 6632 6489
f 6663 6490 6632
f 6665 6633 6365
f 6634 6334 6633
f 6707 6491 6634
f 6788 6492 6635
f 6522 6493 6637
f 6789 6637 6494
f 6790 6495 6636
f 6790 6638 6495
f 6639 6189 6638
f 6791 6496 6639
f 6789 6494 6496
f 6792 6341 6640
f 6660 6462 6360
f 6793 6497 6641
f 6794 6342 6497
f 6795 6498 6642
f 6796 6643 6498
f 6749 6343 6643
f 6749 6451 6343
f 6450 6500 6451
f 6797 6501 6504
f 6798 6502 6501
f 6646 6645 6502
f 6646 6503 6645
f 6647 6347 6646
f 6649 6348 6647
f 6678 6504 6648
f 6650 6200 6649
f 6677 6349 6650
f 6799 6561 6507
f 6509 6640 6508
f 6800 6509 6651
f 6801 6351 6378
f 6802 6651 6351
f 6652 6512 6618
f 6682 6513 6652
f 6758 6653 6460
f 6654 6354 6653
f 6803 6355 6654
f 6803 6655 6355
f 6683 6381 6656
f 6529 6228 6657
f 6695 6205 6539
f 6695 6658 6205
f 6804 6515 6658
f 6805 6659 6515
f 6805 6359 6659
f 6806 6660 6516
f 6662 6208 6661
f 6807 6517 6662
f 6808 6518 6517
f 6806 6516 6518
f 6751 6362 6663
f 6560 6664 6461
f 6783 6364 6664
f 6665 6520 6543
f 6809 6666 6521
f 6810 6366 6666
f 6811 6667 6366
f 6812 6368 6667
f 6742 6370 6668
f 6813 6669 6370
f 6813 6507 6669
f 6707 6670 6407
f 6671 6221 6670
f 6814 6523 6671
f 6815 6672 6523
f 6816 6524 6672
f 6817 6641 6524
f 6655 6673 6373
f 6818 6525 6673
f 6819 6674 6525
f 6675 6222 6674
f 6820 6526 6675
f 10469 6676 5976
f 6821 6527 6676
f 6821 6677 6527
f 6678 6375 6677
f 6648 6376 6678
f 6680 6377 6679
f 6822 6528 6680
f 6823 6681 6379
f 6824 6378 6681
f 6825 6379 6682
f 6820 6391 6526
f 6683 6656 6529
f 6826 6530 6683
f 6827 6684 6530
f 6828 6382 6684
f 6828 6531 6382
f 6829 6685 6531
f 6589 6384 6685
f 6562 6532 6589
f 6690 6563 6385
f 6724 6686 6386
f 6830 6533 6686
f 6831 6534 6688
f 6689 6390 6534
f 6832 6535 6689
f 6833 6536 6535
f 6834 6690 6536
f 6835 6537 6391
f 6836 6691 6419
f 6837 6692 6537
f 6693 6392 6692
f 6838 6694 6395
f 6838 6393 6694
f 6696 6396 6561
f 6839 6540 6696
f 6521 6541 6540
f 6543 6542 6697
f 6840 6544 6568
f 6840 6698 6544
f 6546 6545 6698
f 6841 6699 6546
f 6842 6248 6699
f 6842 6700 6248
f 6843 6547 6700
f 6843 6701 6547
f 6844 6401 6701
f 6844 6702 6401
f 6703 6403 6702
f 6845 6549 6703
f 6846 6550 6554
f 6846 6704 6550
f 6847 6404 6704
f 6705 6551 6549
f 6706 6405 6705
f 6553 6552 6706
f 6846 6554 6553
f 6848 6697 6404
f 6849 6408 6567
f 6849 6708 6408
f 6557 6556 6708
f 6850 6558 6557
f 6851 6559 6709
f 6852 6679 6559
f 6853 6413 6528
f 6854 6710 6413
f 6855 6560 6710
f 6856 6564 6563
f 6857 6711 6564
f 6858 6565 6711
f 6858 6657 6565
f 6587 6712 6418
f 6859 6566 6712
f 6859 6713 6566
f 6860 6419 6713
f 6836 6567 6691
f 6861 6568 6368
f 6715 6714 6421
f 6728 6569 6714
f 6862 6716 6570
f 6862 6270 6716
f 6863 6717 6558
f 6864 6410 6717
f 6865 6718 6258
f 6866 6572 6718
f 6866 6719 6572
f 6720 6424 6719
f 6867 6573 6720
f 6868 6709 6573
f 6869 6574 6578
f 6869 6721 6574
f 6870 6425 6721
f 6870 6722 6425
f 6870 6576 6722
f 6871 6723 6576
f 6872 6577 6723
f 6873 6724 6577
f 6874 6725 6119
f 6875 6578 6725
f 6876 6429 6693
f 6877 6726 6429
f 6878 6579 6726
f 6879 6727 6270
f 6880 6580 6727
f 6880 6715 6580
f 6569 6728 6581
f 6737 6430 6728
f 6862 6570 6729
f 6584 6431 6730
f 6881 6582 6584
f 6882 6731 6582
f 6883 6583 6731
f 6862 6729 6583
f 6884 6584 6571
f 6878 6732 6579
f 6885 6395 6732
f 6886 6733 6436
f 6886 6434 6733
f 6887 6734 6434
f 6888 6585 6734
f 6889 6735 6585
f 6712 6587 6735
f 6738 6736 6435
f 6886 6436 6736
f 6890 6588 6737
f 6890 6738 6588
f 6891 6739 6589
f 6892 6441 6740
f 6742 6668 6442
f 6892 6741 6441
f 6893 6591 6741
f 6894 6592 6591
f 6895 6742 6592
f 6896 6444 6743
f 6897 6744 6444
f 6897 6445 6744
f 6897 6745 6445
f 6898 6594 6745
f 6892 6740 6594
f 6792 6746 6341
f 6899 6595 6746
f 6900 6743 6595
f 6901 6446 6747
f 6901 6748 6446
f 6902 6596 6748
f 6903 6635 6596
f 6904 6747 6448
f 6904 6448 6453
f 6905 6598 6749
f 6906 6599 6598
f 6907 6600 6599
f 6907 6750 6600
f 6908 6452 6750
f 6904 6453 6452
f 6909 6602 6751
f 6910 6752 6602
f 6910 6456 6752
f 6910 6753 6456
f 6911 6603 6753
f 6457 6604 6603
f 6912 6606 6457
f 6913 6607 6606
f 6913 6754 6607
f 6755 6458 6754
f 6914 6608 6755
f 6915 6756 6327
f 6757 6459 6756
f 6916 6609 6757
f 6916 6758 6609
f 6917 6610 6660
f 6760 6759 6610
f 6760 6305 6759
f 6761 6463 6760
f 6761 6464 6463
f 6762 6612 6761
f 6763 6307 6762
f 6918 6309 6763
f 6919 6764 6309
f 6614 6613 6764
f 6920 6765 6614
f 6921 6615 6765
f 6921 6766 6615
f 6922 6468 6766
f 6922 6767 6468
f 6617 6616 6767
f 6767 6768 6617
f 6923 6312 6768
f 6923 6769 6312
f 6924 6618 6769
f 6914 6770 6608
f 6914 6619 6770
f 6925 6473 6619
f 6926 6771 6473
f 6927 6620 6771
f 6927 6772 6620
f 6928 6661 6522
f 6929 6621 6772
f 6930 6622 6621
f 6931 6623 6622
f 6932 6773 6623
f 6933 6478 6773
f 6933 6626 6478
f 6774 6480 6625
f 6781 6484 6774
f 6934 6775 6626
f 6935 6776 6482
f 6777 6481 6776
f 6936 6625 6777
f 6778 6627 6775
f 6937 6482 6778
f 6782 6779 6486
f 6938 6483 6779
f 6938 6780 6483
f 6915 6327 6780
f 6939 6485 6781
f 6939 6629 6485
f 6940 6782 6629
f 6941 6630 6783
f 6942 6784 6630
f 6785 6488 6784
f 6786 6631 6785
f 6943 6489 6786
f 6944 6787 6489
f 6663 6632 6787
f 6945 6633 6665
f 6946 6634 6633
f 6947 6707 6634
f 6903 6788 6635
f 6636 6492 6788
f 6928 6522 6637
f 6948 6637 6789
f 6949 6790 6636
f 6791 6638 6790
f 6791 6639 6638
f 6789 6496 6791
f 6509 6792 6640
f 6950 6793 6641
f 6951 6497 6793
f 6952 6794 6497
f 6642 6342 6794
f 6953 6795 6642
f 6954 6498 6795
f 6954 6796 6498
f 6905 6643 6796
f 6678 6797 6504
f 6798 6501 6797
f 6955 6502 6798
f 6956 6646 6502
f 6956 6647 6646
f 6956 6649 6647
f 6957 6650 6649
f 6958 6677 6650
f 6959 6349 6677
f 6960 6799 6507
f 6696 6561 6799
f 6961 6800 6651
f 6962 6509 6800
f 6824 6801 6378
f 6802 6351 6801
f 6961 6651 6802
f 6924 6652 6618
f 6963 6682 6652
f 6964 6653 6758
f 6965 6654 6653
f 6655 6803 6654
f 6858 6529 6657
f 6393 6658 6695
f 6966 6804 6658
f 6967 6515 6804
f 6968 6805 6515
f 6969 6359 6805
f 6970 6660 6806
f 6971 6662 6661
f 6971 6807 6662
f 6808 6517 6807
f 6806 6518 6808
f 6972 6751 6663
f 6973 6664 6560
f 6974 6783 6664
f 6848 6665 6543
f 6540 6809 6521
f 6810 6666 6809
f 6811 6366 6810
f 6810 6667 6811
f 6975 6812 6667
f 6976 6368 6812
f 6813 6370 6742
f 6947 6670 6707
f 6977 6671 6670
f 6978 6814 6671
f 6815 6523 6814
f 6816 6672 6815
f 6817 6524 6816
f 6979 6641 6817
f 6980 6673 6655
f 6981 6818 6673
f 6819 6525 6818
f 6982 6674 6819
f 6983 6675 6674
f 6983 6820 6675
f 2034 6676 10469
f 6984 6821 6676
f 6984 6677 6821
f 6985 6678 6677
f 6199 6376 6648
f 6986 6680 6679
f 6853 6528 6822
f 6825 6823 6379
f 6825 6681 6823
f 6987 6824 6681
f 6988 6825 6682
f 6835 6391 6820
f 6826 6683 6529
f 6989 6530 6826
f 6990 6827 6530
f 6991 6684 6827
f 6992 6828 6684
f 6993 6531 6828
f 6994 6829 6531
f 6995 6685 6829
f 6891 6589 6685
f 6856 6563 6690
f 6830 6686 6724
f 6996 6533 6830
f 6997 6831 6688
f 6998 6534 6831
f 6998 6689 6534
f 6998 6832 6689
f 6833 6535 6832
f 6834 6536 6833
f 6999 6690 6834
f 7000 6537 6835
f 6860 6836 6419
f 7000 6837 6537
f 7001 6692 6837
f 7002 6693 6692
f 7003 6838 6395
f 6966 6393 6838
f 7004 6839 6696
f 7005 6540 6839
f 6848 6543 6697
f 6861 6840 6568
f 7006 6698 6840
f 7006 6546 6698
f 7007 6841 6546
f 7008 6699 6841
f 7008 6842 6699
f 7008 6700 6842
f 7009 6843 6700
f 6844 6701 6843
f 6703 6702 6844
f 7010 6845 6703
f 7011 6549 6845
f 7012 6704 6846
f 7012 6847 6704
f 6945 6404 6847
f 7013 6705 6549
f 7014 6706 6705
f 7015 6553 6706
f 7016 6846 6553
f 6945 6848 6404
f 6836 6849 6567
f 7017 6708 6849
f 6850 6557 6708
f 7018 6558 6850
f 6852 6559 6851
f 6986 6679 6852
f 6854 6413 6853
f 7019 6710 6854
f 7020 6855 6710
f 6973 6560 6855
f 6690 6564 6856
f 7021 6857 6564
f 7022 6711 6857
f 7023 6858 6711
f 6735 6859 6712
f 6860 6713 6859
f 6976 6861 6368
f 7024 6714 6715
f 7025 6728 6714
f 7026 6270 6862
f 7018 6863 6558
f 7028 6717 6863
f 7029 6864 6717
f 7030 6410 6864
f 7031 6865 6258
f 7032 6718 6865
f 7033 6866 6718
f 7034 6719 6866
f 7035 6720 6719
f 7035 6867 6720
f 7036 6573 6867
f 7036 6868 6573
f 6851 6709 6868
f 7037 6869 6578
f 7037 6721 6869
f 7038 6870 6721
f 7038 6576 6870
f 7038 6871 6576
f 6872 6723 6871
f 7039 6577 6872
f 7040 6724 6873
f 6969 6874 6119
f 6875 6725 6874
f 7037 6578 6875
f 6877 6876 6693
f 6877 6429 6876
f 7041 6726 6877
f 7041 6878 6726
f 7026 6879 6270
f 7026 6727 6879
f 7042 6880 6727
f 7024 6715 6880
f 7025 6737 6728
f 7043 6881 6584
f 6882 6582 6881
f 6883 6731 6882
f 6862 6583 6883
f 7027 6884 6571
f 7027 6584 6884
f 6885 6732 6878
f 7003 6395 6885
f 6887 6434 6886
f 7044 6734 6887
f 7045 6888 6734
f 6889 6585 6888
f 6859 6735 6889
f 7046 6736 6738
f 7046 6886 6736
f 7047 6890 6737
f 7046 6738 6890
f 6995 6739 6891
f 7048 6741 6892
f 6894 6893 6741
f 6894 6591 6893
f 7049 6592 6894
f 7050 6895 6592
f 7050 6742 6895
f 7051 6896 6743
f 6897 6444 6896
f 7052 6745 6897
f 7052 6898 6745
f 7053 6594 6898
f 7053 6892 6594
f 6962 6746 6792
f 7054 6899 6746
f 7055 6595 6899
f 7055 6900 6595
f 7051 6743 6900
f 7056 6901 6747
f 7057 6748 6901
f 7058 6902 6748
f 7059 6596 6902
f 7059 6903 6596
f 7056 6747 6904
f 7060 6598 6905
f 7061 6906 6598
f 7062 6599 6906
f 7062 6907 6599
f 7063 6750 6907
f 7064 6908 6750
f 6904 6452 6908
f 6972 6909 6751
f 6910 6602 6909
f 7065 6753 6910
f 7065 6911 6753
f 6457 6603 6911
f 6911 6912 6457
f 6913 6606 6912
f 7066 6754 6913
f 7067 6755 6754
f 7067 6914 6755
f 7068 6756 6915
f 7069 6757 6756
f 7069 6916 6757
f 6970 6917 6660
f 7070 6610 6917
f 7070 6760 6610
f 7071 6761 6760
f 7072 6762 6761
f 7073 6763 6762
f 7074 6918 6763
f 7075 6309 6918
f 7075 6919 6309
f 7076 6764 6919
f 6920 6614 6764
f 7077 6765 6920
f 7077 6921 6765
f 7078 6766 6921
f 7079 6922 6766
f 7080 6767 6922
f 7081 6768 6767
f 7081 6923 6768
f 6924 6769 6923
f 7082 6619 6914
f 7082 6925 6619
f 6926 6473 6925
f 6925 6771 6926
f 7083 6927 6771
f 7084 6772 6927
f 7085 6661 6928
f 7086 6929 6772
f 7087 6621 6929
f 7088 6930 6621
f 6931 6622 6930
f 6931 6932 6623
f 7089 6773 6932
f 7090 6933 6773
f 7090 6626 6933
f 6936 6774 6625
f 7091 6781 6774
f 7092 6934 6626
f 7093 6775 6934
f 6937 6935 6482
f 7094 6776 6935
f 7095 6777 6776
f 7096 6936 6777
f 7093 6778 6775
f 7097 6937 6778
f 7098 6779 6782
f 6780 6938 6779
f 7099 6915 6780
f 7100 6939 6781
f 7100 6629 6939
f 7100 6940 6629
f 6974 6941 6783
f 6942 6630 6941
f 6785 6784 6942
f 7101 6786 6785
f 7102 6943 6786
f 6944 6489 6943
f 6663 6787 6944
f 6848 6945 6665
f 6946 6633 6945
f 7012 6634 6946
f 7012 6947 6634
f 6949 6788 6903
f 6949 6636 6788
f 6948 6928 6637
f 7103 6948 6789
f 7104 6790 6949
f 7105 6791 6790
f 7106 6789 6791
f 7107 6950 6641
f 6951 6793 6950
f 6952 6497 6951
f 7108 6794 6952
f 7109 6642 6794
f 7109 6953 6642
f 6954 6795 6953
f 7110 6796 6954
f 7111 6905 6796
f 6749 6643 6905
f 7112 6797 6678
f 7112 6798 6797
f 7112 6955 6798
f 7113 6502 6955
f 7113 6956 6502
f 7113 6649 6956
f 7114 6957 6649
f 7115 6650 6957
f 7116 6958 6650
f 7116 6677 6958
f 6256 6959 6677
f 5849 6349 6959
f 6813 6960 6507
f 6696 6799 6960
f 7117 6800 6961
f 7117 6962 6800
f 6792 6509 6962
f 7118 6801 6824
f 7119 6802 6801
f 7120 6961 6802
f 7121 6652 6924
f 7121 6963 6652
f 7122 6682 6963
f 6916 6964 6758
f 6965 6653 6964
f 6655 6654 6965
f 7123 6529 6858
f 6966 6658 6393
f 6967 6804 6966
f 7124 6515 6967
f 7124 6968 6515
f 7124 6805 6968
f 7125 6969 6805
f 6119 6359 6969
f 7126 6970 6806
f 7127 6971 6661
f 7128 6807 6971
f 7126 6808 6807
f 6944 6972 6663
f 6974 6664 6973
f 7005 6809 6540
f 7005 6810 6809
f 7005 6667 6810
f 7129 6975 6667
f 7130 6812 6975
f 7131 6976 6812
f 7132 6813 6742
f 7133 6670 6947
f 7133 6977 6670
f 6978 6671 6977
f 7134 6814 6978
f 7135 6815 6814
f 7136 6816 6815
f 7136 6817 6816
f 7137 6979 6817
f 7107 6641 6979
f 6965 6980 6655
f 7138 6673 6980
f 7138 6981 6673
f 7139 6818 6981
f 6982 6819 6818
f 7140 6674 6982
f 7140 6983 6674
f 7000 6820 6983
f 7141 6676 2034
f 7141 6984 6676
f 7142 6677 6984
f 7143 6985 6677
f 7143 6678 6985
f 6822 6680 6986
f 7144 6853 6822
f 6988 6681 6825
f 7145 6987 6681
f 7118 6824 6987
f 7122 6988 6682
f 7000 6835 6820
f 7123 6826 6529
f 7123 6989 6826
f 7146 6530 6989
f 7147 6990 6530
f 7147 6827 6990
f 7148 6991 6827
f 6992 6684 6991
f 6993 6828 6992
f 6992 6531 6993
f 6992 6994 6531
f 7149 6829 6994
f 7149 6995 6829
f 6891 6685 6995
f 7040 6830 6724
f 7150 6996 6830
f 7151 6533 6996
f 7151 6997 6688
f 6998 6831 6997
f 7152 6832 6998
f 7153 6833 6832
f 7154 6834 6833
f 7155 6999 6834
f 6564 6690 6999
f 6849 6836 6860
f 7156 6837 7000
f 7156 7001 6837
f 6877 6692 7001
f 6877 7002 6692
f 6877 6693 7002
f 6885 6838 7003
f 6967 6966 6838
f 7157 7004 6696
f 7157 6839 7004
f 7158 7005 6839
f 7159 6840 6861
f 7159 7006 6840
f 7007 6546 7006
f 7160 6841 7007
f 7161 7008 6841
f 7162 6700 7008
f 7162 7009 6700
f 7163 6843 7009
f 7164 6844 6843
f 7010 6703 6844
f 7011 6845 7010
f 7013 6549 7011
f 7165 7012 6846
f 6946 6847 7012
f 6946 6945 6847
f 7014 6705 7013
f 7166 6706 7014
f 7167 7015 6706
f 7016 6553 7015
f 7168 6846 7016
f 7169 7017 6849
f 7170 6708 7017
f 7170 6850 6708
f 6863 7018 6850
f 7171 6852 6851
f 7172 6986 6852
f 7173 6854 6853
f 7174 7019 6854
f 7020 6710 7019
f 7175 6855 7020
f 6974 6973 6855
f 7176 7021 6564
f 7022 6857 7021
f 7177 6711 7022
f 7177 7023 6711
f 7177 6858 7023
f 7178 6860 6859
f 7159 6861 6976
f 7179 6714 7024
f 7180 7025 6714
f 7181 7026 6862
f 7183 7028 6863
f 7184 6717 7028
f 7184 7029 6717
f 7185 6864 7029
f 7186 7030 6864
f 6258 6410 7030
f 7030 7031 6258
f 7030 6865 7031
f 7186 7032 6865
f 7187 6718 7032
f 7187 7033 6718
f 7188 6866 7033
f 7188 7034 6866
f 7189 6719 7034
f 7190 7035 6719
f 7191 6867 7035
f 7192 7036 6867
f 6851 6868 7036
f 6875 6721 7037
f 6871 7038 6721
f 7193 6872 6871
f 7193 7039 6872
f 6873 6577 7039
f 7150 7040 6873
f 7194 6874 6969
f 7195 6875 6874
f 7196 7041 6877
f 7196 6878 7041
f 7042 6727 7026
f 7197 6880 7042
f 7197 7024 6880
f 7198 6737 7025
f 7027 7043 6584
f 7199 6881 7043
f 7200 6882 6881
f 7200 6883 6882
f 7181 6862 6883
f 7196 6885 6878
f 7201 6887 6886
f 7202 7044 6887
f 7203 6734 7044
f 7203 7045 6734
f 7204 6888 7045
f 7204 6889 6888
f 7205 6859 6889
f 7201 6886 7046
f 7206 7047 6737
f 7046 6890 7047
f 7207 6739 6995
f 7053 7048 6892
f 6894 6741 7048
f 7209 7049 6894
f 7210 6592 7049
f 7210 7050 6592
f 7211 6742 7050
f 7212 6896 7051
f 7212 6897 6896
f 7213 7052 6897
f 7214 6898 7052
f 7215 7053 6898
f 7054 6746 6962
f 7055 6899 7054
f 7216 6900 7055
f 7216 7051 6900
f 7057 6901 7056
f 7217 6748 7057
f 7217 7058 6748
f 7218 6902 7058
f 6903 7059 6902
f 6908 7056 6904
f 7219 7060 6905
f 7061 6598 7060
f 7220 6906 7061
f 7221 7062 6906
f 7222 6907 7062
f 7223 7063 6907
f 7064 6750 7063
f 7224 6908 7064
f 7225 6909 6972
f 7226 6910 6909
f 7227 7065 6910
f 6913 6911 7065
f 6913 6912 6911
f 7228 7066 6913
f 7229 6754 7066
f 7230 6914 7067
f 7099 7068 6915
f 7231 6756 7068
f 7231 7069 6756
f 6964 6916 7069
f 7232 6917 6970
f 7233 7070 6917
f 7071 6760 7070
f 7072 6761 7071
f 7234 6762 7072
f 7235 7073 6762
f 7074 6763 7073
f 7073 6918 7074
f 6919 7075 6918
f 7236 7076 6919
f 6920 6764 7076
f 7237 7077 6920
f 7238 6921 7077
f 7238 7078 6921
f 7079 6766 7078
f 7080 6922 7079
f 7081 6767 7080
f 7239 6923 7081
f 7240 6924 6923
f 7241 7082 6914
f 7242 6925 7082
f 7242 6771 6925
f 7242 7083 6771
f 7243 6927 7083
f 7244 7084 6927
f 7086 6772 7084
f 7103 7085 6928
f 7127 6661 7085
f 7087 6929 7086
f 7088 6621 7087
f 7245 6930 7088
f 7246 6931 6930
f 7247 6932 6931
f 7248 7089 6932
f 7090 6773 7089
f 7249 6626 7090
f 7096 6774 6936
f 7096 7091 6774
f 7100 6781 7091
f 7249 7092 6626
f 7250 6934 7092
f 7250 7093 6934
f 7251 6935 6937
f 7251 7094 6935
f 7094 7095 6776
f 7096 6777 7095
f 7093 7097 6778
f 7251 6937 7097
f 6940 7098 6782
f 7252 6779 7098
f 7253 6780 6779
f 7068 7099 6780
f 7254 6940 7100
f 7255 6941 6974
f 7255 6942 6941
f 7256 6785 6942
f 7257 7101 6785
f 7258 6786 7101
f 7259 7102 6786
f 6944 6943 7102
f 7260 6947 7012
f 7261 6949 6903
f 7103 6928 6948
f 7262 7103 6789
f 7261 7104 6949
f 7263 6790 7104
f 7263 7105 6790
f 7264 6791 7105
f 7265 7106 6791
f 7262 6789 7106
f 7266 6950 7107
f 7267 6951 6950
f 7268 6952 6951
f 7269 7108 6952
f 7109 6794 7108
f 7270 6953 7109
f 7271 6954 6953
f 7272 7110 6954
f 7273 6796 7110
f 7273 7111 6796
f 7219 6905 7111
f 7274 7112 6678
f 6957 6955 7112
f 7114 7113 6955
f 7114 6649 7113
f 6955 6957 7114
f 7112 7115 6957
f 7116 6650 7115
f 7275 6677 7116
f 10469 6256 6677
f 5563 6959 6256
f 7157 6696 6960
f 7276 7117 6961
f 7054 6962 7117
f 7277 6801 7118
f 7277 7119 6801
f 7278 6802 7119
f 7278 7120 6802
f 7276 6961 7120
f 7279 7121 6924
f 7279 6963 7121
f 7279 7122 6963
f 7280 6965 6964
f 7177 7123 6858
f 7281 7124 6967
f 7125 6805 7124
f 7194 6969 7125
f 6808 7126 6806
f 7128 6971 7127
f 7126 6807 7128
f 7282 6972 6944
f 7283 6667 7005
f 7283 7129 6667
f 7130 6975 7129
f 7131 6812 7130
f 7159 6976 7131
f 7284 7132 6742
f 7284 6813 7132
f 6977 7133 6947
f 7285 6978 6977
f 7285 7134 6978
f 7135 6814 7134
f 7136 6815 7135
f 7137 6817 7136
f 7286 6979 7137
f 7286 7107 6979
f 7280 6980 6965
f 6981 7138 6980
f 7287 7139 6981
f 6982 6818 7139
f 7288 7140 6982
f 7000 6983 7140
f 7289 7141 2034
f 7289 6984 7141
f 7289 7142 6984
f 7290 6677 7142
f 7275 7143 6677
f 7274 6678 7143
f 7291 6822 6986
f 7173 6853 7144
f 7292 6681 6988
f 7292 7145 6681
f 7293 6987 7145
f 7294 7118 6987
f 7145 6988 7122
f 7295 6989 7123
f 7295 7146 6989
f 7296 6530 7146
f 7296 7147 6530
f 7297 6827 7147
f 7297 7148 6827
f 7298 6991 7148
f 7299 6992 6991
f 7300 6994 6992
f 7300 7149 6994
f 7301 6995 7149
f 7150 6830 7040
f 7302 6996 7150
f 7303 7151 6996
f 6688 6533 7151
f 7303 6997 7151
f 7152 6998 6997
f 7304 6832 7152
f 7304 7153 6832
f 7305 6833 7153
f 7305 7154 6833
f 7155 6834 7154
f 7176 6999 7155
f 7176 6564 6999
f 7169 6849 6860
f 7306 7156 7000
f 7307 7001 7156
f 7308 6877 7001
f 7196 6838 6885
f 7309 6967 6838
f 7310 6839 7157
f 7311 7158 6839
f 7283 7005 7158
f 7131 7006 7159
f 7131 7007 7006
f 7312 7160 7007
f 7313 6841 7160
f 7314 7161 6841
f 7314 7008 7161
f 7315 7162 7008
f 7163 7009 7162
f 7316 6843 7163
f 7317 7164 6843
f 7010 6844 7164
f 7318 7011 7010
f 7318 7013 7011
f 7168 7165 6846
f 7260 7012 7165
f 7166 7014 7013
f 7319 6706 7166
f 7320 7167 6706
f 7320 7015 7167
f 7321 7016 7015
f 7322 7168 7016
f 7323 7017 7169
f 7323 7170 7017
f 7324 6850 7170
f 7325 6863 6850
f 7326 7171 6851
f 7172 6852 7171
f 7291 6986 7172
f 7327 6854 7173
f 7328 7019 7174
f 7175 7020 7019
f 7329 6855 7175
f 7330 6974 6855
f 7331 7021 7176
f 7332 7022 7021
f 7333 7177 7022
f 7334 7178 6859
f 7334 6860 7178
f 7180 7179 7024
f 7180 6714 7179
f 7198 7025 7180
f 7335 7026 7181
f 7043 7027 7182
f 7325 7183 6863
f 7336 7028 7183
f 7336 7184 7028
f 7337 7029 7184
f 7338 7185 7029
f 7186 6864 7185
f 6865 7030 7186
f 7339 7032 7186
f 7340 7187 7032
f 7188 7033 7187
f 7341 7034 7188
f 7341 7189 7034
f 7342 6719 7189
f 7029 7190 6719
f 7191 7035 7190
f 7343 6867 7191
f 7344 7192 6867
f 7345 7036 7192
f 7326 6851 7036
f 7346 6721 6875
f 7193 6871 6721
f 6873 7039 7193
f 7347 7150 6873
f 7195 6874 7194
f 7348 6875 7195
f 7308 7196 6877
f 7349 7042 7026
f 7350 7197 7042
f 7206 6737 7198
f 7351 7199 7043
f 7200 6881 7199
f 7352 6883 7200
f 7352 7181 6883
f 7202 6887 7201
f 7353 7044 7202
f 7354 7203 7044
f 7354 7045 7203
f 7205 7204 7045
f 7205 6889 7204
f 7355 6859 7205
f 7047 7201 7046
f 7356 7047 7206
f 7301 7207 6995
f 7357 6739 7207
f 7357 7208 6739
f 7215 7048 7053
f 7358 6894 7048
f 7359 7209 6894
f 7210 7049 7209
f 7360 7050 7210
f 7361 7211 7050
f 7284 6742 7211
f 7216 7212 7051
f 7362 6897 7212
f 7362 7213 6897
f 7214 7052 7213
f 7215 6898 7214
f 7363 7055 7054
f 7363 7216 7055
f 7364 7057 7056
f 7365 7217 7057
f 7218 7058 7217
f 7366 6902 7218
f 7261 6903 6902
f 7364 7056 6908
f 7367 7060 7219
f 7367 7061 7060
f 7367 7220 7061
f 7368 6906 7220
f 7369 7221 6906
f 7222 7062 7221
f 7223 6907 7222
f 7222 7063 7223
f 7370 7064 7063
f 7371 7224 7064
f 7364 6908 7224
f 7372 7225 6972
f 7226 6909 7225
f 7373 6910 7226
f 7373 7227 6910
f 7228 7065 7227
f 7228 6913 7065
f 7374 7066 7228
f 7230 7229 7066
f 7067 6754 7229
f 7229 7230 7067
f 7375 6914 7230
f 7376 7231 7068
f 6964 7069 7231
f 7126 7232 6970
f 7233 6917 7232
f 7377 7070 7233
f 7377 7071 7070
f 7378 7072 7071
f 7378 7234 7072
f 7379 6762 7234
f 7379 7235 6762
f 7380 7073 7235
f 7236 6918 7073
f 7236 6919 6918
f 7381 7076 7236
f 7237 6920 7076
f 7382 7077 7237
f 7383 7238 7077
f 7384 7078 7238
f 7385 7079 7078
f 7385 7080 7079
f 7386 7081 7080
f 7386 7239 7081
f 7240 6923 7239
f 7387 6924 7240
f 7388 7241 6914
f 7388 7082 7241
f 7389 7242 7082
f 7390 7083 7242
f 7391 7243 7083
f 7244 6927 7243
f 7392 7084 7244
f 7087 7086 7084
f 7393 7085 7103
f 7394 7127 7085
f 7245 7088 7087
f 7246 6930 7245
f 7246 7247 6931
f 7248 6932 7247
f 7395 7089 7248
f 7395 7090 7089
f 7092 7249 7090
f 7396 7091 7096
f 7397 7100 7091
f 7398 7250 7092
f 7097 7093 7250
f 7399 7094 7251
f 7399 7095 7094
f 7396 7096 7095
f 7400 7251 7097
f 7397 7098 6940
f 7401 7252 7098
f 7253 6779 7252
f 7252 6780 7253
f 7402 7068 6780
f 7397 7254 7100
f 7397 6940 7254
f 7330 7255 6974
f 7403 6942 7255
f 7404 7256 6942
f 7404 6785 7256
f 7404 7257 6785
f 7258 7101 7257
f 7405 6786 7258
f 7405 7259 6786
f 7406 7102 7259
f 7407 6944 7102
f 7408 6947 7260
f 7409 7103 7262
f 7410 7104 7261
f 7411 7263 7104
f 7411 7105 7263
f 7411 7264 7105
f 7265 6791 7264
f 7412 7106 7265
f 7412 7262 7106
f 7286 7266 7107
f 7413 6950 7266
f 7414 7267 6950
f 7268 6951 7267
f 7415 6952 7268
f 7415 7269 6952
f 7416 7108 7269
f 7417 7109 7108
f 7417 7270 7109
f 7271 6953 7270
f 7272 6954 7271
f 7273 7110 7272
f 7418 7111 7273
f 7419 7219 7111
f 7115 7112 7274
f 7143 7116 7115
f 7143 7275 7116
f 7290 10469 6677
f 7310 7157 6960
f 7420 7117 7276
f 7420 7054 7117
f 7119 7277 7118
f 7421 7278 7119
f 7422 7120 7278
f 7423 7276 7120
f 7387 7279 6924
f 7145 7122 7279
f 7424 7280 6964
f 7333 7123 7177
f 7309 7281 6967
f 7425 7124 7281
f 7426 7125 7124
f 7195 7194 7125
f 7427 7128 7127
f 7232 7126 7128
f 7407 7282 6944
f 7372 6972 7282
f 7158 7129 7283
f 7428 7130 7129
f 7429 7131 7130
f 7430 6813 7284
f 7431 6977 6947
f 7431 7285 6977
f 7432 7134 7285
f 7433 7135 7134
f 7434 7136 7135
f 7286 7137 7136
f 7435 6980 7280
f 7435 6981 6980
f 7436 7287 6981
f 7437 7139 7287
f 7438 6982 7139
f 7438 7288 6982
f 7000 7140 7288
f 7290 7289 2034
f 7290 7142 7289
f 7115 7274 7143
f 7144 6822 7291
f 7439 7173 7144
f 7145 7292 6988
f 7440 7293 7145
f 7441 6987 7293
f 7442 7294 6987
f 7443 7118 7294
f 7333 7295 7123
f 7444 7146 7295
f 7444 7296 7146
f 7297 7147 7296
f 7445 7148 7297
f 7446 7298 7148
f 7299 6991 7298
f 7298 6992 7299
f 7447 7300 6992
f 7448 7149 7300
f 7449 7301 7149
f 7450 7302 7150
f 7451 6996 7302
f 7451 7303 6996
f 7452 6997 7303
f 7304 7152 6997
f 7453 7153 7304
f 7454 7305 7153
f 7155 7154 7305
f 7331 7176 7155
f 7455 7169 6860
f 7288 7306 7000
f 7307 7156 7306
f 7308 7001 7307
f 7456 6838 7196
f 7456 7309 6838
f 7457 6839 7310
f 7458 7311 6839
f 7459 7158 7311
f 7312 7007 7131
f 7460 7160 7312
f 7461 7313 7160
f 7462 6841 7313
f 7462 7314 6841
f 7463 7008 7314
f 7463 7315 7008
f 7464 7162 7315
f 7465 7163 7162
f 7466 7316 7163
f 7317 6843 7316
f 7010 7164 7317
f 7467 7318 7010
f 7468 7013 7318
f 7322 7165 7168
f 7469 7260 7165
f 7470 7166 7013
f 7471 7319 7166
f 7320 6706 7319
f 7472 7015 7320
f 7472 7321 7015
f 7473 7016 7321
f 7474 7322 7016
f 7475 7323 7169
f 7324 7170 7323
f 7476 6850 7324
f 7476 7325 6850
f 7172 7171 7326
f 7477 7291 7172
f 7174 6854 7327
f 7327 7328 7174
f 7478 7019 7328
f 7478 7175 7019
f 7479 7329 7175
f 7330 6855 7329
f 7332 7021 7331
f 7480 7022 7332
f 7481 7333 7022
f 7355 7334 6859
f 7455 6860 7334
f 7482 7180 7024
f 7483 7198 7180
f 7484 7335 7181
f 7485 7026 7335
f 7351 7043 7182
f 7487 7183 7325
f 7488 7336 7183
f 7337 7184 7336
f 7190 7029 7337
f 7489 7338 7029
f 7186 7185 7338
f 7490 7339 7186
f 7491 7032 7339
f 7492 7340 7032
f 7188 7187 7340
f 7493 7341 7188
f 7494 7189 7341
f 7495 7342 7189
f 7496 6719 7342
f 7497 7191 7190
f 7497 7343 7191
f 7344 6867 7343
f 7498 7192 7344
f 7498 7345 7192
f 7499 7036 7345
f 7499 7326 7036
f 7500 7346 6875
f 7193 6721 7346
f 7501 6873 7193
f 7501 7347 6873
f 7502 7150 7347
f 7503 7348 7195
f 7500 6875 7348
f 7504 7196 7308
f 7485 7349 7026
f 7505 7042 7349
f 7505 7350 7042
f 7506 7197 7350
f 7483 7206 7198
f 7507 7199 7351
f 7508 7200 7199
f 7508 7352 7200
f 7509 7181 7352
f 7356 7202 7201
f 7356 7353 7202
f 7354 7044 7353
f 7510 7045 7354
f 7511 7205 7045
f 7511 7355 7205
f 7356 7201 7047
f 7512 7356 7206
f 7357 7207 7301
f 7358 7048 7215
f 7513 6894 7358
f 7513 7359 6894
f 7514 7209 7359
f 7360 7210 7209
f 7361 7050 7360
f 7515 7211 7361
f 7516 7284 7211
f 7517 7212 7216
f 7518 7362 7212
f 7519 7213 7362
f 7520 7214 7213
f 7521 7215 7214
f 7420 7363 7054
f 7517 7216 7363
f 7224 7057 7364
f 7522 7365 7057
f 7523 7217 7365
f 7523 7218 7217
f 7410 7366 7218
f 7261 6902 7366
f 7524 7367 7219
f 7525 7220 7367
f 7525 7368 7220
f 7369 6906 7368
f 7526 7221 7369
f 7526 7222 7221
f 7527 7063 7222
f 7528 7370 7063
f 7371 7064 7370
f 7522 7224 7371
f 7529 7225 7372
f 7530 7226 7225
f 7530 7227 7373
f 7374 7228 7227
f 7230 7066 7374
f 7531 7375 7230
f 7532 6914 7375
f 7533 7376 7068
f 7534 7231 7376
f 7535 6964 7231
f 7536 7233 7232
f 7537 7377 7233
f 7378 7071 7377
f 7379 7234 7378
f 7538 7235 7379
f 7539 7380 7235
f 7540 7073 7380
f 7541 7236 7073
f 7541 7381 7236
f 7237 7076 7381
f 7381 7382 7237
f 7383 7077 7382
f 7542 7238 7383
f 7542 7384 7238
f 7385 7078 7384
f 7543 7080 7385
f 7544 7386 7080
f 7545 7239 7386
f 7545 7240 7239
f 7546 7387 7240
f 7547 7388 6914
f 7389 7082 7388
f 7390 7242 7389
f 7391 7083 7390
f 7548 7243 7391
f 7548 7244 7243
f 7549 7392 7244
f 7087 7084 7392
f 7409 7393 7103
f 7394 7085 7393
f 7427 7127 7394
f 7550 7245 7087
f 7247 7246 7245
f 7245 7248 7247
f 7551 7395 7248
f 7552 7090 7395
f 7553 7092 7090
f 7397 7091 7396
f 7554 7398 7092
f 7555 7250 7398
f 7555 7097 7250
f 7556 7399 7251
f 7557 7095 7399
f 7558 7396 7095
f 7559 7400 7097
f 7559 7251 7400
f 7560 7098 7397
f 7561 7401 7098
f 7562 7252 7401
f 7402 6780 7252
f 7533 7068 7402
f 7329 7255 7330
f 7563 7403 7255
f 7564 6942 7403
f 7564 7404 6942
f 7565 7257 7404
f 7566 7258 7257
f 7567 7405 7258
f 7568 7259 7405
f 7568 7406 7259
f 7372 7102 7406
f 7282 7407 7102
f 7469 7408 7260
f 7431 6947 7408
f 7569 7409 7262
f 7366 7410 7261
f 7570 7104 7410
f 7571 7411 7104
f 7572 7264 7411
f 7572 7265 7264
f 7572 7412 7265
f 7573 7262 7412
f 7574 7266 7286
f 7575 7413 7266
f 7414 6950 7413
f 7268 7267 7414
f 7576 7415 7268
f 7577 7269 7415
f 7577 7416 7269
f 7417 7108 7416
f 7578 7270 7417
f 7579 7271 7270
f 7580 7272 7271
f 7580 7273 7272
f 7580 7418 7273
f 7419 7111 7418
f 7524 7219 7419
f 7581 7310 6960
f 7582 7420 7276
f 7421 7119 7118
f 7583 7278 7421
f 7583 7422 7278
f 7584 7120 7422
f 7584 7423 7120
f 7584 7276 7423
f 7585 7279 7387
f 7586 7145 7279
f 7535 7424 6964
f 7587 7280 7424
f 7588 7281 7309
f 7589 7425 7281
f 7590 7124 7425
f 7590 7426 7124
f 7591 7125 7426
f 7503 7195 7125
f 7232 7128 7427
f 7102 7372 7282
f 7459 7129 7158
f 7592 7428 7129
f 7593 7130 7428
f 7593 7429 7130
f 7312 7131 7429
f 7516 7430 7284
f 7594 6813 7430
f 7595 7285 7431
f 7595 7432 7285
f 7433 7134 7432
f 7434 7135 7433
f 7574 7136 7434
f 7574 7286 7136
f 7587 7435 7280
f 7436 6981 7435
f 7596 7287 7436
f 7597 7437 7287
f 7598 7139 7437
f 7598 7438 7139
f 7306 7288 7438
f 7599 7144 7291
f 7327 7173 7439
f 7586 7440 7145
f 7600 7293 7440
f 7601 7441 7293
f 7442 6987 7441
f 7441 7294 7442
f 7602 7443 7294
f 7421 7118 7443
f 7603 7295 7333
f 7604 7296 7444
f 7445 7297 7296
f 7605 7148 7445
f 7605 7446 7148
f 7606 7298 7446
f 7607 6992 7298
f 7607 7447 6992
f 7607 7300 7447
f 7608 7448 7300
f 7609 7149 7448
f 7610 7449 7149
f 7357 7301 7449
f 7502 7450 7150
f 7611 7302 7450
f 7612 7451 7302
f 7452 7303 7451
f 7304 6997 7452
f 7613 7453 7304
f 7614 7153 7453
f 7615 7305 7454
f 7331 7155 7305
f 7475 7169 7455
f 7308 7307 7306
f 7504 7456 7196
f 7588 7309 7456
f 7616 7457 7310
f 7458 6839 7457
f 7457 7311 7458
f 7617 7459 7311
f 7618 7460 7312
f 7461 7160 7460
f 7619 7313 7461
f 7619 7462 7313
f 7463 7314 7462
f 7464 7315 7463
f 7620 7162 7464
f 7620 7465 7162
f 7621 7163 7465
f 7622 7466 7163
f 7317 7316 7466
f 7467 7010 7317
f 7623 7318 7467
f 7624 7468 7318
f 7470 7013 7468
f 7469 7165 7322
f 7625 7166 7470
f 7625 7471 7166
f 7320 7319 7471
f 7471 7472 7320
f 7626 7321 7472
f 7627 7473 7321
f 7474 7016 7473
f 7469 7322 7474
f 7628 7323 7475
f 7629 7324 7323
f 7629 7476 7324
f 7630 7325 7476
f 7631 7172 7326
f 7631 7477 7172
f 7599 7291 7477
f 7632 7328 7327
f 7175 7478 7328
f 7633 7479 7175
f 7563 7329 7479
f 7305 7332 7331
f 7634 7480 7332
f 7635 7022 7480
f 7636 7481 7022
f 7637 7333 7481
f 7638 7334 7355
f 7638 7455 7334
f 7197 7482 7024
f 7639 7483 7180
f 7640 7484 7181
f 7641 7335 7484
f 7642 7485 7335
f 7644 7182 7486
f 7644 7351 7182
f 7645 7487 7325
f 7646 7183 7487
f 7646 7488 7183
f 7337 7336 7488
f 7647 7190 7337
f 7496 7489 7029
f 7490 7338 7489
f 7490 7186 7338
f 7648 7339 7490
f 7492 7491 7339
f 7492 7032 7491
f 7649 7340 7492
f 7650 7188 7340
f 7651 7493 7188
f 7652 7341 7493
f 7495 7494 7341
f 7495 7189 7494
f 7653 7342 7495
f 7653 7496 7342
f 7029 6719 7496
f 7647 7497 7190
f 7654 7343 7497
f 7655 7344 7343
f 7655 7498 7344
f 7499 7345 7498
f 7656 7326 7499
f 7657 7346 7500
f 7657 7193 7346
f 7657 7501 7193
f 7658 7347 7501
f 7659 7502 7347
f 7660 7348 7503
f 7658 7500 7348
f 7661 7504 7308
f 7505 7349 7485
f 7662 7350 7505
f 7662 7506 7350
f 7663 7206 7483
f 7664 7507 7351
f 7508 7199 7507
f 7509 7352 7508
f 7640 7181 7509
f 7512 7353 7356
f 7512 7354 7353
f 7665 7510 7354
f 7666 7045 7510
f 7638 7511 7045
f 7638 7355 7511
f 7663 7512 7206
f 7521 7358 7215
f 7521 7513 7358
f 7667 7359 7513
f 7668 7514 7359
f 7669 7209 7514
f 7670 7360 7209
f 7670 7361 7360
f 7671 7515 7361
f 7516 7211 7515
f 7518 7212 7517
f 7517 7362 7518
f 7672 7519 7362
f 7673 7213 7519
f 7521 7214 7520
f 7582 7363 7420
f 7582 7517 7363
f 7522 7057 7224
f 7523 7365 7522
f 7674 7218 7523
f 7570 7410 7218
f 7525 7367 7524
f 7675 7368 7525
f 7676 7369 7368
f 7677 7526 7369
f 7678 7222 7526
f 7678 7527 7222
f 7679 7063 7527
f 7679 7528 7063
f 7680 7370 7528
f 7681 7371 7370
f 7682 7522 7371
f 7406 7529 7372
f 7683 7225 7529
f 7373 7226 7530
f 7684 7227 7530
f 7685 7374 7227
f 7686 7230 7374
f 7687 7375 7531
f 7688 7532 7375
f 7689 6914 7532
f 7690 7376 7533
f 7587 7534 7376
f 7535 7231 7534
f 7691 7536 7232
f 7537 7233 7536
f 7692 7377 7537
f 7692 7378 7377
f 7693 7379 7378
f 7694 7538 7379
f 7539 7235 7538
f 7695 7380 7539
f 7696 7540 7380
f 7541 7073 7540
f 7697 7381 7541
f 7697 7382 7381
f 7698 7383 7382
f 7699 7542 7383
f 7700 7384 7542
f 7701 7385 7384
f 7544 7543 7385
f 7544 7080 7543
f 7545 7386 7544
f 7702 7240 7545
f 7702 7546 7240
f 7703 7387 7546
f 7704 7547 6914
f 7704 7388 7547
f 7705 7389 7388
f 7706 7390 7389
f 7707 7391 7390
f 7708 7548 7391
f 7709 7244 7548
f 7710 7549 7244
f 7550 7392 7549
f 7550 7087 7392
f 7711 7393 7409
f 7712 7394 7393
f 7691 7427 7394
f 7713 7245 7550
f 7714 7248 7245
f 7715 7551 7248
f 7715 7395 7551
f 7715 7552 7395
f 7716 7090 7552
f 7716 7553 7090
f 7717 7092 7553
f 7718 7397 7396
f 7717 7554 7092
f 7719 7398 7554
f 7719 7555 7398
f 7559 7097 7555
f 7720 7556 7251
f 7721 7399 7556
f 7722 7557 7399
f 7558 7095 7557
f 7723 7396 7558
f 7724 7251 7559
f 7561 7560 7397
f 7561 7098 7560
f 7725 7401 7561
f 7726 7562 7401
f 7727 7252 7562
f 7533 7402 7252
f 7563 7255 7329
f 7479 7403 7563
f 7728 7564 7403
f 7729 7404 7564
f 7729 7565 7404
f 7730 7257 7565
f 7730 7566 7257
f 7731 7258 7566
f 7732 7567 7258
f 7568 7405 7567
f 7567 7406 7568
f 7733 7408 7469
f 7734 7431 7408
f 7573 7569 7262
f 7711 7409 7569
f 7571 7104 7570
f 7572 7411 7571
f 7573 7412 7572
f 7575 7266 7574
f 7414 7413 7575
f 7735 7268 7414
f 7735 7576 7268
f 7736 7415 7576
f 7737 7577 7415
f 7738 7416 7577
f 7739 7417 7416
f 7739 7578 7417
f 7579 7270 7578
f 7580 7271 7579
f 7740 7418 7580
f 7741 7419 7418
f 7742 7524 7419
f 7743 7581 6960
f 7616 7310 7581
f 7744 7582 7276
f 7745 7583 7421
f 7746 7422 7583
f 7744 7584 7422
f 7744 7276 7584
f 7747 7585 7387
f 7586 7279 7585
f 7534 7424 7535
f 7534 7587 7424
f 7748 7281 7588
f 7748 7589 7281
f 7748 7425 7589
f 7749 7590 7425
f 7750 7426 7590
f 7750 7591 7426
f 7751 7125 7591
f 7660 7503 7125
f 7752 7129 7459
f 7752 7592 7129
f 7752 7428 7592
f 7753 7593 7428
f 7754 7429 7593
f 7755 7312 7429
f 7594 7430 7516
f 7734 7595 7431
f 7756 7432 7595
f 7757 7433 7432
f 7758 7434 7433
f 7759 7574 7434
f 7760 7435 7587
f 7596 7436 7435
f 7761 7287 7596
f 7762 7597 7287
f 7598 7437 7597
f 7763 7438 7598
f 7764 7306 7438
f 7439 7144 7599
f 7765 7327 7439
f 7747 7440 7586
f 7747 7600 7440
f 7601 7293 7600
f 7294 7441 7601
f 7766 7602 7294
f 7745 7443 7602
f 7745 7421 7443
f 7637 7603 7333
f 7444 7295 7603
f 7637 7604 7444
f 7445 7296 7604
f 7767 7605 7445
f 7768 7446 7605
f 7769 7298 7606
f 7608 7607 7298
f 7608 7300 7607
f 7609 7448 7608
f 7610 7149 7609
f 7770 7449 7610
f 7612 7450 7502
f 7612 7611 7450
f 7612 7302 7611
f 7771 7451 7612
f 7613 7452 7451
f 7613 7304 7452
f 7614 7453 7613
f 7615 7153 7614
f 7772 7305 7615
f 7638 7475 7455
f 7661 7308 7306
f 7748 7456 7504
f 7748 7588 7456
f 7773 7457 7616
f 7773 7311 7457
f 7774 7617 7311
f 7752 7459 7617
f 7775 7618 7312
f 7776 7460 7618
f 7776 7461 7460
f 7777 7619 7461
f 7463 7462 7619
f 7620 7464 7463
f 7621 7465 7620
f 7778 7163 7621
f 7778 7622 7163
f 7779 7466 7622
f 7780 7317 7466
f 7623 7467 7317
f 7624 7318 7623
f 7781 7468 7624
f 7781 7470 7468
f 7782 7625 7470
f 7626 7471 7625
f 7783 7472 7471
f 7783 7626 7472
f 7627 7321 7626
f 7784 7473 7627
f 7784 7474 7473
f 7733 7469 7474
f 7638 7628 7475
f 7629 7323 7628
f 7630 7476 7629
f 7645 7325 7630
f 7785 7631 7326
f 7599 7477 7631
f 7786 7328 7632
f 7787 7175 7328
f 7787 7633 7175
f 7788 7479 7633
f 7789 7332 7305
f 7789 7634 7332
f 7635 7480 7634
f 7636 7022 7635
f 7790 7481 7636
f 7791 7637 7481
f 7506 7482 7197
f 7792 7639 7180
f 7792 7483 7639
f 7641 7484 7640
f 7793 7335 7641
f 7794 7642 7335
f 7795 7485 7642
f 7796 7486 7643
f 7351 7644 7486
f 7797 7487 7645
f 7798 7646 7487
f 7799 7488 7646
f 7647 7337 7488
f 7652 7489 7496
f 7652 7490 7489
f 7652 7648 7490
f 7492 7339 7648
f 7648 7649 7492
f 7800 7340 7649
f 7651 7650 7340
f 7651 7188 7650
f 7800 7493 7651
f 7648 7652 7493
f 7495 7341 7652
f 7496 7653 7495
f 7801 7497 7647
f 7801 7654 7497
f 7655 7343 7654
f 7802 7498 7655
f 7803 7499 7498
f 7803 7656 7499
f 7785 7326 7656
f 7501 7657 7500
f 7500 7658 7501
f 7804 7347 7658
f 7805 7659 7347
f 7806 7502 7659
f 7807 7348 7660
f 7808 7658 7348
f 7306 7504 7661
f 7809 7505 7485
f 7810 7662 7505
f 7811 7506 7662
f 7812 7663 7483
f 7486 7664 7351
f 7640 7507 7664
f 7640 7508 7507
f 7640 7509 7508
f 7813 7354 7512
f 7813 7665 7354
f 7666 7510 7665
f 7638 7045 7666
f 7813 7512 7663
f 7668 7513 7521
f 7668 7667 7513
f 7668 7359 7667
f 7814 7514 7668
f 7815 7669 7514
f 7670 7209 7669
f 7594 7361 7670
f 7594 7671 7361
f 7516 7515 7671
f 7672 7362 7517
f 7816 7519 7672
f 7816 7673 7519
f 7520 7213 7673
f 7814 7521 7520
f 7817 7517 7582
f 7682 7523 7522
f 7818 7674 7523
f 7570 7218 7674
f 7742 7525 7524
f 7742 7675 7525
f 7819 7368 7675
f 7819 7676 7368
f 7820 7369 7676
f 7821 7677 7369
f 7821 7526 7677
f 7527 7678 7526
f 7528 7679 7527
f 7822 7680 7528
f 7681 7370 7680
f 7680 7371 7681
f 7680 7682 7371
f 7823 7529 7406
f 7824 7683 7529
f 7530 7225 7683
f 7824 7684 7530
f 7685 7227 7684
f 7686 7374 7685
f 7531 7230 7686
f 7825 7687 7531
f 7826 7375 7687
f 7689 7532 7688
f 7704 6914 7689
f 7827 7690 7533
f 7587 7376 7690
f 7427 7691 7232
f 7828 7536 7691
f 7828 7537 7536
f 7829 7692 7537
f 7693 7378 7692
f 7830 7379 7693
f 7830 7694 7379
f 7539 7538 7694
f 7831 7695 7539
f 7832 7380 7695
f 7832 7696 7380
f 7833 7540 7696
f 7834 7541 7540
f 7834 7697 7541
f 7697 7698 7382
f 7699 7383 7698
f 7835 7542 7699
f 7835 7700 7542
f 7701 7384 7700
f 7836 7385 7701
f 7837 7544 7385
f 7837 7545 7544
f 7838 7702 7545
f 7703 7546 7702
f 7839 7387 7703
f 7705 7388 7704
f 7706 7389 7705
f 7707 7390 7706
f 7708 7391 7707
f 7709 7548 7708
f 7840 7244 7709
f 7840 7710 7244
f 7841 7549 7710
f 7841 7550 7549
f 7842 7393 7711
f 7842 7712 7393
f 7691 7394 7712
f 7841 7713 7550
f 7843 7245 7713
f 7843 7714 7245
f 7843 7248 7714
f 7844 7715 7248
f 7845 7552 7715
f 7846 7716 7552
f 7717 7553 7716
f 7723 7718 7396
f 7847 7397 7718
f 7848 7554 7717
f 7848 7719 7554
f 7559 7555 7719
f 7724 7720 7251
f 7721 7556 7720
f 7849 7399 7721
f 7849 7722 7399
f 7718 7557 7722
f 7723 7558 7557
f 7850 7724 7559
f 7847 7561 7397
f 7851 7725 7561
f 7852 7401 7725
f 7852 7726 7401
f 7727 7562 7726
f 7533 7252 7727
f 7728 7403 7479
f 7853 7564 7728
f 7853 7729 7564
f 7854 7565 7729
f 7855 7730 7565
f 7731 7566 7730
f 7856 7258 7731
f 7857 7732 7258
f 7858 7567 7732
f 7823 7406 7567
f 7859 7408 7733
f 7711 7569 7573
f 7860 7571 7570
f 7861 7572 7571
f 7711 7573 7572
f 7759 7575 7574
f 7862 7414 7575
f 7863 7735 7414
f 7736 7576 7735
f 7864 7415 7736
f 7864 7737 7415
f 7865 7577 7737
f 7865 7738 7577
f 7739 7416 7738
f 7866 7578 7739
f 7867 7579 7578
f 7868 7580 7579
f 7868 7740 7580
f 7869 7418 7740
f 7869 7741 7418
f 7870 7419 7741
f 7870 7742 7419
f 7594 7743 6960
f 7871 7581 7743
f 7871 7616 7581
f 7817 7582 7744
f 7872 7583 7745
f 7872 7746 7583
f 7873 7422 7746
f 7874 7744 7422
f 7839 7747 7387
f 7586 7585 7747
f 7504 7425 7748
f 7875 7749 7425
f 7876 7590 7749
f 7877 7750 7590
f 7877 7591 7750
f 7660 7751 7591
f 7660 7125 7751
f 7878 7428 7752
f 7879 7753 7428
f 7754 7593 7753
f 7880 7429 7754
f 7880 7755 7429
f 7671 7594 7516
f 7881 7595 7734
f 7881 7756 7595
f 7757 7432 7756
f 7758 7433 7757
f 7882 7434 7758
f 7883 7759 7434
f 7884 7760 7587
f 7885 7435 7760
f 7885 7596 7435
f 7886 7761 7596
f 7887 7287 7761
f 7887 7762 7287
f 7598 7597 7762
f 7762 7763 7598
f 7888 7438 7763
f 7888 7764 7438
f 7504 7306 7764
f 7889 7439 7599
f 7632 7327 7765
f 7890 7600 7747
f 7766 7601 7600
f 7891 7294 7601
f 7891 7766 7294
f 7892 7602 7766
f 7893 7745 7602
f 7444 7603 7637
f 7894 7604 7637
f 7767 7445 7604
f 7768 7605 7767
f 7606 7446 7768
f 7895 7769 7606
f 7896 7298 7769
f 7897 7608 7298
f 7898 7609 7608
f 7899 7610 7609
f 7900 7612 7502
f 7901 7771 7612
f 7614 7451 7771
f 7614 7613 7451
f 7772 7615 7614
f 7454 7153 7615
f 7902 7305 7772
f 7903 7773 7616
f 7904 7311 7773
f 7905 7774 7311
f 7752 7617 7774
f 7755 7775 7312
f 7776 7618 7775
f 7906 7461 7776
f 7906 7777 7461
f 7463 7619 7777
f 7907 7620 7463
f 7778 7621 7620
f 7779 7622 7778
f 7908 7466 7779
f 7909 7780 7466
f 7623 7317 7780
f 7910 7624 7623
f 7910 7781 7624
f 7911 7470 7781
f 7911 7782 7470
f 7912 7625 7782
f 7912 7626 7625
f 7783 7471 7626
f 7913 7627 7626
f 7914 7784 7627
f 7915 7474 7784
f 7916 7733 7474
f 7917 7628 7638
f 7630 7629 7628
f 7918 7645 7630
f 7919 7631 7785
f 7889 7599 7631
f 7765 7786 7632
f 7787 7328 7786
f 7920 7633 7787
f 7921 7788 7633
f 7728 7479 7788
f 7902 7789 7305
f 7922 7634 7789
f 7636 7635 7634
f 7923 7790 7636
f 7791 7481 7790
f 7924 7637 7791
f 7925 7792 7180
f 7926 7483 7792
f 7793 7641 7640
f 7794 7335 7793
f 7927 7642 7794
f 7927 7795 7642
f 7928 7485 7795
f 7929 7486 7796
f 7918 7797 7645
f 7930 7487 7797
f 7931 7798 7487
f 7932 7799 7646
f 7647 7488 7799
f 7933 7652 7496
f 7800 7649 7648
f 7651 7340 7800
f 7934 7493 7800
f 7934 7648 7493
f 7933 7495 7652
f 7933 7496 7495
f 7799 7801 7647
f 7799 7654 7801
f 7935 7655 7654
f 7936 7802 7655
f 7937 7498 7802
f 7938 7803 7498
f 7785 7656 7803
f 7939 7804 7658
f 7939 7347 7804
f 7940 7805 7347
f 7806 7659 7805
f 7900 7502 7806
f 7941 7807 7660
f 7808 7348 7807
f 7941 7658 7808
f 7928 7809 7485
f 7942 7505 7809
f 7943 7810 7505
f 7944 7662 7810
f 7944 7811 7662
f 7482 7506 7811
f 7926 7812 7483
f 7945 7663 7812
f 7946 7664 7486
f 7946 7640 7664
f 7947 7665 7813
f 7948 7666 7665
f 7949 7638 7666
f 7950 7813 7663
f 7814 7668 7521
f 7951 7514 7814
f 7951 7815 7514
f 7670 7669 7815
f 7952 7594 7670
f 7817 7672 7517
f 7817 7816 7672
f 7814 7673 7816
f 7814 7520 7673
f 7953 7523 7682
f 7953 7818 7523
f 7953 7674 7818
f 7860 7570 7674
f 7954 7675 7742
f 7954 7819 7675
f 7955 7676 7819
f 7956 7820 7676
f 7957 7369 7820
f 7957 7821 7369
f 7958 7526 7821
f 7959 7527 7526
f 7960 7528 7527
f 7961 7822 7528
f 7962 7680 7822
f 7963 7682 7680
f 7824 7529 7823
f 7530 7683 7824
f 7964 7684 7824
f 7964 7685 7684
f 7964 7686 7685
f 7965 7531 7686
f 7966 7825 7531
f 7826 7687 7825
f 7688 7375 7826
f 7704 7689 7688
f 7727 7827 7533
f 7967 7690 7827
f 7967 7587 7690
f 7968 7828 7691
f 7829 7537 7828
f 7830 7692 7829
f 7830 7693 7692
f 7969 7694 7830
f 7970 7539 7694
f 7970 7831 7539
f 7971 7695 7831
f 7696 7832 7695
f 7972 7833 7696
f 7973 7540 7833
f 7974 7834 7540
f 7974 7697 7834
f 7975 7698 7697
f 7976 7699 7698
f 7977 7835 7699
f 7978 7700 7835
f 7979 7701 7700
f 7837 7836 7701
f 7837 7385 7836
f 7980 7545 7837
f 7980 7838 7545
f 7981 7702 7838
f 7982 7703 7702
f 7982 7839 7703
f 7983 7705 7704
f 7984 7706 7705
f 7985 7707 7706
f 7986 7708 7707
f 7986 7709 7708
f 7987 7840 7709
f 7988 7710 7840
f 7988 7841 7710
f 7989 7842 7711
f 7989 7712 7842
f 7968 7691 7712
f 7990 7713 7841
f 7991 7843 7713
f 7992 7248 7843
f 7992 7844 7248
f 7845 7715 7844
f 7993 7552 7845
f 7994 7846 7552
f 7717 7716 7846
f 7557 7718 7723
f 7561 7847 7718
f 7995 7848 7717
f 7996 7719 7848
f 7850 7559 7719
f 7997 7720 7724
f 7998 7721 7720
f 7999 7849 7721
f 8000 7722 7849
f 8000 7718 7722
f 7997 7724 7850
f 7718 7851 7561
f 7852 7725 7851
f 8001 7726 7852
f 8002 7727 7726
f 7788 7853 7728
f 8003 7729 7853
f 8003 7854 7729
f 8004 7565 7854
f 8005 7855 7565
f 8005 7730 7855
f 8006 7731 7730
f 8007 7856 7731
f 7857 7258 7856
f 7856 7732 7857
f 7856 7858 7732
f 7823 7567 7858
f 7916 7859 7733
f 7734 7408 7859
f 8008 7571 7860
f 8008 7861 7571
f 8009 7572 7861
f 8010 7711 7572
f 8011 7575 7759
f 8011 7862 7575
f 7863 7414 7862
f 8012 7735 7863
f 8012 7736 7735
f 8013 7864 7736
f 8014 7737 7864
f 8014 7865 7737
f 8015 7738 7865
f 8015 7739 7738
f 8015 7866 7739
f 7867 7578 7866
f 7868 7579 7867
f 7869 7740 7868
f 8016 7741 7869
f 8016 7870 7741
f 7954 7742 7870
f 6813 7594 6960
f 7871 7743 7594
f 8017 7616 7871
f 7816 7817 7744
f 8018 7872 7745
f 8018 7746 7872
f 8019 7873 7746
f 8020 7422 7873
f 8021 7874 7422
f 8021 7744 7874
f 8022 7747 7839
f 7875 7425 7504
f 8023 7749 7875
f 8023 7876 7749
f 8024 7590 7876
f 8024 7877 7590
f 8025 7591 7877
f 8025 7660 7591
f 7774 7878 7752
f 7879 7428 7878
f 8026 7753 7879
f 7880 7754 7753
f 8027 7755 7880
f 7859 7881 7734
f 8028 7756 7881
f 8029 7757 7756
f 7882 7758 7757
f 7883 7434 7882
f 8012 7759 7883
f 7967 7884 7587
f 8030 7760 7884
f 8030 7885 7760
f 7886 7596 7885
f 8031 7761 7886
f 8031 7887 7761
f 8032 7762 7887
f 7888 7763 7762
f 8033 7764 7888
f 8034 7504 7764
f 7765 7439 7889
f 8035 7890 7747
f 8036 7600 7890
f 8036 7766 7600
f 7891 7601 7766
f 8037 7892 7766
f 7893 7602 7892
f 8038 7745 7893
f 7924 7894 7637
f 7767 7604 7894
f 7894 7768 7767
f 8039 7606 7768
f 8040 7895 7606
f 7896 7769 7895
f 7897 7298 7896
f 7898 7608 7897
f 7899 7609 7898
f 8041 7610 7899
f 8042 7612 7900
f 8043 7901 7612
f 8044 7771 7901
f 7772 7614 7771
f 7771 7902 7772
f 8045 7903 7616
f 7904 7773 7903
f 7905 7311 7904
f 8046 7774 7905
f 8047 7775 7755
f 8048 7776 7775
f 8049 7906 7776
f 8050 7777 7906
f 8051 7463 7777
f 8051 7907 7463
f 8052 7620 7907
f 8053 7778 7620
f 8054 7779 7778
f 8055 7908 7779
f 7909 7466 7908
f 8056 7780 7909
f 8056 7623 7780
f 8057 7910 7623
f 8057 7781 7910
f 8058 7911 7781
f 8059 7782 7911
f 8060 7912 7782
f 7913 7626 7912
f 7914 7627 7913
f 8061 7784 7914
f 7916 7474 7915
f 7949 7917 7638
f 8062 7628 7917
f 8062 7630 7628
f 8062 7918 7630
f 8063 7919 7785
f 8064 7631 7919
f 8064 7889 7631
f 8065 7786 7765
f 8066 7787 7786
f 7921 7633 7920
f 8067 7788 7921
f 8068 7789 7902
f 8069 7634 7922
f 8070 7636 7634
f 8071 7923 7636
f 8071 7790 7923
f 7924 7791 7790
f 8072 7925 7180
f 8072 7792 7925
f 8073 7926 7792
f 8074 7793 7640
f 7927 7794 7793
f 8075 7795 7927
f 8076 7928 7795
f 8078 7929 7796
f 7946 7486 7929
f 7930 7797 7918
f 8079 7487 7930
f 8079 7931 7487
f 8079 7798 7931
f 7798 7932 7646
f 8080 7799 7932
f 7934 7800 7648
f 8080 7654 7799
f 8080 7935 7654
f 8081 7655 7935
f 8082 7936 7655
f 8082 7802 7936
f 8083 7937 7802
f 7938 7498 7937
f 8084 7803 7938
f 8063 7785 7803
f 8085 7939 7658
f 7939 7940 7347
f 8086 7805 7940
f 8087 7806 7805
f 8042 7900 7806
f 8088 7941 7660
f 7808 7807 7941
f 8089 7658 7941
f 7942 7809 7928
f 8090 7505 7942
f 8090 7943 7505
f 7944 7810 7943
f 8091 7811 7944
f 7180 7482 7811
f 8073 7812 7926
f 8073 7945 7812
f 8092 7663 7945
f 8093 7640 7946
f 7950 7947 7813
f 7948 7665 7947
f 8094 7666 7948
f 8095 7949 7666
f 8092 7950 7663
f 8096 7951 7814
f 8097 7815 7951
f 7952 7670 7815
f 7871 7594 7952
f 8098 7814 7816
f 7963 7953 7682
f 8099 7674 7953
f 8099 7860 7674
f 7955 7819 7954
f 7956 7676 7955
f 8100 7820 7956
f 8101 7957 7820
f 8102 7821 7957
f 7959 7958 7821
f 7959 7526 7958
f 8103 7527 7959
f 8103 7960 7527
f 7961 7528 7960
f 7962 7822 7961
f 8104 7680 7962
f 8104 7963 7680
f 8105 7824 7823
f 8106 7964 7824
f 7965 7686 7964
f 7966 7531 7965
f 8107 7825 7966
f 8108 7826 7825
f 8109 7688 7826
f 7983 7704 7688
f 8002 7827 7727
f 8110 7967 7827
f 7969 7828 7968
f 7969 7829 7828
f 7969 7830 7829
f 7970 7694 7969
f 8111 7831 7970
f 8112 7971 7831
f 7696 7695 7971
f 8113 7972 7696
f 8113 7833 7972
f 8114 7973 7833
f 7974 7540 7973
f 7974 7975 7697
f 7976 7698 7975
f 8115 7699 7976
f 8115 7977 7699
f 8115 7835 7977
f 8116 7978 7835
f 7979 7700 7978
f 8117 7701 7979
f 8118 7837 7701
f 7838 7980 7837
f 8119 7981 7838
f 7982 7702 7981
f 8120 7839 7982
f 7984 7705 7983
f 7985 7706 7984
f 8121 7707 7985
f 8121 7986 7707
f 7987 7709 7986
f 8122 7840 7987
f 8123 7988 7840
f 7990 7841 7988
f 8010 7989 7711
f 7968 7712 7989
f 7988 7713 7990
f 8124 7991 7713
f 7992 7843 7991
f 7991 7844 7992
f 8125 7845 7844
f 8126 7993 7845
f 7994 7552 7993
f 8126 7846 7994
f 7995 7717 7846
f 7996 7848 7995
f 7850 7719 7996
f 8127 7720 7997
f 8128 7998 7720
f 8129 7721 7998
f 8130 7999 7721
f 8000 7849 7999
f 7851 7718 8000
f 7996 7997 7850
f 8131 7852 7851
f 8132 8001 7852
f 8002 7726 8001
f 8003 7853 7788
f 8067 7854 8003
f 8133 8004 7854
f 8005 7565 8004
f 8006 7730 8005
f 8007 7731 8006
f 8134 7856 8007
f 8135 7858 7856
f 8135 7823 7858
f 8136 7859 7916
f 8137 8008 7860
f 8138 7861 8008
f 8139 8009 7861
f 8140 7572 8009
f 8141 8010 7572
f 8142 8011 7759
f 7863 7862 8011
f 8142 8012 7863
f 8013 7736 8012
f 8143 7864 8013
f 8144 8014 7864
f 8145 7865 8014
f 8145 8015 7865
f 8146 7866 8015
f 8147 7867 7866
f 8147 7868 7867
f 8016 7869 7868
f 7955 7870 8016
f 7955 7954 7870
f 7952 8017 7871
f 8045 7616 8017
f 8021 7816 7744
f 8148 8018 7745
f 8148 7746 8018
f 8148 8019 7746
f 8149 7873 8019
f 8149 8020 7873
f 8021 7422 8020
f 8150 8022 7839
f 8035 7747 8022
f 8033 7875 7504
f 8033 8023 7875
f 8151 7876 8023
f 8152 8024 7876
f 8025 7877 8024
f 8153 7660 8025
f 8154 7878 7774
f 8154 7879 7878
f 8154 8026 7879
f 8155 7753 8026
f 8155 7880 7753
f 8156 8027 7880
f 8047 7755 8027
f 8157 7881 7859
f 8157 8028 7881
f 8029 7756 8028
f 8143 7757 8029
f 8143 7882 7757
f 8143 7883 7882
f 8013 8012 7883
f 8142 7759 8012
f 8110 7884 7967
f 8158 8030 7884
f 7886 7885 8030
f 8159 8031 7886
f 8160 7887 8031
f 8161 8032 7887
f 8162 7762 8032
f 8162 7888 7762
f 8163 7764 8033
f 8163 8034 7764
f 8163 7504 8034
f 8164 7765 7889
f 8022 7890 8035
f 8022 8036 7890
f 8037 7766 8036
f 8165 7892 8037
f 8166 7893 7892
f 8166 8038 7893
f 8167 7745 8038
f 8039 7894 7924
f 8039 7768 7894
f 8168 7606 8039
f 8169 8040 7606
f 8170 7895 8040
f 8170 7896 7895
f 8171 7897 7896
f 8171 7898 7897
f 8172 7899 7898
f 8173 8041 7899
f 8043 7612 8042
f 8174 7901 8043
f 8174 8044 7901
f 8175 7771 8044
f 8068 7902 7771
f 7904 7903 8045
f 8046 7905 7904
f 8176 7774 8046
f 8177 7775 8047
f 8177 8048 7775
f 8178 7776 8048
f 8179 8049 7776
f 8180 7906 8049
f 8180 8050 7906
f 8181 7777 8050
f 8181 8051 7777
f 8052 7907 8051
f 8182 7620 8052
f 8054 7778 8053
f 8183 7779 8054
f 8183 8055 7779
f 8184 7908 8055
f 8185 7909 7908
f 8185 8056 7909
f 8186 7623 8056
f 8186 8057 7623
f 8058 7781 8057
f 8059 7911 8058
f 8187 7782 8059
f 8187 8060 7782
f 8188 7912 8060
f 7914 7913 7912
f 8189 8061 7914
f 7915 7784 8061
f 8190 7916 7915
f 7918 7917 7949
f 7918 8062 7917
f 8191 7919 8063
f 8191 8064 7919
f 8164 7889 8064
f 8164 8065 7765
f 8164 7786 8065
f 8164 8066 7786
f 7920 7787 8066
f 8192 7921 7920
f 8193 8067 7921
f 8003 7788 8067
f 7922 7789 8068
f 8194 8069 7922
f 8070 7634 8069
f 8069 7636 8070
f 8195 8071 7636
f 8196 7790 8071
f 8197 7924 7790
f 8198 8072 7180
f 8199 7792 8072
f 8200 8073 7792
f 8201 8074 7640
f 8202 7793 8074
f 8203 7927 7793
f 8204 8075 7927
f 8205 7795 8075
f 8205 8076 7795
f 8206 7928 8076
f 8078 7796 8077
f 8077 7929 8078
f 8093 7946 7929
f 8207 7930 7918
f 8207 8079 7930
f 8208 7798 8079
f 8208 7932 7798
f 8209 8080 7932
f 8209 7935 8080
f 8210 8081 7935
f 8210 7655 8081
f 8210 8082 7655
f 8083 7802 8082
f 7938 7937 8083
f 8083 8084 7938
f 8063 7803 8084
f 8089 8085 7658
f 8211 7939 8085
f 8086 7940 7939
f 8087 7805 8086
f 8212 7806 8087
f 8213 8042 7806
f 8214 8088 7660
f 8089 7941 8088
f 8206 7942 7928
f 8215 8090 7942
f 7944 7943 8090
f 8216 8091 7944
f 8198 7811 8091
f 8198 7180 7811
f 8217 7945 8073
f 8218 8092 7945
f 8201 7640 8093
f 8219 7947 7950
f 8220 7948 7947
f 8220 8094 7948
f 8207 7666 8094
f 8207 8095 7666
f 8207 7949 8095
f 8219 7950 8092
f 8221 8096 7814
f 8222 7951 8096
f 8223 8097 7951
f 8224 7815 8097
f 8225 7952 7815
f 8226 8098 7816
f 8221 7814 8098
f 8227 7953 7963
f 8137 8099 7953
f 8137 7860 8099
f 8228 7956 7955
f 8229 8100 7956
f 8101 7820 8100
f 8230 7957 8101
f 8230 8102 7957
f 7959 7821 8102
f 7960 8103 7959
f 8231 7961 7960
f 8232 7962 7961
f 8233 8104 7962
f 8227 7963 8104
f 8135 8105 7823
f 8234 7824 8105
f 8235 8106 7824
f 8236 7964 8106
f 8236 7965 7964
f 8236 7966 7965
f 8236 8107 7966
f 8237 7825 8107
f 8238 8108 7825
f 8238 7826 8108
f 8238 8109 7826
f 8239 7688 8109
f 8239 7983 7688
f 8240 7827 8002
f 8241 8110 7827
f 8242 7969 7968
f 8243 7970 7969
f 8243 8111 7970
f 8244 7831 8111
f 8245 8112 7831
f 7696 7971 8112
f 8112 8113 7696
f 8246 7833 8113
f 8247 8114 7833
f 8248 7973 8114
f 7976 7974 7973
f 7976 7975 7974
f 8249 8115 7976
f 8250 7835 8115
f 8250 8116 7835
f 8251 7978 8116
f 8252 7979 7978
f 8253 8117 7979
f 8118 7701 8117
f 8254 7837 8118
f 8254 7838 7837
f 8254 8119 7838
f 8254 7981 8119
f 8120 7982 7981
f 8255 7839 8120
f 8256 7984 7983
f 8257 7985 7984
f 8258 7986 8121
f 8259 7987 7986
f 8259 8122 7987
f 8260 7840 8122
f 8261 8123 7840
f 8124 7988 8123
f 8262 7989 8010
f 8263 7968 7989
f 8124 7713 7988
f 8264 7991 8124
f 8265 7844 7991
f 8266 8125 7844
f 8267 7845 8125
f 8268 8126 7845
f 7994 7993 8126
f 8269 7846 8126
f 8269 7995 7846
f 8269 7996 7995
f 8270 8127 7997
f 8128 7720 8127
f 8271 7998 8128
f 8271 8129 7998
f 8271 7721 8129
f 8272 7999 8130
f 8273 8000 7999
f 8273 7851 8000
f 8270 7997 7996
f 8274 8131 7851
f 8132 7852 8131
f 8275 8001 8132
f 8276 8002 8001
f 8133 7854 8067
f 8277 8004 8133
f 8278 8005 8004
f 8279 8006 8005
f 8280 8007 8006
f 8281 8134 8007
f 8282 7856 8134
f 8283 8135 7856
f 8284 8136 7916
f 8157 7859 8136
f 8138 8008 8137
f 8285 7861 8138
f 8285 8139 7861
f 8286 8009 8139
f 8287 8140 8009
f 8141 7572 8140
f 8288 8010 8141
f 7863 8011 8142
f 7883 8143 8013
f 8289 7864 8143
f 8289 8144 7864
f 8290 8014 8144
f 8290 8145 8014
f 8291 8015 8145
f 8291 8146 8015
f 8147 7866 8146
f 8292 7868 8147
f 8293 8016 7868
f 8294 8017 7952
f 8294 8045 8017
f 8295 7816 8021
f 8296 8148 7745
f 8297 8019 8148
f 8298 8149 8019
f 8299 8020 8149
f 8300 8021 8020
f 8301 8150 7839
f 8302 8022 8150
f 8163 8033 7504
f 8303 8023 8033
f 8304 8151 8023
f 8305 7876 8151
f 8306 8152 7876
f 8025 8024 8152
f 8214 8153 8025
f 8214 7660 8153
f 8176 8154 7774
f 8307 8026 8154
f 8308 8155 8026
f 8156 7880 8155
f 8309 8027 8156
f 8309 8047 8027
f 8310 8028 8157
f 8311 8029 8028
f 8311 8143 8029
f 8312 7884 8110
f 8312 8158 7884
f 8313 8030 8158
f 8159 7886 8030
f 8160 8031 8159
f 8314 7887 8160
f 8315 8161 7887
f 8316 8032 8161
f 8316 8162 8032
f 8033 7888 8162
f 8317 8036 8022
f 8318 8037 8036
f 8319 8165 8037
f 8166 7892 8165
f 8320 8038 8166
f 8321 8167 8038
f 8296 7745 8167
f 8197 8039 7924
f 8197 8168 8039
f 8169 7606 8168
f 8322 8040 8169
f 8323 8170 8040
f 8324 7896 8170
f 8325 8171 7896
f 8172 7898 8171
f 8326 7899 8172
f 8327 8173 7899
f 8213 8043 8042
f 8328 8174 8043
f 8329 8044 8174
f 8330 8175 8044
f 8068 7771 8175
f 8331 7904 8045
f 8176 8046 7904
f 8332 8177 8047
f 8178 8048 8177
f 8333 7776 8178
f 8333 8179 7776
f 8180 8049 8179
f 8334 8050 8180
f 8051 8181 8050
f 8335 8052 8051
f 8336 8182 8052
f 8053 7620 8182
f 8182 8054 8053
f 8055 8183 8054
f 8337 8184 8055
f 8338 7908 8184
f 8339 8056 8185
f 8340 8186 8056
f 8340 8057 8186
f 8059 8058 8057
f 8341 8187 8059
f 8342 8060 8187
f 8342 8188 8060
f 8343 7912 8188
f 8189 7914 7912
f 8344 8061 8189
f 8344 7915 8061
f 8344 8190 7915
f 8284 7916 8190
f 8207 7918 7949
f 8345 8191 8063
f 8346 8064 8191
f 8346 8164 8064
f 8347 8066 8164
f 8348 7920 8066
f 8193 7921 8192
f 8277 8067 8193
f 8194 7922 8068
f 8349 8069 8194
f 8195 7636 8069
f 8349 8071 8195
f 8350 8196 8071
f 8197 7790 8196
f 8199 8072 8198
f 8351 7792 8199
f 8352 8200 7792
f 8353 8073 8200
f 8354 8074 8201
f 8355 8202 8074
f 8203 7793 8202
f 8204 7927 8203
f 8356 8075 8204
f 8357 8205 8075
f 8358 8076 8205
f 8359 8206 8076
f 8360 7929 8077
f 8361 8093 7929
f 8094 8079 8207
f 8362 8208 8079
f 8363 7932 8208
f 8363 8209 7932
f 8364 7935 8209
f 8364 8210 7935
f 8365 8082 8210
f 8365 8083 8082
f 8366 8084 8083
f 8367 8063 8084
f 8211 8085 8089
f 8368 7939 8211
f 8369 8086 7939
f 8212 8087 8086
f 8370 7806 8212
f 8043 8213 7806
f 8371 8088 8214
f 8371 8089 8088
f 8372 7942 8206
f 8373 8215 7942
f 8374 8090 8215
f 8375 7944 8090
f 8375 8216 7944
f 8376 8091 8216
f 8377 8198 8091
f 8353 8217 8073
f 8217 8218 7945
f 8354 8201 8093
f 8220 7947 8219
f 8378 8094 8220
f 8378 8219 8092
f 8222 8096 8221
f 8379 7951 8222
f 8379 8223 7951
f 8380 8097 8223
f 8381 8224 8097
f 8225 7815 8224
f 8382 7952 8225
f 8295 8226 7816
f 8221 8098 8226
f 8383 7953 8227
f 8383 8137 7953
f 8384 8228 7955
f 8385 7956 8228
f 8385 8229 7956
f 8386 8100 8229
f 8387 8230 8101
f 8387 8102 8230
f 8388 7959 8102
f 8389 7960 7959
f 8389 8231 7960
f 8390 7961 8231
f 8390 8232 7961
f 8390 7962 8232
f 8390 8233 7962
f 8391 8104 8233
f 8392 8227 8104
f 8283 8105 8135
f 8283 8234 8105
f 8235 7824 8234
f 8393 8106 8235
f 8394 8236 8106
f 8395 8107 8236
f 8396 8237 8107
f 8397 7825 8237
f 8256 8109 8238
f 7983 8239 8109
f 8398 8240 8002
f 8240 8241 7827
f 8398 8110 8241
f 8263 8242 7968
f 8263 7969 8242
f 8399 8243 7969
f 8400 8111 8243
f 8400 8244 8111
f 8245 7831 8244
f 8401 8112 8245
f 8401 8113 8112
f 8402 8246 8113
f 8403 7833 8246
f 8404 8247 7833
f 8405 8114 8247
f 8405 8248 8114
f 7976 7973 8248
f 8248 8249 7976
f 8406 8115 8249
f 8406 8250 8115
f 8407 8116 8250
f 8407 8251 8116
f 8252 7978 8251
f 8253 7979 8252
f 8118 8117 8253
f 8408 8254 8118
f 8408 7981 8254
f 8409 8120 7981
f 8410 8255 8120
f 8301 7839 8255
f 8109 8256 7983
f 8257 7984 8256
f 8121 7985 8257
f 8238 8258 8121
f 8411 7986 8258
f 8412 8259 7986
f 8413 8122 8259
f 8414 8260 8122
f 8261 7840 8260
f 8260 8123 8261
f 8415 8124 8123
f 8416 8262 8010
f 8416 7989 8262
f 8416 8263 7989
f 8415 8264 8124
f 8417 7991 8264
f 8418 8265 7991
f 8265 8266 7844
f 8267 8125 8266
f 8419 7845 8267
f 8419 8268 7845
f 8420 8126 8268
f 8421 8269 8126
f 8421 7996 8269
f 8422 8127 8270
f 8422 8128 8127
f 8423 8271 8128
f 8130 7721 8271
f 8424 8272 8130
f 8425 7999 8272
f 8426 8273 7999
f 8274 7851 8273
f 8421 8270 7996
f 8427 8131 8274
f 8427 8132 8131
f 8428 8275 8132
f 8276 8001 8275
f 8429 8002 8276
f 8277 8133 8067
f 8278 8004 8277
f 8430 8005 8278
f 8431 8279 8005
f 8432 8006 8279
f 8432 8280 8006
f 8433 8007 8280
f 8434 8281 8007
f 8434 8134 8281
f 8435 8282 8134
f 8436 7856 8282
f 8436 8283 7856
f 8437 8136 8284
f 8438 8157 8136
f 8439 8138 8137
f 8439 8285 8138
f 8440 8139 8285
f 8440 8286 8139
f 8441 8009 8286
f 8441 8287 8009
f 8442 8140 8287
f 8443 8141 8140
f 8443 8288 8141
f 8444 8010 8288
f 8311 8289 8143
f 8311 8144 8289
f 8310 8290 8144
f 8291 8145 8290
f 8445 8146 8291
f 8445 8147 8146
f 8445 8292 8147
f 8446 7868 8292
f 8447 8293 7868
f 8447 8016 8293
f 8382 8294 7952
f 8382 8045 8294
f 8448 8295 8021
f 8449 8148 8296
f 8450 8297 8148
f 8450 8019 8297
f 8450 8298 8019
f 8451 8149 8298
f 8452 8299 8149
f 8300 8020 8299
f 8448 8021 8300
f 8255 8150 8301
f 8453 8302 8150
f 8317 8022 8302
f 8454 8303 8033
f 8454 8023 8303
f 8455 8304 8023
f 8455 8151 8304
f 8456 8305 8151
f 8457 7876 8305
f 8458 8306 7876
f 8371 8152 8306
f 8214 8025 8152
f 8459 8154 8176
f 8459 8307 8154
f 8308 8026 8307
f 8460 8155 8308
f 8460 8156 8155
f 8461 8309 8156
f 8332 8047 8309
f 8462 8310 8157
f 8311 8028 8310
f 8398 8312 8110
f 8313 8158 8312
f 8159 8030 8313
f 8463 8160 8159
f 8464 8314 8160
f 8315 7887 8314
f 8465 8161 8315
f 8465 8316 8161
f 8033 8162 8316
f 8318 8036 8317
f 8319 8037 8318
f 8466 8165 8319
f 8320 8166 8165
f 8467 8038 8320
f 8467 8321 8038
f 8296 8167 8321
f 8468 8168 8197
f 8468 8169 8168
f 8468 8322 8169
f 8469 8040 8322
f 8470 8323 8040
f 8324 8170 8323
f 8471 7896 8324
f 8471 8325 7896
f 8472 8171 8325
f 8472 8172 8171
f 8325 8326 8172
f 8327 7899 8326
f 7806 8328 8043
f 8473 8174 8328
f 8474 8329 8174
f 8330 8044 8329
f 8475 8175 8330
f 8476 8068 8175
f 8477 8331 8045
f 8478 7904 8331
f 8479 8176 7904
f 8178 8177 8332
f 8480 8333 8178
f 8481 8179 8333
f 8334 8180 8179
f 8482 8050 8334
f 8483 8051 8050
f 8483 8335 8051
f 8483 8052 8335
f 8484 8336 8052
f 8485 8182 8336
f 8485 8054 8182
f 8486 8055 8054
f 8487 8337 8055
f 8338 8184 8337
f 8185 7908 8338
f 8338 8339 8185
f 8340 8056 8339
f 8488 8057 8340
f 8489 8059 8057
f 8489 8341 8059
f 8490 8187 8341
f 8490 8342 8187
f 8491 8188 8342
f 8492 8343 8188
f 8493 7912 8343
f 8493 8189 7912
f 8190 8344 8189
f 8437 8284 8190
f 8494 8345 8063
f 8495 8191 8345
f 8495 8346 8191
f 8495 8164 8346
f 8496 8347 8164
f 8348 8066 8347
f 8192 7920 8348
f 8497 8193 8192
f 8498 8277 8193
f 8499 8349 8194
f 8195 8069 8349
f 8500 8071 8349
f 8501 8350 8071
f 8502 8196 8350
f 8503 8197 8196
f 8377 8199 8198
f 8377 8351 8199
f 8504 7792 8351
f 8505 8352 7792
f 8353 8200 8352
f 8355 8074 8354
f 8354 8202 8355
f 8506 8203 8202
f 8507 8204 8203
f 8507 8356 8204
f 8357 8075 8356
f 8508 8205 8357
f 8509 8358 8205
f 8359 8076 8358
f 8510 8206 8359
f 8511 8360 8077
f 8361 7929 8360
f 8511 8093 8361
f 8512 8079 8094
f 8513 8208 8362
f 8514 8363 8208
f 8364 8209 8363
f 8515 8210 8364
f 8516 8365 8210
f 8517 8083 8365
f 8517 8366 8083
f 8367 8084 8366
f 8494 8063 8367
f 8518 8211 8089
f 8519 8368 8211
f 8369 7939 8368
f 8368 8086 8369
f 8520 8212 8086
f 8521 8370 8212
f 8521 7806 8370
f 8152 8371 8214
f 8518 8089 8371
f 8510 8372 8206
f 8372 8373 7942
f 8522 8215 8373
f 8522 8374 8215
f 8375 8090 8374
f 8523 8216 8375
f 8524 8376 8216
f 8377 8091 8376
f 8525 8217 8353
f 8526 8218 8217
f 8511 8354 8093
f 8378 8220 8219
f 8512 8094 8378
f 8527 8378 8092
f 8226 8222 8221
f 8223 8379 8222
f 8528 8380 8223
f 8381 8097 8380
f 8382 8224 8381
f 8382 8225 8224
f 8448 8226 8295
f 8392 8383 8227
f 8529 8137 8383
f 8016 8384 7955
f 8016 8228 8384
f 8530 8385 8228
f 8386 8229 8385
f 8101 8100 8386
f 8531 8387 8101
f 8388 8102 8387
f 8231 7959 8388
f 8231 8389 7959
f 8532 8390 8231
f 8533 8233 8390
f 8533 8391 8233
f 8392 8104 8391
f 8534 8234 8283
f 8393 8235 8234
f 8535 8106 8393
f 8535 8236 8394
f 8535 8395 8236
f 8396 8107 8395
f 8536 8237 8396
f 8536 8397 8237
f 8537 7825 8397
f 8257 8256 8238
f 8429 8398 8002
f 8241 8240 8398
f 8538 7969 8263
f 8538 8399 7969
f 8400 8243 8399
f 8539 8244 8400
f 8401 8245 8244
f 8540 8113 8401
f 8541 8402 8113
f 8542 8246 8402
f 8404 8403 8246
f 8404 7833 8403
f 8543 8247 8404
f 8544 8405 8247
f 8249 8248 8405
f 8545 8406 8249
f 8545 8250 8406
f 8546 8407 8250
f 8547 8251 8407
f 8548 8252 8251
f 8549 8253 8252
f 8550 8118 8253
f 8551 8408 8118
f 8409 7981 8408
f 8408 8120 8409
f 8408 8410 8120
f 8552 8255 8410
f 8238 8121 8257
f 8553 8258 8238
f 8554 8411 8258
f 8412 7986 8411
f 8555 8259 8412
f 8556 8413 8259
f 8557 8122 8413
f 8557 8414 8122
f 8123 8260 8414
f 8558 8415 8123
f 8444 8416 8010
f 8559 8263 8416
f 8560 8264 8415
f 8560 8417 8264
f 8561 7991 8417
f 8561 8418 7991
f 8562 8265 8418
f 8562 8266 8265
f 8563 8267 8266
f 8564 8419 8267
f 8565 8268 8419
f 8565 8420 8268
f 8566 8126 8420
f 8566 8421 8126
f 8128 8422 8270
f 8270 8423 8128
f 8567 8271 8423
f 8568 8130 8271
f 8568 8424 8130
f 8568 8272 8424
f 8569 8425 8272
f 8426 7999 8425
f 8570 8273 8426
f 8427 8274 8273
f 8571 8270 8421
f 8428 8132 8427
f 8276 8275 8428
f 8398 8429 8276
f 8498 8278 8277
f 8572 8430 8278
f 8573 8005 8430
f 8573 8431 8005
f 8432 8279 8431
f 8574 8280 8432
f 8574 8433 8280
f 8434 8007 8433
f 8435 8134 8434
f 8575 8282 8435
f 8575 8436 8282
f 8575 8283 8436
f 8438 8136 8437
f 8462 8157 8438
f 8576 8439 8137
f 8440 8285 8439
f 8577 8286 8440
f 8577 8441 8286
f 8578 8287 8441
f 8579 8442 8287
f 8443 8140 8442
f 8580 8288 8443
f 8581 8444 8288
f 8310 8144 8311
f 8291 8290 8310
f 8582 8445 8291
f 8583 8292 8445
f 8447 8446 8292
f 8447 7868 8446
f 8584 8016 8447
f 8585 8045 8382
f 8586 8449 8296
f 8450 8148 8449
f 8587 8298 8450
f 8587 8451 8298
f 8452 8149 8451
f 8588 8299 8452
f 8589 8300 8299
f 8589 8448 8300
f 8552 8150 8255
f 8590 8453 8150
f 8317 8302 8453
f 8316 8454 8033
f 8316 8023 8454
f 8316 8455 8023
f 8316 8151 8455
f 8591 8456 8151
f 8592 8305 8456
f 8592 8457 8305
f 8593 7876 8457
f 8593 8458 7876
f 8593 8306 8458
f 8518 8371 8306
f 8594 8459 8176
f 8595 8307 8459
f 8596 8308 8307
f 8597 8460 8308
f 8461 8156 8460
f 8598 8309 8461
f 8598 8332 8309
f 8438 8310 8462
f 8313 8312 8398
f 8599 8159 8313
f 8599 8463 8159
f 8464 8160 8463
f 8600 8314 8464
f 8601 8315 8314
f 8601 8465 8315
f 8591 8316 8465
f 8453 8318 8317
f 8453 8319 8318
f 8602 8466 8319
f 8320 8165 8466
f 8603 8467 8320
f 8586 8321 8467
f 8586 8296 8321
f 8322 8468 8197
f 8470 8469 8322
f 8470 8040 8469
f 8604 8323 8470
f 8605 8324 8323
f 8325 8471 8324
f 8172 8472 8325
f 8606 8326 8325
f 8607 8327 8326
f 8521 8328 7806
f 8609 8473 8328
f 8610 8174 8473
f 8611 8474 8174
f 8330 8329 8474
f 8612 8475 8330
f 8476 8175 8475
f 8194 8068 8476
f 8585 8477 8045
f 8613 8331 8477
f 8614 8478 8331
f 8614 7904 8478
f 8614 8479 7904
f 8615 8178 8332
f 8615 8480 8178
f 8481 8333 8480
f 8334 8179 8481
f 8616 8482 8334
f 8483 8050 8482
f 8484 8052 8483
f 8617 8336 8484
f 8618 8485 8336
f 8618 8054 8485
f 8618 8486 8054
f 8487 8055 8486
f 8619 8337 8487
f 8620 8338 8337
f 8621 8339 8338
f 8621 8340 8339
f 8622 8488 8340
f 8622 8057 8488
f 8623 8489 8057
f 8624 8341 8489
f 8625 8490 8341
f 8491 8342 8490
f 8492 8188 8491
f 8626 8343 8492
f 8626 8493 8343
f 8627 8189 8493
f 8627 8190 8189
f 8628 8437 8190
f 8629 8345 8494
f 8496 8495 8345
f 8496 8164 8495
f 8630 8347 8496
f 8631 8348 8347
f 8632 8192 8348
f 8632 8497 8192
f 8498 8193 8497
f 8476 8499 8194
f 8500 8349 8499
f 8633 8071 8500
f 8633 8501 8071
f 8634 8350 8501
f 8634 8502 8350
f 8503 8196 8502
f 8635 8197 8503
f 8636 8351 8377
f 8637 8504 8351
f 8505 7792 8504
f 8638 8352 8505
f 8639 8353 8352
f 8511 8202 8354
f 8640 8506 8202
f 8507 8203 8506
f 8357 8356 8507
f 8641 8508 8357
f 8509 8205 8508
f 8642 8358 8509
f 8642 8359 8358
f 8643 8510 8359
f 8645 8511 8077
f 8361 8360 8511
f 8362 8079 8512
f 8512 8513 8362
f 8646 8208 8513
f 8647 8363 8514
f 8647 8364 8363
f 8647 8515 8364
f 8516 8210 8515
f 8648 8365 8516
f 8648 8366 8517
f 8649 8367 8366
f 8649 8494 8367
f 8306 8211 8518
f 8650 8519 8211
f 8651 8368 8519
f 8520 8086 8368
f 8651 8212 8520
f 8652 8521 8212
f 8653 8372 8510
f 8654 8373 8372
f 8655 8522 8373
f 8656 8374 8522
f 8657 8375 8374
f 8657 8523 8375
f 8524 8216 8523
f 8636 8376 8524
f 8636 8377 8376
f 8658 8525 8353
f 8526 8217 8525
f 8525 8218 8526
f 8527 8512 8378
f 8659 8527 8092
f 8223 8222 8226
f 8660 8528 8223
f 8381 8380 8528
f 8585 8382 8381
f 8661 8226 8448
f 8662 8383 8392
f 8662 8529 8383
f 8576 8137 8529
f 8663 8530 8228
f 8664 8385 8530
f 8665 8386 8385
f 8666 8101 8386
f 8667 8531 8101
f 8388 8387 8531
f 8532 8231 8388
f 8533 8390 8532
f 8668 8391 8533
f 8669 8392 8391
f 8670 8534 8283
f 8393 8234 8534
f 8534 8535 8393
f 8394 8106 8535
f 8671 8395 8535
f 8672 8396 8395
f 8672 8536 8396
f 8673 8397 8536
f 8674 8537 8397
f 8675 7825 8537
f 8399 8538 8263
f 8676 8400 8399
f 8676 8539 8400
f 8677 8244 8539
f 8677 8401 8244
f 8678 8540 8401
f 8541 8113 8540
f 8679 8402 8541
f 8680 8542 8402
f 8404 8246 8542
f 8681 8543 8404
f 8544 8247 8543
f 8682 8405 8544
f 8683 8249 8405
f 8683 8545 8249
f 8684 8250 8545
f 8547 8546 8250
f 8547 8407 8546
f 8685 8251 8547
f 8685 8548 8251
f 8549 8252 8548
f 8686 8253 8549
f 8551 8550 8253
f 8551 8118 8550
f 8687 8408 8551
f 8687 8410 8408
f 8688 8552 8410
f 8689 8553 8238
f 8689 8258 8553
f 8689 8554 8258
f 8412 8411 8554
f 8554 8555 8412
f 8690 8259 8555
f 8690 8556 8259
f 8691 8413 8556
f 8692 8557 8413
f 8123 8414 8557
f 8557 8558 8123
f 8560 8415 8558
f 8676 8416 8444
f 8676 8559 8416
f 8399 8263 8559
f 8693 8417 8560
f 8694 8561 8417
f 8695 8418 8561
f 8696 8562 8418
f 8563 8266 8562
f 8564 8267 8563
f 8697 8419 8564
f 8697 8565 8419
f 8697 8420 8565
f 8423 8566 8420
f 8571 8421 8566
f 8566 8423 8270
f 8698 8567 8423
f 8699 8271 8567
f 8699 8568 8271
f 8700 8272 8568
f 8700 8569 8272
f 8701 8425 8569
f 8701 8426 8425
f 8701 8570 8426
f 8702 8273 8570
f 8703 8427 8273
f 8566 8270 8571
f 8704 8428 8427
f 8705 8276 8428
f 8705 8398 8276
f 8706 8278 8498
f 8706 8572 8278
f 8707 8430 8572
f 8431 8573 8430
f 8707 8432 8431
f 8708 8574 8432
f 8434 8433 8574
f 8709 8435 8434
f 8710 8575 8435
f 8670 8283 8575
f 8711 8438 8437
f 8440 8439 8576
f 8712 8577 8440
f 8713 8441 8577
f 8713 8578 8441
f 8579 8287 8578
f 8714 8442 8579
f 8580 8443 8442
f 8715 8288 8580
f 8715 8581 8288
f 8676 8444 8581
f 8438 8291 8310
f 8716 8582 8291
f 8716 8445 8582
f 8717 8583 8445
f 8718 8292 8583
f 8584 8447 8292
f 8719 8016 8584
f 8720 8449 8586
f 8721 8450 8449
f 8722 8587 8450
f 8723 8451 8587
f 8723 8452 8451
f 8723 8588 8452
f 8724 8299 8588
f 8661 8589 8299
f 8661 8448 8589
f 8725 8150 8552
f 8725 8590 8150
f 8726 8453 8590
f 8591 8151 8316
f 8592 8456 8591
f 8727 8457 8592
f 8211 8593 8457
f 8211 8306 8593
f 8479 8594 8176
f 8595 8459 8594
f 8596 8307 8595
f 8597 8308 8596
f 8728 8460 8597
f 8729 8461 8460
f 8729 8598 8461
f 8615 8332 8598
f 8730 8313 8398
f 8463 8599 8313
f 8731 8464 8463
f 8731 8600 8464
f 8601 8314 8600
f 8591 8465 8601
f 8732 8319 8453
f 8732 8602 8319
f 8733 8466 8602
f 8734 8320 8466
f 8734 8603 8320
f 8735 8467 8603
f 8720 8586 8467
f 8635 8322 8197
f 8635 8470 8322
f 8503 8604 8470
f 8736 8323 8604
f 8737 8605 8323
f 8738 8324 8605
f 8606 8325 8324
f 8739 8326 8606
f 8739 8607 8326
f 8740 8327 8607
f 8740 8608 8327
f 8742 8328 8521
f 8742 8609 8328
f 8742 8473 8609
f 8743 8610 8473
f 8611 8174 8610
f 8744 8474 8611
f 8744 8330 8474
f 8744 8612 8330
f 8745 8475 8612
f 8499 8476 8475
f 8746 8477 8585
f 8747 8613 8477
f 8748 8331 8613
f 8748 8614 8331
f 8594 8479 8614
f 8749 8480 8615
f 8750 8481 8480
f 8750 8334 8481
f 8750 8616 8334
f 8751 8482 8616
f 8752 8483 8482
f 8617 8484 8483
f 8753 8336 8617
f 8754 8618 8336
f 8755 8486 8618
f 8619 8487 8486
f 8756 8337 8619
f 8757 8620 8337
f 8621 8338 8620
f 8620 8340 8621
f 8758 8622 8340
f 8623 8057 8622
f 8759 8489 8623
f 8759 8624 8489
f 8760 8341 8624
f 8760 8625 8341
f 8761 8490 8625
f 8761 8491 8490
f 8761 8492 8491
f 8762 8626 8492
f 8763 8493 8626
f 8764 8627 8493
f 8765 8190 8627
f 8766 8628 8190
f 8711 8437 8628
f 8767 8629 8494
f 8496 8345 8629
f 8768 8630 8496
f 8769 8347 8630
f 8632 8348 8631
f 8631 8497 8632
f 8770 8498 8497
f 8771 8500 8499
f 8772 8633 8500
f 8773 8501 8633
f 8773 8634 8501
f 8503 8502 8634
f 8470 8635 8503
f 8637 8351 8636
f 8774 8504 8637
f 8774 8505 8504
f 8774 8638 8505
f 8639 8352 8638
f 8658 8353 8639
f 8775 8202 8511
f 8776 8640 8202
f 8507 8506 8640
f 8777 8357 8507
f 8777 8641 8357
f 8778 8508 8641
f 8779 8509 8508
f 8780 8642 8509
f 8643 8359 8642
f 8653 8510 8643
f 8645 8077 8644
f 8775 8511 8645
f 8781 8513 8512
f 8781 8646 8513
f 8514 8208 8646
f 8782 8647 8514
f 8783 8515 8647
f 8784 8516 8515
f 8785 8648 8516
f 8517 8365 8648
f 8786 8366 8648
f 8786 8649 8366
f 8787 8494 8649
f 8788 8650 8211
f 8651 8519 8650
f 8520 8368 8651
f 8652 8212 8651
f 8742 8521 8652
f 8654 8372 8653
f 8653 8373 8654
f 8653 8655 8373
f 8789 8522 8655
f 8789 8656 8522
f 8790 8374 8656
f 8523 8657 8374
f 8791 8524 8523
f 8792 8636 8524
f 8793 8525 8658
f 8794 8218 8525
f 8781 8512 8527
f 8218 8659 8092
f 8781 8527 8659
f 8795 8223 8226
f 8588 8660 8223
f 8796 8528 8660
f 8746 8381 8528
f 8746 8585 8381
f 8795 8226 8661
f 8797 8662 8392
f 8797 8529 8662
f 8798 8576 8529
f 8799 8663 8228
f 8800 8530 8663
f 8801 8664 8530
f 8665 8385 8664
f 8666 8386 8665
f 8667 8101 8666
f 8802 8531 8667
f 8802 8388 8531
f 8803 8532 8388
f 8803 8533 8532
f 8803 8668 8533
f 8669 8391 8668
f 8804 8392 8669
f 8575 8534 8670
f 8671 8535 8534
f 8805 8395 8671
f 8805 8672 8395
f 8806 8536 8672
f 8807 8673 8536
f 8808 8397 8673
f 8808 8674 8397
f 8809 8537 8674
f 8238 8675 8537
f 8238 7825 8675
f 8559 8676 8399
f 8581 8539 8676
f 8810 8677 8539
f 8811 8401 8677
f 8811 8678 8401
f 8541 8540 8678
f 8812 8679 8541
f 8680 8402 8679
f 8813 8542 8680
f 8681 8404 8542
f 8814 8543 8681
f 8815 8544 8543
f 8816 8682 8544
f 8683 8405 8682
f 8817 8545 8683
f 8818 8684 8545
f 8818 8250 8684
f 8818 8547 8250
f 8819 8685 8547
f 8819 8548 8685
f 8820 8549 8548
f 8821 8686 8549
f 8821 8253 8686
f 8821 8551 8253
f 8822 8687 8551
f 8822 8410 8687
f 8823 8688 8410
f 8824 8552 8688
f 8825 8689 8238
f 8825 8554 8689
f 8690 8555 8554
f 8826 8556 8690
f 8826 8691 8556
f 8827 8413 8691
f 8828 8692 8413
f 8558 8557 8692
f 8829 8560 8558
f 8829 8693 8560
f 8694 8417 8693
f 8695 8561 8694
f 8696 8418 8695
f 8830 8562 8696
f 8831 8563 8562
f 8832 8564 8563
f 8833 8697 8564
f 8834 8420 8697
f 8834 8423 8420
f 8835 8698 8423
f 8699 8567 8698
f 8700 8568 8699
f 8836 8569 8700
f 8836 8701 8569
f 8702 8570 8701
f 8703 8273 8702
f 8704 8427 8703
f 8837 8428 8704
f 8837 8705 8428
f 8838 8398 8705
f 8572 8706 8498
f 8839 8707 8572
f 8431 8430 8707
f 8840 8432 8707
f 8824 8708 8432
f 8841 8574 8708
f 8842 8434 8574
f 8820 8709 8434
f 8710 8435 8709
f 8805 8575 8710
f 8291 8438 8711
f 8712 8440 8576
f 8843 8577 8712
f 8844 8713 8577
f 8844 8578 8713
f 8845 8579 8578
f 8846 8714 8579
f 8580 8442 8714
f 8714 8715 8580
f 8847 8581 8715
f 8711 8716 8291
f 8848 8445 8716
f 8718 8583 8717
f 8584 8292 8718
f 8849 8719 8584
f 8721 8449 8720
f 8850 8450 8721
f 8850 8722 8450
f 8850 8587 8722
f 8851 8723 8587
f 8852 8588 8723
f 8223 8724 8588
f 8661 8299 8724
f 8853 8725 8552
f 8853 8590 8725
f 8854 8726 8590
f 8732 8453 8726
f 8855 8592 8591
f 8855 8727 8592
f 8856 8457 8727
f 8788 8211 8457
f 8857 8595 8594
f 8858 8596 8595
f 8859 8597 8596
f 8729 8728 8597
f 8729 8460 8728
f 8615 8598 8729
f 8838 8730 8398
f 8838 8313 8730
f 8838 8463 8313
f 8860 8731 8463
f 8861 8600 8731
f 8855 8601 8600
f 8855 8591 8601
f 8726 8602 8732
f 8862 8733 8602
f 8734 8466 8733
f 8735 8603 8734
f 8863 8467 8735
f 8864 8720 8467
f 8865 8604 8503
f 8737 8736 8604
f 8737 8323 8736
f 8738 8605 8737
f 8866 8324 8738
f 8867 8606 8324
f 8868 8739 8606
f 8869 8607 8739
f 8608 8740 8607
f 8870 8741 8608
f 8871 8473 8742
f 8872 8743 8473
f 8611 8610 8743
f 8873 8744 8611
f 8745 8612 8744
f 8874 8475 8745
f 8771 8499 8475
f 8747 8477 8746
f 8875 8613 8747
f 8614 8748 8613
f 8876 8594 8614
f 8877 8749 8615
f 8877 8480 8749
f 8878 8750 8480
f 8878 8616 8750
f 8879 8751 8616
f 8880 8482 8751
f 8880 8752 8482
f 8617 8483 8752
f 8881 8753 8617
f 8754 8336 8753
f 8882 8618 8754
f 8882 8755 8618
f 8883 8486 8755
f 8884 8619 8486
f 8885 8756 8619
f 8757 8337 8756
f 8886 8620 8757
f 8887 8340 8620
f 8887 8622 8758
f 8759 8623 8622
f 8888 8624 8759
f 8888 8760 8624
f 8889 8625 8760
f 8889 8761 8625
f 8889 8492 8761
f 8889 8762 8492
f 8763 8626 8762
f 8764 8493 8763
f 8890 8627 8764
f 8890 8765 8627
f 8891 8190 8765
f 8891 8766 8190
f 8711 8628 8766
f 8787 8767 8494
f 8768 8629 8767
f 8768 8496 8629
f 8769 8630 8768
f 8631 8347 8769
f 8892 8497 8631
f 8892 8770 8497
f 8893 8498 8770
f 8772 8500 8771
f 8894 8633 8772
f 8894 8773 8633
f 8895 8634 8773
f 8895 8503 8634
f 8792 8637 8636
f 8896 8774 8637
f 8897 8638 8774
f 8898 8639 8638
f 8899 8658 8639
f 8900 8202 8775
f 8901 8776 8202
f 8902 8640 8776
f 8903 8507 8640
f 8903 8777 8507
f 8904 8641 8777
f 8904 8778 8641
f 8779 8508 8778
f 8905 8509 8779
f 8906 8780 8509
f 8653 8642 8780
f 8653 8643 8642
f 8907 8645 8644
f 8900 8775 8645
f 8908 8646 8781
f 8909 8514 8646
f 8783 8647 8782
f 8910 8515 8783
f 8910 8784 8515
f 8911 8516 8784
f 8912 8785 8516
f 8786 8648 8785
f 8913 8649 8786
f 8914 8787 8649
f 8915 8650 8788
f 8652 8651 8650
f 8872 8742 8652
f 8916 8655 8653
f 8916 8789 8655
f 8917 8656 8789
f 8918 8790 8656
f 8919 8374 8790
f 8920 8523 8374
f 8921 8791 8523
f 8792 8524 8791
f 8899 8793 8658
f 8922 8525 8793
f 8922 8794 8525
f 8923 8218 8794
f 8924 8659 8218
f 8908 8781 8659
f 8724 8223 8795
f 8852 8660 8588
f 8926 8796 8660
f 8927 8528 8796
f 8927 8746 8528
f 8724 8795 8661
f 8928 8797 8392
f 8798 8529 8797
f 8929 8576 8798
f 8016 8799 8228
f 8930 8663 8799
f 8931 8800 8663
f 8932 8530 8800
f 8932 8801 8530
f 8933 8664 8801
f 8934 8665 8664
f 8935 8666 8665
f 8935 8667 8666
f 8936 8802 8667
f 8936 8388 8802
f 8936 8803 8388
f 8937 8668 8803
f 8938 8669 8668
f 8928 8392 8804
f 8805 8534 8575
f 8805 8671 8534
f 8939 8672 8805
f 8807 8536 8806
f 8940 8673 8807
f 8941 8808 8673
f 8809 8674 8808
f 8238 8537 8809
f 8847 8539 8581
f 8942 8810 8539
f 8943 8677 8810
f 8943 8811 8677
f 8943 8678 8811
f 8812 8541 8678
f 8944 8679 8812
f 8945 8680 8679
f 8946 8813 8680
f 8947 8542 8813
f 8947 8681 8542
f 8947 8814 8681
f 8948 8543 8814
f 8949 8815 8543
f 8816 8544 8815
f 8950 8682 8816
f 8817 8683 8682
f 8951 8545 8817
f 8951 8818 8545
f 8952 8547 8818
f 8952 8819 8547
f 8953 8820 8548
f 8954 8549 8820
f 8955 8821 8549
f 8822 8551 8821
f 8823 8410 8822
f 8824 8688 8823
f 8853 8552 8824
f 8809 8825 8238
f 8690 8554 8825
f 8956 8826 8690
f 8957 8691 8826
f 8958 8827 8691
f 8828 8413 8827
f 8558 8692 8828
f 8959 8829 8558
f 8959 8693 8829
f 8959 8694 8693
f 8960 8695 8694
f 8961 8696 8695
f 8962 8830 8696
f 8831 8562 8830
f 8832 8563 8831
f 8833 8564 8832
f 8834 8697 8833
f 8835 8423 8834
f 8963 8698 8835
f 8964 8699 8698
f 8965 8700 8699
f 8966 8836 8700
f 8967 8701 8836
f 8968 8702 8701
f 8704 8703 8702
f 8969 8837 8704
f 8970 8705 8837
f 8970 8838 8705
f 8971 8572 8498
f 8972 8839 8572
f 8824 8707 8839
f 8824 8840 8707
f 8824 8432 8840
f 8823 8708 8824
f 8823 8841 8708
f 8973 8574 8841
f 8955 8842 8574
f 8974 8434 8842
f 8974 8820 8434
f 8975 8709 8820
f 8939 8710 8709
f 8939 8805 8710
f 8929 8712 8576
f 8976 8843 8712
f 8844 8577 8843
f 8845 8578 8844
f 8846 8579 8845
f 8977 8714 8846
f 8978 8715 8714
f 8942 8847 8715
f 8766 8716 8711
f 8766 8848 8716
f 8979 8445 8848
f 8980 8718 8717
f 8981 8584 8718
f 8982 8849 8584
f 8983 8719 8849
f 8984 8721 8720
f 8985 8850 8721
f 8986 8587 8850
f 8986 8851 8587
f 8852 8723 8851
f 8987 8590 8853
f 8987 8854 8590
f 8988 8726 8854
f 8856 8727 8855
f 8915 8457 8856
f 8915 8788 8457
f 8876 8857 8594
f 8989 8595 8857
f 8989 8858 8595
f 8859 8596 8858
f 8990 8597 8859
f 8990 8729 8597
f 8991 8615 8729
f 8992 8463 8838
f 8992 8860 8463
f 8992 8731 8860
f 8993 8861 8731
f 8993 8600 8861
f 8856 8855 8600
f 8994 8602 8726
f 8995 8862 8602
f 8996 8733 8862
f 8996 8734 8733
f 8996 8735 8734
f 8997 8863 8735
f 8998 8467 8863
f 8998 8864 8467
f 8997 8720 8864
f 8999 8865 8503
f 9000 8604 8865
f 9000 8737 8604
f 9001 8738 8737
f 8867 8866 8738
f 8867 8324 8866
f 8868 8606 8867
f 9002 8739 8868
f 9002 8869 8739
f 8608 8607 8869
f 8869 8870 8608
f 9003 8741 8870
f 8872 8871 8742
f 8872 8473 8871
f 9004 8743 8872
f 8873 8611 8743
f 8745 8744 8873
f 9005 8874 8745
f 9006 8475 8874
f 9006 8771 8475
f 9007 8747 8746
f 9008 8875 8747
f 8614 8613 8875
f 8875 8876 8614
f 9009 8877 8615
f 9010 8480 8877
f 9011 8878 8480
f 9012 8616 8878
f 9013 8879 8616
f 9014 8751 8879
f 9014 8880 8751
f 8617 8752 8880
f 8880 8881 8617
f 9015 8753 8881
f 8882 8754 8753
f 8883 8755 8882
f 8884 8486 8883
f 8883 8619 8884
f 9016 8885 8619
f 9017 8756 8885
f 9018 8757 8756
f 9018 8886 8757
f 9019 8620 8886
f 8758 8340 8887
f 9020 8622 8887
f 9020 8759 8622
f 9021 8888 8759
f 8889 8760 8888
f 9022 8762 8889
f 9022 8763 8762
f 9023 8764 8763
f 9024 8890 8764
f 8891 8765 8890
f 9025 8766 8891
f 9026 8767 8787
f 9027 8768 8767
f 8631 8769 8768
f 9028 8892 8631
f 9029 8770 8892
f 9030 8893 8770
f 8971 8498 8893
f 9031 8772 8771
f 9031 8894 8772
f 9032 8773 8894
f 9032 8895 8773
f 9033 8503 8895
f 9034 8637 8792
f 9034 8896 8637
f 9035 8774 8896
f 9035 8897 8774
f 8898 8638 8897
f 8899 8639 8898
f 9036 8202 8900
f 9036 8901 8202
f 9037 8776 8901
f 9038 8902 8776
f 8903 8640 8902
f 8904 8777 8903
f 9039 8778 8904
f 9040 8779 8778
f 9041 8905 8779
f 8906 8509 8905
f 9042 8780 8906
f 9043 8653 8780
f 9044 8907 8644
f 8900 8645 8907
f 9045 8646 8908
f 8782 8514 8909
f 9046 8783 8782
f 9046 8910 8783
f 9047 8784 8910
f 9048 8911 8784
f 9048 8516 8911
f 9048 8912 8516
f 9049 8785 8912
f 8913 8786 8785
f 8914 8649 8913
f 9050 8787 8914
f 9051 8650 8915
f 9052 8652 8650
f 9053 8872 8652
f 9043 8916 8653
f 9054 8789 8916
f 9054 8917 8789
f 8918 8656 8917
f 9055 8790 8918
f 9056 8919 8790
f 9056 8374 8919
f 9056 8920 8374
f 8920 8921 8523
f 9034 8791 8921
f 9034 8792 8791
f 9057 8793 8899
f 9058 8922 8793
f 8923 8794 8922
f 9059 8218 8923
f 9059 8924 8218
f 8908 8659 8924
f 8926 8660 8852
f 8927 8796 8926
f 8926 8746 8927
f 9063 8797 8928
f 9063 8798 8797
f 9064 8929 8798
f 9065 8799 8016
f 8983 8930 8799
f 8931 8663 8930
f 9066 8800 8931
f 9067 8932 8800
f 9068 8801 8932
f 9068 8933 8801
f 8934 8664 8933
f 8935 8665 8934
f 9069 8667 8935
f 9069 8936 8667
f 8937 8803 8936
f 8938 8668 8937
f 8804 8669 8938
f 9063 8928 8804
f 8806 8672 8939
f 8939 8807 8806
f 9070 8940 8807
f 8941 8673 8940
f 9071 8808 8941
f 9072 8809 8808
f 8847 8942 8539
f 9073 8810 8942
f 9073 8943 8810
f 9074 8678 8943
f 9074 8812 8678
f 9075 8944 8812
f 8945 8679 8944
f 9076 8680 8945
f 9076 8946 8680
f 9077 8813 8946
f 9077 8947 8813
f 9078 8814 8947
f 9079 8948 8814
f 9080 8543 8948
f 9080 8949 8543
f 9081 8815 8949
f 9081 8816 8815
f 8817 8682 8950
f 8950 8951 8817
f 8952 8818 8951
f 9082 8819 8952
f 8819 8953 8548
f 8819 8820 8953
f 8974 8954 8820
f 8974 8549 8954
f 8974 8955 8549
f 8574 8821 8955
f 8973 8822 8821
f 9083 8823 8822
f 9084 8853 8824
f 9085 8825 8809
f 9086 8690 8825
f 9086 8956 8690
f 8957 8826 8956
f 8958 8691 8957
f 9087 8827 8958
f 9088 8828 8827
f 9088 8558 8828
f 9089 8959 8558
f 9090 8694 8959
f 8961 8695 8960
f 8962 8696 8961
f 8831 8830 8962
f 9091 8832 8831
f 9091 8833 8832
f 9092 8834 8833
f 9093 8835 8834
f 9093 8963 8835
f 9094 8698 8963
f 9095 8699 8964
f 9096 8965 8699
f 9097 8700 8965
f 9097 8966 8700
f 9098 8836 8966
f 9098 8967 8836
f 8968 8701 8967
f 9099 8702 8968
f 9100 8704 8702
f 9100 8969 8704
f 8970 8837 8969
f 9101 8838 8970
f 9102 8572 8971
f 9102 8972 8572
f 9102 8839 8972
f 9084 8824 8839
f 8973 8841 8823
f 8821 8574 8973
f 8974 8842 8955
f 8819 8975 8820
f 9103 8709 8975
f 9104 8939 8709
f 8976 8712 8929
f 9105 8843 8976
f 9106 8844 8843
f 9107 8845 8844
f 9108 8846 8845
f 9109 8977 8846
f 8978 8714 8977
f 8942 8715 8978
f 9025 8848 8766
f 9110 8979 8848
f 8717 8445 8979
f 9111 8980 8717
f 9112 8718 8980
f 9112 8981 8718
f 9113 8584 8981
f 9114 8982 8584
f 9114 8849 8982
f 9065 8719 8983
f 9115 8984 8720
f 8985 8721 8984
f 9116 8850 8985
f 9116 8986 8850
f 9117 8851 8986
f 8926 8852 8851
f 9102 8987 8853
f 8971 8854 8987
f 8893 8988 8854
f 8994 8726 8988
f 8993 8915 8856
f 9118 8857 8876
f 9119 8989 8857
f 9119 8858 8989
f 9120 8859 8858
f 9121 8990 8859
f 8991 8729 8990
f 9009 8615 8991
f 9101 8992 8838
f 9122 8731 8992
f 9004 8993 8731
f 8856 8600 8993
f 8995 8602 8994
f 9123 8862 8995
f 9124 8996 8862
f 8997 8735 8996
f 9125 8863 8997
f 9125 8998 8863
f 9125 8864 8998
f 9125 8997 8864
f 9115 8720 8997
f 9126 8999 8503
f 9127 8865 8999
f 9127 9000 8865
f 9128 8737 9000
f 9128 9001 8737
f 9129 8738 9001
f 8868 8867 8738
f 9130 9002 8868
f 9131 8869 9002
f 9131 8870 8869
f 9132 9003 8870
f 9133 9004 8872
f 9134 8743 9004
f 9134 8873 8743
f 9135 8745 8873
f 9136 9005 8745
f 9006 8874 9005
f 9137 8771 9006
f 8926 9007 8746
f 8926 8747 9007
f 9117 9008 8747
f 8876 8875 9008
f 9138 8877 9009
f 9139 9010 8877
f 9140 8480 9010
f 9140 9011 8480
f 9141 8878 9011
f 9142 9012 8878
f 9013 8616 9012
f 9143 8879 9013
f 9144 9014 8879
f 9145 8880 9014
f 9015 8881 8880
f 9146 8753 9015
f 9147 8882 8753
f 9148 8883 8882
f 9016 8619 8883
f 9149 8885 9016
f 9150 9017 8885
f 9151 8756 9017
f 9152 8886 9018
f 9152 9019 8886
f 8887 8620 9019
f 9019 9020 8887
f 9153 8759 9020
f 9154 9021 8759
f 8889 8888 9021
f 9155 9022 8889
f 9023 8763 9022
f 9022 8764 9023
f 9156 9024 8764
f 9157 8890 9024
f 9157 8891 8890
f 8848 9025 8891
f 9158 9026 8787
f 9158 8767 9026
f 9159 9027 8767
f 9159 8768 9027
f 9159 8631 8768
f 9159 9028 8631
f 9160 8892 9028
f 9161 8770 9029
f 9161 9030 8770
f 9161 8893 9030
f 8854 8971 8893
f 9162 9031 8771
f 9163 8894 9031
f 9164 9032 8894
f 9033 8895 9032
f 9126 8503 9033
f 9165 8896 9034
f 9165 9035 8896
f 8898 8897 9035
f 9166 8899 8898
f 8901 9036 8900
f 8907 9037 8901
f 9167 8776 9037
f 9167 9038 8776
f 8903 8902 9038
f 8925 8904 8903
f 9061 9039 8904
f 9040 8778 9039
f 9168 8779 9040
f 9168 9041 8779
f 9169 8905 9041
f 9170 8906 8905
f 9150 9042 8906
f 9043 8780 9042
f 9037 8907 9044
f 8901 8900 8907
f 8924 9045 8908
f 8909 8646 9045
f 9172 8782 8909
f 9173 8910 9046
f 9174 9047 8910
f 9048 8784 9047
f 9175 8912 9048
f 9176 8785 9049
f 9177 8913 8785
f 9178 8914 8913
f 9179 9050 8914
f 9180 8787 9050
f 9181 9051 8915
f 9052 8650 9051
f 9182 8652 9052
f 9182 9053 8652
f 9182 8872 9053
f 9183 8916 9043
f 9016 9054 8916
f 9184 8917 9054
f 9184 8918 8917
f 9184 9055 8918
f 9185 8790 9055
f 9186 9056 8790
f 8921 8920 9056
f 9187 9034 8921
f 9188 9057 8899
f 9189 8793 9057
f 9190 9058 8793
f 8923 8922 9058
f 9191 9059 8923
f 9045 8924 9059
f 8904 8925 9061
f 8903 9062 8925
f 9194 8798 9063
f 9194 9064 8798
f 9194 8929 9064
f 8719 9065 8016
f 8983 8799 9065
f 8849 8930 8983
f 8849 8931 8930
f 9195 9066 8931
f 9067 8800 9066
f 9068 8932 9067
f 9196 8933 9068
f 9197 8934 8933
f 9069 8935 8934
f 9198 8936 9069
f 9198 8937 8936
f 9198 8938 8937
f 9199 8804 8938
f 9200 9063 8804
f 9104 8807 8939
f 9201 9070 8807
f 9202 8940 9070
f 9071 8941 8940
f 9203 8808 9071
f 9204 9072 8808
f 9085 8809 9072
f 9205 9073 8942
f 9205 8943 9073
f 9206 9074 8943
f 9207 8812 9074
f 9207 9075 8812
f 9208 8944 9075
f 9209 8945 8944
f 9210 9076 8945
f 9211 8946 9076
f 9078 9077 8946
f 9078 8947 9077
f 9079 8814 9078
f 9212 8948 9079
f 9213 9080 8948
f 9213 8949 9080
f 9214 9081 8949
f 9215 8816 9081
f 9216 8951 8950
f 9216 8952 8951
f 9217 9082 8952
f 9202 8819 9082
f 9083 8822 8973
f 8973 8823 9083
f 9102 8853 9084
f 9086 8825 9085
f 9085 8956 9086
f 9218 8957 8956
f 9087 8958 8957
f 9219 8827 9087
f 9220 9088 8827
f 9089 8558 9088
f 9090 8959 9089
f 8960 8694 9090
f 8962 8961 8960
f 9091 8831 8962
f 9221 8833 9091
f 9222 9092 8833
f 9223 8834 9092
f 8963 9093 8834
f 9224 9094 8963
f 8964 8698 9094
f 9225 9095 8964
f 9226 8699 9095
f 9226 9096 8699
f 9225 8965 9096
f 9227 9097 8965
f 9098 8966 9097
f 9228 8967 9098
f 9229 8968 8967
f 9229 9099 8968
f 9100 8702 9099
f 9230 8969 9100
f 9231 8970 8969
f 8992 9101 8970
f 8987 9102 8971
f 9084 8839 9102
f 9103 8975 8819
f 9201 8709 9103
f 9201 9104 8709
f 9232 8976 8929
f 9232 9105 8976
f 9233 8843 9105
f 9233 9106 8843
f 9234 8844 9106
f 9234 9107 8844
f 9108 8845 9107
f 9235 8846 9108
f 9235 9109 8846
f 8978 8977 9109
f 9205 8942 8978
f 9236 9110 8848
f 9236 8979 9110
f 9237 8717 8979
f 9238 8980 9111
f 9239 9112 8980
f 9240 8981 9112
f 9240 9113 8981
f 9114 8584 9113
f 9241 8849 9114
f 9242 8984 9115
f 9243 8985 8984
f 9244 9116 8985
f 9245 8986 9116
f 9245 9117 8986
f 8926 8851 9117
f 9246 8988 8893
f 9246 8994 8988
f 9181 8915 8993
f 9247 9118 8876
f 9248 8857 9118
f 9248 9119 8857
f 9249 8858 9119
f 9249 9120 8858
f 9121 8859 9120
f 9138 8990 9121
f 9138 8991 8990
f 9138 9009 8991
f 9250 9122 8992
f 9250 8731 9122
f 9134 9004 8731
f 9251 8993 9004
f 9252 8995 8994
f 9253 9123 8995
f 9254 8862 9123
f 9254 9124 8862
f 8997 8996 9124
f 9255 9115 8997
f 9256 8999 9126
f 9257 9127 8999
f 9258 9000 9127
f 9258 9128 9000
f 9129 9001 9128
f 9259 8738 9129
f 9259 8868 8738
f 9260 9130 8868
f 9131 9002 9130
f 9132 8870 9131
f 9261 9003 9132
f 9182 9133 8872
f 9251 9004 9133
f 8731 8873 9134
f 8970 9135 8873
f 9136 8745 9135
f 9135 9005 9136
f 9137 9006 9005
f 9262 8771 9137
f 9117 8747 8926
f 9263 9008 9117
f 9264 8876 9008
f 9139 8877 9138
f 9140 9010 9139
f 9141 9011 9140
f 9142 8878 9141
f 9265 9012 9142
f 9265 9013 9012
f 9265 9143 9013
f 9266 8879 9143
f 9145 9144 8879
f 9145 9014 9144
f 9015 8880 9145
f 9145 9146 9015
f 9055 8753 9146
f 9267 8882 9147
f 9267 9148 8882
f 9016 8883 9148
f 9183 9149 9016
f 9183 8885 9149
f 9183 9150 8885
f 9151 9017 9150
f 9018 8756 9151
f 9151 9152 9018
f 9268 9019 9152
f 9268 9020 9019
f 9269 9153 9020
f 9269 8759 9153
f 9270 9021 9154
f 9270 8889 9021
f 9270 9155 8889
f 9270 9022 9155
f 9271 8764 9022
f 9271 9156 8764
f 9272 9024 9156
f 9273 9157 9024
f 9274 8891 9157
f 9275 8848 8891
f 9180 9158 8787
f 9159 8767 9158
f 9158 9028 9159
f 9276 9160 9028
f 9029 8892 9160
f 9277 9161 9029
f 9246 8893 9161
f 9262 9162 8771
f 9262 9031 9162
f 9278 9163 9031
f 9279 8894 9163
f 9280 9164 8894
f 9281 9032 9164
f 9282 9033 9032
f 9282 9126 9033
f 9187 9165 9034
f 9283 9035 9165
f 9166 8898 9035
f 9188 8899 9166
f 9171 9167 9037
f 9062 8903 9038
f 9284 9039 9061
f 9285 9040 9039
f 9286 9168 9040
f 9287 9041 9168
f 9287 9169 9041
f 9170 8905 9169
f 9288 8906 9170
f 9043 9042 9150
f 9037 9044 9171
f 9172 8909 9045
f 9046 8782 9172
f 9172 9173 9046
f 9174 8910 9173
f 9289 9047 9174
f 9289 9048 9047
f 9290 9175 9048
f 9049 8912 9175
f 9291 9176 9049
f 9177 8785 9176
f 9292 8913 9177
f 9292 9178 8913
f 9179 8914 9178
f 9293 9050 9179
f 9293 9180 9050
f 9052 9051 9181
f 9133 9182 9052
f 9150 9183 9043
f 9016 8916 9183
f 9148 9054 9016
f 9148 9184 9054
f 9147 9055 9184
f 9146 9185 9055
f 9186 8790 9185
f 9187 9056 9186
f 9187 8921 9056
f 9294 9057 9188
f 9295 9189 9057
f 9296 8793 9189
f 9297 9190 8793
f 9298 9058 9190
f 9191 8923 9058
f 9045 9059 9191
f 9299 9192 9060
f 9200 9194 9063
f 9232 8929 9194
f 9301 8931 8849
f 9301 9195 8931
f 9302 9066 9195
f 9303 9067 9066
f 9304 9068 9067
f 9305 9196 9068
f 9197 8933 9196
f 9306 8934 9197
f 9307 9069 8934
f 9307 9198 9069
f 9199 8938 9198
f 9308 8804 9199
f 9308 9200 8804
f 9201 8807 9104
f 9103 9070 9201
f 9103 9202 9070
f 9217 8940 9202
f 9217 9071 8940
f 9217 9203 9071
f 9309 8808 9203
f 9310 9204 8808
f 9311 9072 9204
f 9312 9085 9072
f 9109 8943 9205
f 9235 9206 8943
f 9313 9074 9206
f 9314 9207 9074
f 9314 9075 9207
f 9315 9208 9075
f 9209 8944 9208
f 9316 8945 9209
f 9316 9210 8945
f 9317 9076 9210
f 9317 9211 9076
f 9318 8946 9211
f 9318 9078 8946
f 9319 9079 9078
f 9320 8948 9212
f 9321 9213 8948
f 9322 8949 9213
f 9322 9214 8949
f 9323 9081 9214
f 9324 9215 9081
f 8950 8816 9215
f 9310 9216 8950
f 9325 8952 9216
f 9325 9217 8952
f 9202 9082 9217
f 9103 8819 9202
f 9312 8956 9085
f 9326 9218 8956
f 9326 8957 9218
f 9327 9087 8957
f 9327 9219 9087
f 9220 8827 9219
f 9089 9088 9220
f 9328 9090 9089
f 9329 8962 8960
f 9330 9091 8962
f 9330 9221 9091
f 9330 8833 9221
f 9331 9222 8833
f 9223 9092 9222
f 9332 8834 9223
f 9332 8963 8834
f 9332 9224 8963
f 8964 9094 9224
f 9226 9095 9225
f 9225 9096 9226
f 9227 8965 9225
f 9098 9097 9227
f 9333 9228 9098
f 9229 8967 9228
f 9230 9099 9229
f 9099 9230 9100
f 9231 8969 9230
f 9334 8970 9231
f 8873 8992 8970
f 9335 9105 9232
f 9336 9233 9105
f 9234 9106 9233
f 9337 9107 9234
f 9206 9108 9107
f 9206 9235 9108
f 8943 9109 9235
f 9205 8978 9109
f 9275 9236 8848
f 9338 8979 9236
f 9338 9237 8979
f 9338 8717 9237
f 9339 8980 9238
f 9339 9239 8980
f 9240 9112 9239
f 9340 9113 9240
f 9340 9241 9114
f 9341 8849 9241
f 9342 9242 9115
f 9243 8984 9242
f 9244 8985 9243
f 9343 9116 9244
f 9343 9245 9116
f 9263 9117 9245
f 9161 8994 9246
f 9133 9181 8993
f 9264 9247 8876
f 9344 9118 9247
f 9345 9248 9118
f 9346 9119 9248
f 9120 9249 9119
f 9347 9121 9120
f 9348 9138 9121
f 8873 9250 8992
f 8873 8731 9250
f 9133 8993 9251
f 9349 9252 8994
f 9350 8995 9252
f 9350 9253 8995
f 9351 9123 9253
f 9351 9254 9123
f 9351 9124 9254
f 9352 8997 9124
f 9352 9255 8997
f 9342 9115 9255
f 9282 9256 9126
f 9257 8999 9256
f 9353 9127 9257
f 9353 9258 9127
f 9354 9128 9258
f 9354 9129 9128
f 9355 9259 9129
f 9355 8868 9259
f 9355 9260 8868
f 9356 9130 9260
f 9357 9131 9130
f 9357 9132 9131
f 9358 9261 9132
f 9360 9135 8970
f 9360 9005 9135
f 9262 9137 9005
f 9264 9008 9263
f 9361 9139 9138
f 9361 9140 9139
f 9362 9141 9140
f 9363 9142 9141
f 9364 9265 9142
f 9266 9143 9265
f 9365 8879 9266
f 9365 9145 8879
f 9366 9146 9145
f 9147 8753 9055
f 9184 9267 9147
f 9184 9148 9267
f 9288 9151 9150
f 9288 9152 9151
f 9288 9268 9152
f 9367 9020 9268
f 9367 9269 9020
f 9154 8759 9269
f 9368 9270 9154
f 9369 9022 9270
f 9156 9271 9022
f 9370 9272 9156
f 9371 9024 9272
f 9372 9273 9024
f 9274 9157 9273
f 9275 8891 9274
f 9373 9158 9180
f 9276 9028 9158
f 9374 9160 9276
f 9277 9029 9160
f 9375 9161 9277
f 9278 9031 9262
f 9262 9163 9278
f 9376 9279 9163
f 9280 8894 9279
f 9377 9164 9280
f 9378 9281 9164
f 9379 9282 9032
f 9380 9165 9187
f 9381 9283 9165
f 9382 9035 9283
f 9383 9166 9035
f 9383 9188 9166
f 9300 9284 9061
f 9384 9039 9284
f 9385 9285 9039
f 9386 9040 9285
f 9386 9286 9040
f 9386 9168 9286
f 9387 9287 9168
f 9388 9169 9287
f 9389 9170 9169
f 9389 9288 9170
f 9150 8906 9288
f 9191 9172 9045
f 9191 9173 9172
f 9191 9174 9173
f 9298 9289 9174
f 9390 9048 9289
f 9390 9290 9048
f 9291 9175 9290
f 9291 9049 9175
f 9177 9176 9291
f 9391 9292 9177
f 9392 9178 9292
f 9393 9179 9178
f 9394 9293 9179
f 9394 9180 9293
f 9133 9052 9181
f 9395 9185 9146
f 9396 9186 9185
f 9380 9187 9186
f 9383 9294 9188
f 9397 9057 9294
f 9397 9295 9057
f 9297 9189 9295
f 9297 9296 9189
f 9297 8793 9296
f 9298 9190 9297
f 9191 9058 9298
f 9398 9299 9060
f 9193 9192 9299
f 9284 9300 9193
f 9399 9194 9200
f 9400 9232 9194
f 9341 9301 8849
f 9401 9195 9301
f 9402 9302 9195
f 9303 9066 9302
f 9403 9067 9303
f 9403 9304 9067
f 9305 9068 9304
f 9404 9196 9305
f 9404 9197 9196
f 9405 9306 9197
f 9405 8934 9306
f 9406 9307 8934
f 9407 9198 9307
f 9408 9199 9198
f 9408 9308 9199
f 9399 9200 9308
f 9325 9203 9217
f 9325 9309 9203
f 9310 8808 9309
f 9311 9204 9310
f 9312 9072 9311
f 9409 9313 9206
f 9314 9074 9313
f 9315 9075 9314
f 9410 9208 9315
f 9411 9209 9208
f 9412 9316 9209
f 9413 9210 9316
f 9211 9317 9210
f 9210 9318 9211
f 9319 9078 9318
f 9212 9079 9319
f 9414 9320 9212
f 9414 8948 9320
f 9415 9321 8948
f 9322 9213 9321
f 9416 9214 9322
f 9310 9323 9214
f 9324 9081 9323
f 9417 9215 9324
f 9417 8950 9215
f 9417 9310 8950
f 9325 9216 9310
f 9326 8956 9312
f 9327 8957 9326
f 9418 9219 9327
f 9419 9220 9219
f 9220 9328 9089
f 9420 9090 9328
f 9090 9329 8960
f 9420 8962 9329
f 9331 8833 9330
f 9421 9222 9331
f 9422 9223 9222
f 9224 9332 9223
f 9225 8964 9224
f 9423 9227 9225
f 9424 9098 9227
f 9425 9333 9098
f 9229 9228 9333
f 9426 9230 9229
f 9426 9231 9230
f 9426 9334 9231
f 9427 8970 9334
f 9428 9335 9232
f 9429 9105 9335
f 9430 9336 9105
f 9431 9233 9336
f 9432 9234 9233
f 9433 9337 9234
f 9409 9107 9337
f 9409 9206 9107
f 9274 9236 9275
f 9434 9338 9236
f 9435 8717 9338
f 9436 9239 9339
f 9437 9240 9239
f 9114 9113 9340
f 9438 9241 9340
f 9301 9341 9241
f 9243 9242 9342
f 9439 9244 9243
f 9439 9343 9244
f 9263 9245 9343
f 9349 8994 9161
f 9344 9247 9264
f 9440 9118 9344
f 9441 9345 9118
f 9346 9248 9345
f 9345 9119 9346
f 9442 9120 9119
f 9443 9347 9120
f 9347 9348 9121
f 9361 9138 9348
f 9350 9252 9349
f 9349 9253 9350
f 9444 9351 9253
f 9352 9124 9351
f 9445 9255 9352
f 9445 9342 9255
f 9446 9256 9282
f 9446 9257 9256
f 9447 9353 9257
f 9448 9258 9353
f 9448 9354 9258
f 9449 9129 9354
f 9449 9355 9129
f 9450 9260 9355
f 9451 9356 9260
f 9357 9130 9356
f 9358 9132 9357
f 9359 9261 9358
f 9427 9360 8970
f 9452 9005 9360
f 9453 9262 9005
f 9454 9264 9263
f 9455 9140 9361
f 9456 9362 9140
f 9362 9363 9141
f 9364 9142 9363
f 9457 9265 9364
f 9457 9266 9265
f 9458 9365 9266
f 9458 9145 9365
f 9458 9366 9145
f 9395 9146 9366
f 9459 9268 9288
f 9459 9367 9268
f 9459 9269 9367
f 9460 9154 9269
f 9461 9368 9154
f 9462 9270 9368
f 9462 9369 9270
f 9463 9022 9369
f 9463 9156 9022
f 9464 9370 9156
f 9371 9272 9370
f 9465 9024 9371
f 9466 9372 9024
f 9467 9273 9372
f 9468 9274 9273
f 9394 9373 9180
f 9276 9158 9373
f 9373 9374 9276
f 9277 9160 9374
f 9469 9375 9277
f 9470 9161 9375
f 9376 9163 9262
f 9471 9279 9376
f 9472 9280 9279
f 9378 9164 9377
f 9473 9281 9378
f 9281 9379 9032
f 9474 9282 9379
f 9381 9165 9380
f 9382 9283 9381
f 9383 9035 9382
f 9475 9384 9284
f 9385 9039 9384
f 9460 9285 9385
f 9460 9386 9285
f 9476 9168 9386
f 9477 9387 9168
f 9387 9388 9287
f 9459 9169 9388
f 9288 9389 9169
f 9298 9174 9191
f 9297 9289 9298
f 9297 9390 9289
f 9478 9290 9390
f 9479 9291 9290
f 9480 9177 9291
f 9480 9391 9177
f 9481 9292 9391
f 9481 9392 9292
f 9393 9178 9392
f 9482 9179 9393
f 9482 9394 9179
f 9396 9185 9395
f 9366 9186 9396
f 9483 9380 9186
f 9382 9294 9383
f 9484 9397 9294
f 9485 9295 9397
f 9486 9297 9295
f 9487 9299 9398
f 9488 9193 9299
f 9488 9284 9193
f 9400 9194 9399
f 9428 9232 9400
f 9241 9401 9301
f 9402 9195 9401
f 9489 9302 9402
f 9490 9303 9302
f 9490 9403 9303
f 9490 9304 9403
f 9491 9305 9304
f 9492 9404 9305
f 9493 9197 9404
f 9494 9405 9197
f 9406 8934 9405
f 9407 9307 9406
f 9495 9198 9407
f 9495 9408 9198
f 9496 9308 9408
f 9496 9399 9308
f 9310 9309 9325
f 9214 9311 9310
f 9416 9312 9311
f 9497 9313 9409
f 9498 9314 9313
f 9499 9315 9314
f 9500 9410 9315
f 9411 9208 9410
f 9501 9209 9411
f 9502 9412 9209
f 9503 9316 9412
f 9503 9413 9316
f 9504 9210 9413
f 9319 9318 9210
f 9505 9212 9319
f 9419 9414 9212
f 9415 8948 9414
f 9506 9321 9415
f 9506 9322 9321
f 9506 9416 9322
f 9311 9214 9416
f 9324 9323 9310
f 9310 9417 9324
f 9416 9326 9312
f 9507 9327 9326
f 9414 9418 9327
f 9419 9219 9418
f 9328 9220 9419
f 9508 9420 9328
f 9329 9090 9420
f 9508 8962 9420
f 9421 9331 9330
f 9509 9222 9421
f 9510 9422 9222
f 9511 9223 9422
f 9511 9224 9223
f 9423 9225 9224
f 9512 9227 9423
f 9513 9424 9227
f 9513 9098 9424
f 9514 9425 9098
f 9514 9333 9425
f 9426 9229 9333
f 9427 9334 9426
f 9515 9335 9428
f 9515 9429 9335
f 9430 9105 9429
f 9431 9336 9430
f 9432 9233 9431
f 9433 9234 9432
f 9516 9337 9433
f 9517 9409 9337
f 9434 9236 9274
f 9435 9338 9434
f 9434 8717 9435
f 9437 9239 9436
f 9340 9240 9437
f 9518 9438 9340
f 9518 9241 9438
f 9519 9243 9342
f 9520 9439 9243
f 9521 9343 9439
f 9454 9263 9343
f 9470 9349 9161
f 9521 9344 9264
f 9522 9440 9344
f 9441 9118 9440
f 9523 9345 9441
f 9524 9119 9345
f 9524 9442 9119
f 9442 9443 9120
f 9525 9347 9443
f 9526 9348 9347
f 9526 9361 9348
f 9444 9253 9349
f 9527 9351 9444
f 9445 9352 9351
f 9527 9342 9445
f 9474 9446 9282
f 9528 9257 9446
f 9528 9447 9257
f 9448 9353 9447
f 9529 9354 9448
f 9529 9449 9354
f 9529 9355 9449
f 9530 9450 9355
f 9531 9260 9450
f 9532 9451 9260
f 9357 9356 9451
f 9533 9358 9357
f 9533 9359 9358
f 9534 9360 9427
f 9534 9452 9360
f 9453 9005 9452
f 9376 9262 9453
f 9521 9264 9454
f 9535 9455 9361
f 9455 9456 9140
f 9536 9362 9456
f 9536 9363 9362
f 9537 9364 9363
f 9266 9457 9364
f 9538 9458 9266
f 9539 9366 9458
f 9169 9459 9288
f 9540 9269 9459
f 9540 9460 9269
f 9541 9368 9461
f 9541 9462 9368
f 9541 9369 9462
f 9542 9463 9369
f 9464 9156 9463
f 9543 9370 9464
f 9543 9371 9370
f 9544 9465 9371
f 9466 9024 9465
f 9465 9372 9466
f 9545 9467 9372
f 9468 9273 9467
f 9434 9274 9468
f 9546 9373 9394
f 9547 9374 9373
f 9547 9277 9374
f 9548 9469 9277
f 9549 9375 9469
f 9453 9471 9376
f 9472 9279 9471
f 9377 9280 9472
f 9550 9378 9377
f 9551 9281 9473
f 9474 9379 9281
f 9552 9381 9380
f 9553 9382 9381
f 9488 9475 9284
f 9461 9384 9475
f 10471 9385 9384
f 9476 9386 9460
f 9477 9168 9476
f 9388 9387 9477
f 9460 9459 9388
f 9486 9390 9297
f 9486 9478 9390
f 9554 9290 9478
f 9554 9479 9290
f 9480 9291 9479
f 9555 9391 9480
f 9555 9481 9391
f 9556 9392 9481
f 9557 9393 9392
f 9558 9482 9393
f 9559 9394 9482
f 9366 9396 9395
f 9483 9186 9366
f 9484 9294 9382
f 9560 9397 9484
f 9560 9485 9397
f 9561 9295 9485
f 9562 9486 9295
f 9563 9487 9398
f 9564 9299 9487
f 9564 9488 9299
f 9428 9400 9399
f 9566 9401 9241
f 9489 9402 9401
f 9490 9302 9489
f 9491 9304 9490
f 9492 9305 9491
f 9567 9404 9492
f 9567 9493 9404
f 9494 9197 9493
f 9568 9405 9494
f 9568 9406 9405
f 9568 9407 9406
f 9569 9495 9407
f 9496 9408 9495
f 9569 9399 9496
f 9517 9497 9409
f 9499 9313 9497
f 9499 9498 9313
f 9499 9314 9498
f 9500 9315 9499
f 9411 9410 9500
f 9502 9501 9411
f 9502 9209 9501
f 9570 9412 9502
f 9571 9503 9412
f 9572 9413 9503
f 9572 9504 9413
f 9319 9210 9504
f 9572 9505 9319
f 9573 9212 9505
f 9573 9419 9212
f 9418 9414 9419
f 9574 9415 9414
f 9574 9506 9415
f 9326 9416 9506
f 9506 9507 9326
f 9506 9327 9507
f 9574 9414 9327
f 9575 9328 9419
f 9576 9508 9328
f 9577 8962 9508
f 9578 9421 9330
f 9579 9509 9421
f 9580 9222 9509
f 9580 9510 9222
f 9581 9422 9510
f 9224 9511 9422
f 9582 9423 9224
f 9583 9227 9512
f 9584 9513 9227
f 9514 9098 9513
f 9585 9333 9514
f 9586 9426 9333
f 9586 9427 9426
f 9587 9515 9428
f 9588 9429 9515
f 9431 9430 9429
f 9589 9432 9431
f 9590 9433 9432
f 9591 9516 9433
f 9517 9337 9516
f 9339 8717 9434
f 9592 9437 9436
f 9518 9340 9437
f 9593 9241 9518
f 9594 9519 9342
f 9595 9243 9519
f 9596 9520 9243
f 9521 9439 9520
f 9454 9343 9521
f 9549 9349 9470
f 9597 9344 9521
f 9598 9522 9344
f 9441 9440 9522
f 9599 9523 9441
f 9600 9345 9523
f 9442 9524 9345
f 9525 9443 9442
f 9601 9347 9525
f 9601 9526 9347
f 9535 9361 9526
f 9549 9444 9349
f 9549 9527 9444
f 9445 9351 9527
f 9602 9342 9527
f 9603 9446 9474
f 9604 9528 9446
f 9605 9447 9528
f 9606 9448 9447
f 9606 9529 9448
f 9607 9355 9529
f 9608 9530 9355
f 9530 9531 9450
f 9532 9260 9531
f 9609 9451 9532
f 9533 9357 9451
f 9610 9359 9533
f 9586 9534 9427
f 9611 9452 9534
f 9611 9453 9452
f 9612 9455 9535
f 9536 9456 9455
f 9613 9363 9536
f 9613 9537 9363
f 9614 9364 9537
f 9615 9266 9364
f 9615 9538 9266
f 9539 9458 9538
f 9616 9366 9539
f 9460 9540 9459
f 9487 9541 9461
f 9617 9369 9541
f 9618 9542 9369
f 9464 9463 9542
f 9619 9543 9464
f 9544 9371 9543
f 9620 9465 9544
f 9545 9372 9465
f 9621 9467 9545
f 9622 9468 9467
f 9622 9434 9468
f 9623 9546 9394
f 9547 9373 9546
f 9548 9277 9547
f 9624 9469 9548
f 9527 9549 9469
f 9470 9375 9549
f 9625 9471 9453
f 9626 9472 9471
f 9626 9377 9472
f 9626 9550 9377
f 9473 9378 9550
f 9627 9551 9473
f 9474 9281 9551
f 9483 9552 9380
f 9553 9381 9552
f 9484 9382 9553
f 9564 9475 9488
f 9564 9461 9475
f 9388 9476 9460
f 9388 9477 9476
f 9562 9478 9486
f 9628 9554 9478
f 9629 9479 9554
f 9629 9480 9479
f 9629 9555 9480
f 9630 9481 9555
f 9630 9556 9481
f 9557 9392 9556
f 9631 9393 9557
f 9631 9558 9393
f 9559 9482 9558
f 9558 9394 9559
f 9616 9483 9366
f 9632 9560 9484
f 9633 9485 9560
f 9634 9561 9485
f 9635 9295 9561
f 9635 9562 9295
f 9636 9563 9398
f 9461 9564 9487
f 9593 9566 9241
f 9637 9401 9566
f 9638 9489 9401
f 9639 9490 9489
f 9640 9491 9490
f 9640 9492 9491
f 9640 9567 9492
f 9641 9493 9567
f 9642 9494 9493
f 9643 9568 9494
f 9644 9407 9568
f 9644 9569 9407
f 9496 9495 9569
f 9587 9399 9569
f 9499 9497 9517
f 9645 9500 9499
f 9645 9411 9500
f 9646 9502 9411
f 9647 9570 9502
f 9648 9412 9570
f 9648 9571 9412
f 9649 9503 9571
f 9649 9572 9503
f 9572 9319 9504
f 9649 9505 9572
f 9419 9573 9505
f 9327 9506 9574
f 9505 9575 9419
f 9576 9328 9575
f 9577 9508 9576
f 9650 8962 9577
f 9651 9578 9330
f 9579 9421 9578
f 9652 9509 9579
f 9652 9580 9509
f 9581 9510 9580
f 9653 9422 9581
f 9654 9224 9422
f 9654 9582 9224
f 9655 9423 9582
f 9656 9583 9512
f 9657 9227 9583
f 9657 9584 9227
f 9657 9513 9584
f 9657 9514 9513
f 9658 9585 9514
f 9586 9333 9585
f 9399 9587 9428
f 9588 9515 9587
f 9659 9429 9588
f 9659 9431 9429
f 9660 9589 9431
f 9590 9432 9589
f 9591 9433 9590
f 9661 9516 9591
f 9661 9517 9516
f 9622 9339 9434
f 9662 9592 9436
f 9518 9437 9592
f 9663 9593 9518
f 9602 9594 9342
f 9595 9519 9594
f 9596 9243 9595
f 9664 9520 9596
f 9597 9521 9520
f 9598 9344 9597
f 9599 9522 9598
f 9522 9599 9441
f 9665 9523 9599
f 9665 9600 9523
f 9666 9345 9600
f 9667 9442 9345
f 9668 9525 9442
f 9669 9601 9525
f 9670 9526 9601
f 9670 9535 9526
f 9671 9602 9527
f 9672 9603 9474
f 9673 9446 9603
f 9673 9604 9446
f 9674 9528 9604
f 9674 9605 9528
f 9675 9447 9605
f 9676 9606 9447
f 9607 9529 9606
f 9608 9355 9607
f 9677 9530 9608
f 9678 9531 9530
f 9679 9532 9531
f 9680 9609 9532
f 9533 9451 9609
f 9609 9610 9533
f 9681 9359 9610
f 9611 9534 9586
f 9625 9453 9611
f 9536 9612 9535
f 9536 9455 9612
f 9682 9613 9536
f 9683 9537 9613
f 9684 9614 9537
f 9615 9364 9614
f 9685 9538 9615
f 9685 9539 9538
f 9552 9616 9539
f 9563 9541 9487
f 9686 9617 9541
f 9618 9369 9617
f 9543 9542 9618
f 9619 9464 9542
f 9542 9543 9619
f 9687 9544 9543
f 9687 9620 9544
f 9688 9465 9620
f 9688 9545 9465
f 9689 9621 9545
f 9622 9467 9621
f 9558 9623 9394
f 9690 9546 9623
f 9690 9547 9546
f 9624 9548 9547
f 9527 9469 9624
f 9658 9471 9625
f 9658 9626 9471
f 9691 9550 9626
f 9691 9473 9550
f 9691 9627 9473
f 9672 9551 9627
f 9685 9553 9552
f 9632 9484 9553
f 9635 9478 9562
f 9635 9628 9478
f 9692 9554 9628
f 9693 9629 9554
f 9694 9555 9629
f 9695 9630 9555
f 9696 9556 9630
f 9696 9557 9556
f 9697 9631 9557
f 9697 9558 9631
f 9552 9483 9616
f 9633 9560 9632
f 9634 9485 9633
f 9615 9561 9634
f 9698 9635 9561
f 9701 9563 9636
f 9707 9566 9593
f 9707 9637 9566
f 9638 9401 9637
f 9708 9489 9638
f 9708 9639 9489
f 9709 9490 9639
f 9710 9640 9490
f 9711 9567 9640
f 9712 9641 9567
f 9642 9493 9641
f 9713 9494 9642
f 9714 9643 9494
f 9715 9568 9643
f 9569 9644 9568
f 9716 9587 9569
f 9717 9499 9517
f 9718 9645 9499
f 9718 9411 9645
f 9718 9646 9411
f 9719 9502 9646
f 9720 9647 9502
f 9652 9570 9647
f 9721 9648 9570
f 9722 9571 9648
f 9722 9649 9571
f 9722 9505 9649
f 9576 9575 9505
f 9650 9577 9576
f 9651 8962 9650
f 8962 9651 9330
f 9723 9578 9651
f 9723 9579 9578
f 9721 9652 9579
f 9724 9580 9652
f 9653 9581 9580
f 9654 9422 9653
f 9725 9582 9654
f 9725 9655 9582
f 9512 9423 9655
f 9726 9656 9512
f 9727 9583 9656
f 9727 9657 9583
f 9727 9514 9657
f 9728 9658 9514
f 9611 9585 9658
f 9611 9586 9585
f 9729 9588 9587
f 9729 9659 9588
f 9730 9431 9659
f 9731 9660 9431
f 9590 9589 9660
f 9732 9591 9590
f 9733 9661 9591
f 9734 9517 9661
f 9735 9662 9436
f 9518 9592 9662
f 9736 9663 9518
f 9737 9593 9663
f 9738 9594 9602
f 9739 9595 9594
f 9740 9596 9595
f 9740 9664 9596
f 9597 9520 9664
f 9599 9598 9597
f 9741 9665 9599
f 9666 9600 9665
f 9742 9345 9666
f 9743 9667 9345
f 9744 9442 9667
f 9744 9668 9442
f 9669 9525 9668
f 9670 9601 9669
f 9745 9535 9670
f 9746 9671 9527
f 9738 9602 9671
f 9551 9672 9474
f 9747 9603 9672
f 9747 9673 9603
f 9674 9604 9673
f 9748 9605 9674
f 9606 9675 9605
f 9676 9447 9675
f 9675 9606 9676
f 9749 9607 9606
f 9750 9608 9607
f 9750 9677 9608
f 9751 9530 9677
f 9752 9678 9530
f 9678 9679 9531
f 9679 9680 9532
f 9610 9609 9680
f 9680 9681 9610
f 9753 9359 9681
f 9658 9625 9611
f 9754 9536 9535
f 9755 9682 9536
f 9683 9613 9682
f 9756 9537 9683
f 9756 9684 9537
f 9698 9614 9684
f 9757 9615 9614
f 9553 9685 9615
f 9552 9539 9685
f 9701 9541 9563
f 9701 9686 9541
f 9758 9617 9686
f 9758 9618 9617
f 9759 9543 9618
f 9760 9687 9543
f 9760 9620 9687
f 9761 9545 9688
f 9761 9689 9545
f 9762 9621 9689
f 9762 9622 9621
f 9763 9623 9558
f 9764 9690 9623
f 9765 9547 9690
f 9766 9624 9547
f 9746 9527 9624
f 9767 9626 9658
f 9627 9691 9626
f 9768 9672 9627
f 9615 9632 9553
f 9698 9628 9635
f 9698 9692 9628
f 9693 9554 9692
f 9694 9629 9693
f 9695 9555 9694
f 9696 9630 9695
f 9769 9557 9696
f 9770 9697 9557
f 9763 9558 9697
f 9615 9633 9632
f 9615 9634 9633
f 9757 9561 9615
f 9614 9698 9561
f 9771 9636 9700
f 9758 9701 9636
f 9772 9702 9359
f 9776 9637 9707
f 9776 9638 9637
f 9777 9708 9638
f 9778 9639 9708
f 9779 9709 9639
f 9780 9490 9709
f 9780 9710 9490
f 9781 9640 9710
f 9712 9711 9640
f 9712 9567 9711
f 9782 9641 9712
f 9713 9642 9641
f 9714 9494 9713
f 9783 9643 9714
f 9716 9715 9643
f 9716 9568 9715
f 9716 9569 9568
f 9784 9587 9716
f 9734 9717 9517
f 9718 9499 9717
f 9785 9646 9718
f 9786 9719 9646
f 9787 9502 9719
f 9787 9720 9502
f 9652 9647 9720
f 9721 9570 9652
f 9576 9648 9721
f 9576 9722 9648
f 9576 9505 9722
f 9721 9650 9576
f 9723 9651 9650
f 9788 9579 9723
f 9788 9721 9579
f 9789 9724 9652
f 9653 9580 9724
f 9790 9654 9653
f 9655 9725 9654
f 9791 9512 9655
f 9792 9726 9512
f 9793 9656 9726
f 9794 9727 9656
f 9728 9514 9727
f 9767 9658 9728
f 9784 9729 9587
f 9730 9659 9729
f 9795 9431 9730
f 9795 9731 9431
f 9796 9660 9731
f 9797 9590 9660
f 9797 9732 9590
f 9733 9591 9732
f 9734 9661 9733
f 9762 9735 9436
f 9736 9662 9735
f 9736 9518 9662
f 9798 9663 9736
f 9798 9737 9663
f 9707 9593 9737
f 9739 9594 9738
f 9740 9595 9739
f 9799 9664 9740
f 9741 9597 9664
f 9741 9599 9597
f 9800 9665 9741
f 9801 9666 9665
f 9802 9742 9666
f 9743 9345 9742
f 9668 9667 9743
f 9668 9744 9667
f 9803 9669 9668
f 9802 9670 9669
f 9802 9745 9670
f 9755 9535 9745
f 9624 9671 9746
f 9804 9738 9671
f 9768 9747 9672
f 9805 9673 9747
f 9805 9674 9673
f 9805 9748 9674
f 9806 9605 9748
f 9807 9606 9605
f 9808 9749 9606
f 9809 9607 9749
f 9809 9750 9607
f 9751 9677 9750
f 9810 9530 9751
f 9810 9752 9530
f 9679 9678 9752
f 9811 9680 9679
f 9753 9681 9680
f 9772 9359 9753
f 9755 9754 9535
f 9755 9536 9754
f 9812 9682 9755
f 9756 9683 9682
f 9813 9684 9756
f 9692 9698 9684
f 9561 9757 9614
f 9758 9686 9701
f 9771 9618 9758
f 9771 9759 9618
f 9814 9543 9759
f 9815 9760 9543
f 9699 9620 9760
f 9816 9761 9688
f 9817 9689 9761
f 9817 9762 9689
f 9436 9622 9762
f 9764 9623 9763
f 9818 9690 9764
f 9819 9765 9690
f 9766 9547 9765
f 9804 9624 9766
f 9728 9626 9767
f 9820 9627 9626
f 9821 9768 9627
f 9684 9693 9692
f 9822 9694 9693
f 9823 9695 9694
f 9769 9696 9695
f 9770 9557 9769
f 9824 9697 9770
f 9825 9763 9697
f 9815 9700 9760
f 9759 9771 9700
f 9758 9636 9771
f 9826 9702 9772
f 9826 9773 9702
f 9827 9565 9773
f 9828 9704 9703
f 9774 9705 9704
f 9829 9706 9774
f 9830 9775 9706
f 9737 9776 9707
f 9831 9638 9776
f 9831 9777 9638
f 9828 9708 9777
f 9832 9778 9708
f 9779 9639 9778
f 9833 9709 9779
f 9833 9780 9709
f 9833 9710 9780
f 9834 9781 9710
f 9835 9640 9781
f 9835 9712 9640
f 9836 9782 9712
f 9837 9641 9782
f 9783 9713 9641
f 9783 9714 9713
f 9838 9643 9783
f 9839 9716 9643
f 9840 9784 9716
f 9841 9717 9734
f 9785 9718 9717
f 9841 9646 9785
f 9842 9786 9646
f 9843 9719 9786
f 9844 9787 9719
f 9844 9720 9787
f 9844 9652 9720
f 9723 9650 9721
f 9721 9788 9723
f 9844 9789 9652
f 9845 9724 9789
f 9846 9653 9724
f 9847 9790 9653
f 9848 9654 9790
f 9849 9655 9654
f 9849 9791 9655
f 9850 9512 9791
f 9851 9792 9512
f 9852 9726 9792
f 9853 9793 9726
f 9794 9656 9793
f 9728 9727 9794
f 9840 9729 9784
f 9840 9730 9729
f 9854 9795 9730
f 9854 9731 9795
f 9855 9796 9731
f 9856 9660 9796
f 9857 9797 9660
f 9858 9732 9797
f 9859 9733 9732
f 9841 9734 9733
f 9860 9735 9762
f 9860 9736 9735
f 9861 9798 9736
f 9861 9737 9798
f 9862 9739 9738
f 9863 9740 9739
f 9863 9799 9740
f 9741 9664 9799
f 9799 9800 9741
f 9801 9665 9800
f 9864 9666 9801
f 9865 9802 9666
f 9803 9742 9802
f 9803 9743 9742
f 9803 9668 9743
f 9802 9669 9803
f 9865 9745 9802
f 9866 9755 9745
f 9804 9671 9624
f 9867 9738 9804
f 9868 9747 9768
f 9868 9805 9747
f 9869 9748 9805
f 9869 9806 9748
f 9870 9605 9806
f 9870 9807 9605
f 9808 9606 9807
f 9809 9749 9808
f 9871 9750 9809
f 9872 9751 9750
f 9873 9810 9751
f 9873 9752 9810
f 9874 9679 9752
f 9874 9811 9679
f 9753 9680 9811
f 9875 9772 9753
f 9866 9812 9755
f 9823 9682 9812
f 9813 9756 9682
f 9822 9684 9813
f 9700 9814 9759
f 9815 9543 9814
f 9620 9816 9688
f 9817 9761 9816
f 9860 9762 9817
f 9339 9622 9436
f 9876 9764 9763
f 9876 9818 9764
f 9819 9690 9818
f 9766 9765 9819
f 9819 9804 9766
f 9794 9626 9728
f 9794 9820 9626
f 9821 9627 9820
f 9877 9768 9821
f 9822 9693 9684
f 9823 9694 9822
f 9878 9695 9823
f 9878 9769 9695
f 9824 9770 9769
f 9825 9697 9824
f 9876 9763 9825
f 9814 9700 9815
f 9827 9773 9826
f 9879 9565 9827
f 9832 9828 9703
f 9831 9704 9828
f 9829 9774 9704
f 9830 9706 9829
f 9880 9775 9830
f 9861 9776 9737
f 9861 9831 9776
f 9832 9708 9828
f 9703 9778 9832
f 9882 9779 9778
f 9883 9833 9779
f 9834 9710 9833
f 9835 9781 9834
f 9884 9712 9835
f 9884 9782 9836
f 9783 9837 9782
f 9783 9641 9837
f 9885 9838 9783
f 9886 9643 9838
f 9887 9839 9643
f 9888 9716 9839
f 9888 9840 9716
f 9785 9717 9841
f 9889 9646 9841
f 9889 9842 9646
f 9890 9786 9842
f 9891 9843 9786
f 9892 9719 9843
f 9893 9844 9719
f 9845 9789 9844
f 9846 9724 9845
f 9847 9653 9846
f 9894 9790 9847
f 9895 9848 9790
f 9849 9654 9848
f 9896 9791 9849
f 9851 9850 9791
f 9851 9512 9850
f 9897 9792 9851
f 9897 9852 9792
f 9853 9726 9852
f 9821 9793 9853
f 9820 9794 9793
f 9854 9730 9840
f 9855 9731 9854
f 9856 9796 9855
f 9857 9660 9856
f 9898 9797 9857
f 9899 9858 9797
f 9859 9732 9858
f 9841 9733 9859
f 9830 9736 9860
f 9830 9861 9736
f 9867 9862 9738
f 9799 9739 9862
f 9799 9863 9739
f 9900 9800 9799
f 9901 9801 9800
f 9902 9864 9801
f 9865 9666 9864
f 9903 9745 9865
f 9903 9866 9745
f 9818 9867 9804
f 9877 9868 9768
f 9869 9805 9868
f 9904 9806 9869
f 9905 9870 9806
f 9906 9807 9870
f 9906 9808 9807
f 9871 9809 9808
f 9907 9750 9871
f 9907 9872 9750
f 9873 9751 9872
f 9908 9752 9873
f 9909 9874 9752
f 9910 9811 9874
f 9875 9753 9811
f 9826 9772 9875
f 9903 9812 9866
f 9878 9823 9812
f 9822 9682 9823
f 9822 9813 9682
f 9911 9817 9816
f 9880 9860 9817
f 9912 9818 9876
f 9804 9819 9818
f 9913 9821 9820
f 9914 9877 9821
f 9915 9769 9878
f 9916 9824 9769
f 9917 9825 9824
f 9917 9876 9825
f 9875 9827 9826
f 9918 9879 9827
f 9919 9565 9879
f 9777 9831 9828
f 9829 9704 9831
f 9920 9830 9829
f 9860 9880 9830
f 9921 9775 9880
f 9920 9831 9861
f 9882 9778 9703
f 9565 9779 9882
f 9922 9883 9779
f 9923 9833 9883
f 9923 9834 9833
f 9923 9835 9834
f 9924 9884 9835
f 9836 9712 9884
f 9925 9782 9884
f 9885 9783 9782
f 9926 9838 9885
f 9927 9886 9838
f 9887 9643 9886
f 9888 9839 9887
f 9854 9840 9888
f 9859 9889 9841
f 9890 9842 9889
f 9891 9786 9890
f 9890 9843 9891
f 9928 9892 9843
f 9929 9719 9892
f 9929 9893 9719
f 9930 9844 9893
f 9894 9845 9844
f 9847 9846 9845
f 9931 9790 9894
f 9932 9895 9790
f 9933 9848 9895
f 9934 9849 9848
f 9934 9896 9849
f 9935 9791 9896
f 9936 9851 9791
f 9936 9897 9851
f 9937 9852 9897
f 9821 9853 9852
f 9913 9793 9821
f 9913 9820 9793
f 9856 9855 9854
f 9898 9857 9856
f 9938 9797 9898
f 9939 9899 9797
f 9939 9858 9899
f 9889 9859 9858
f 9940 9862 9867
f 9941 9799 9862
f 9942 9900 9799
f 9901 9800 9900
f 9902 9801 9901
f 9943 9864 9902
f 9943 9865 9864
f 9943 9903 9865
f 9940 9867 9818
f 9944 9868 9877
f 9944 9869 9868
f 9944 9904 9869
f 9945 9806 9904
f 9945 9905 9806
f 9906 9870 9905
f 9946 9808 9906
f 9946 9871 9808
f 9946 9907 9871
f 9947 9872 9907
f 9947 9873 9872
f 9948 9908 9873
f 9922 9752 9908
f 9922 9909 9752
f 9909 9910 9874
f 9875 9811 9910
f 9878 9812 9903
f 9949 9911 9816
f 9880 9817 9911
f 9917 9912 9876
f 9950 9818 9912
f 9852 9914 9821
f 9951 9877 9914
f 9903 9915 9878
f 9916 9769 9915
f 9952 9824 9916
f 9952 9917 9824
f 9918 9827 9875
f 9954 9879 9918
f 9955 9919 9879
f 9955 9565 9919
f 9920 9829 9831
f 9861 9830 9920
f 9911 9921 9880
f 9911 9775 9921
f 9565 9882 9703
f 9955 9779 9565
f 9956 9922 9779
f 9957 9883 9922
f 9924 9835 9923
f 9925 9884 9924
f 9958 9782 9925
f 9926 9885 9782
f 9959 9838 9926
f 9959 9927 9838
f 9887 9886 9927
f 9960 9888 9887
f 9960 9854 9888
f 9843 9890 9889
f 9961 9928 9843
f 9962 9892 9928
f 9963 9929 9892
f 9963 9893 9929
f 9963 9930 9893
f 9964 9844 9930
f 9965 9894 9844
f 9847 9845 9894
f 9932 9931 9894
f 9932 9790 9931
f 9966 9895 9932
f 9966 9933 9895
f 9934 9848 9933
f 9935 9896 9934
f 9967 9791 9935
f 9967 9936 9791
f 9968 9897 9936
f 9968 9937 9897
f 9969 9852 9937
f 9970 9856 9854
f 9971 9898 9856
f 9971 9938 9898
f 9939 9797 9938
f 9889 9858 9939
f 9972 9862 9940
f 9972 9941 9862
f 9972 9799 9941
f 9972 9942 9799
f 9972 9900 9942
f 9916 9901 9900
f 9915 9902 9901
f 9915 9943 9902
f 9915 9903 9943
f 9950 9940 9818
f 9951 9944 9877
f 9973 9904 9944
f 9974 9945 9904
f 9975 9905 9945
f 9975 9906 9905
f 9976 9946 9906
f 9977 9907 9946
f 9978 9947 9907
f 9948 9873 9947
f 9924 9908 9948
f 9957 9922 9908
f 9979 9909 9922
f 9979 9910 9909
f 9918 9875 9910
f 9953 9911 9949
f 9900 9912 9917
f 9940 9950 9912
f 9980 9914 9852
f 9981 9951 9914
f 9901 9916 9915
f 9900 9952 9916
f 9900 9917 9952
f 9982 9954 9918
f 9955 9879 9954
f 9956 9779 9955
f 9982 9922 9956
f 9923 9883 9957
f 9957 9924 9923
f 9983 9925 9924
f 9983 9958 9925
f 9926 9782 9958
f 9984 9959 9926
f 9985 9927 9959
f 9986 9887 9927
f 9987 9960 9887
f 9987 9854 9960
f 9939 9843 9889
f 9988 9961 9843
f 9989 9928 9961
f 9990 9962 9928
f 9963 9892 9962
f 9932 9930 9963
f 9965 9964 9930
f 9965 9844 9964
f 9965 9932 9894
f 9990 9966 9932
f 9991 9933 9966
f 9992 9934 9933
f 9992 9935 9934
f 9993 9967 9935
f 9993 9936 9967
f 9994 9968 9936
f 9994 9937 9968
f 9995 9969 9937
f 9995 9852 9969
f 9987 9970 9854
f 9996 9856 9970
f 9997 9971 9856
f 9998 9938 9971
f 9988 9939 9938
f 9900 9972 9940
f 9973 9944 9951
f 9974 9904 9973
f 9975 9945 9974
f 9976 9906 9975
f 9977 9946 9976
f 9999 9907 9977
f 9983 9978 9907
f 9983 9947 9978
f 9983 9948 9947
f 9983 9924 9948
f 9957 9908 9924
f 9982 9979 9922
f 9918 9910 9979
f 9940 9912 9900
f 9995 9980 9852
f 9981 9914 9980
f 10000 9951 9981
f 9979 9982 9918
f 9955 9954 9982
f 9982 9956 9955
f 10001 9958 9983
f 10001 9926 9958
f 10002 9984 9926
f 9985 9959 9984
f 10003 9927 9985
f 10004 9887 9986
f 10005 9987 9887
f 9988 9843 9939
f 9989 9961 9988
f 10006 9928 9989
f 10007 9990 9928
f 9932 9962 9990
f 9932 9963 9962
f 9965 9930 9932
f 10007 9966 9990
f 10007 9991 9966
f 10008 9933 9991
f 9935 9992 9933
f 9994 9993 9935
f 9994 9936 9993
f 10008 9937 9994
f 10009 9995 9937
f 10005 9970 9987
f 10005 9996 9970
f 9997 9856 9996
f 10010 9971 9997
f 10011 9998 9971
f 9989 9938 9998
f 9989 9988 9938
f 10012 9973 9951
f 10013 9974 9973
f 10013 9975 9974
f 10014 9976 9975
f 10014 9977 9976
f 10014 9999 9977
f 10015 9907 9999
f 10016 9983 9907
f 10017 9980 9995
f 10000 9981 9980
f 10012 9951 10000
f 10002 10001 9983
f 10002 9926 10001
f 10015 9984 10002
f 10018 9985 9984
f 9986 9927 10003
f 10019 10004 9986
f 10020 9887 10004
f 10020 10005 9887
f 10021 10006 9989
f 10007 9928 10006
f 10022 9991 10007
f 9937 10008 9991
f 9935 9933 10008
f 10008 9994 9935
f 10023 10009 9937
f 10024 9995 10009
f 10025 9996 10005
f 10026 9997 9996
f 10026 10010 9997
f 10011 9971 10010
f 10027 9998 10011
f 10028 9989 9998
f 10013 9973 10012
f 10029 9975 10013
f 10015 10014 9975
f 10015 9999 10014
f 10016 9907 10015
f 10002 9983 10016
f 10024 10017 9995
f 10030 9980 10017
f 10030 10000 9980
f 10031 10012 10000
f 10016 10015 10002
f 10032 9984 10015
f 10032 10018 9984
f 10003 9985 10018
f 10033 9986 10003
f 10034 10004 10019
f 10034 10020 10004
f 10025 10005 10020
f 10028 10021 9989
f 10035 10006 10021
f 10036 10007 10006
f 10036 10022 10007
f 10009 9991 10022
f 10023 9937 9991
f 9991 10009 10023
f 10037 10024 10009
f 10026 9996 10025
f 10011 10010 10026
f 10038 10027 10011
f 10028 9998 10027
f 10031 10013 10012
f 10031 10029 10013
f 10039 9975 10029
f 10040 10015 9975
f 10041 10017 10024
f 10042 10030 10017
f 10043 10000 10030
f 10044 10031 10000
f 10045 10032 10015
f 10046 10018 10032
f 10047 10003 10018
f 10019 9986 10033
f 10048 10034 10019
f 10049 10020 10034
f 10049 10025 10020
f 10027 10021 10028
f 10050 10035 10021
f 10036 10006 10035
f 10051 10022 10036
f 10037 10009 10022
f 10052 10024 10037
f 10049 10026 10025
f 10049 10011 10026
f 10053 10038 10011
f 10054 10027 10038
f 10055 10029 10031
f 10055 10039 10029
f 10056 9975 10039
f 10056 10040 9975
f 10045 10015 10040
f 10057 10041 10024
f 10041 10042 10017
f 10043 10030 10042
f 10044 10000 10043
f 10058 10031 10044
f 10040 10032 10045
f 10040 10046 10032
f 10047 10018 10046
f 10033 10003 10047
f 10048 10019 10033
f 10049 10034 10048
f 10050 10021 10027
f 10059 10035 10050
f 10051 10036 10035
f 10052 10022 10051
f 10052 10037 10022
f 10057 10024 10052
f 10053 10011 10049
f 10054 10038 10053
f 10050 10027 10054
f 10058 10055 10031
f 10060 10039 10055
f 10061 10056 10039
f 10046 10040 10056
f 10062 10041 10057
f 10062 10042 10041
f 10058 10043 10042
f 10058 10044 10043
f 10063 10047 10046
f 10048 10033 10047
f 10053 10049 10048
f 10054 10059 10050
f 10051 10035 10059
f 10057 10052 10051
f 10064 10054 10053
f 10060 10055 10058
f 10061 10039 10060
f 10046 10056 10061
f 10065 10062 10057
f 10058 10042 10062
f 10061 10063 10046
f 10048 10047 10063
f 10066 10053 10048
f 10067 10059 10054
f 10065 10051 10059
f 10065 10057 10051
f 10066 10064 10053
f 10068 10054 10064
f 10069 10060 10058
f 10069 10061 10060
f 10067 10062 10065
f 10068 10058 10062
f 10070 10063 10061
f 10066 10048 10063
f 10071 10067 10054
f 10072 10064 10066
f 10073 10068 10064
f 10071 10054 10068
f 10073 10069 10058
f 10073 10061 10069
f 10059 10067 10065
f 10071 10062 10067
f 10071 10068 10062
f 10073 10058 10068
f 10073 10070 10061
f 10066 10063 10070
f 10070 10072 10066
f 10073 10064 10072
f 10072 10070 10073
f 2122 3246 7290
f 2122 7290 2034
f 7290 3246 10468
f 7290 10468 10469
f 5941 6376 5563
f 5563 6376 6199
f 5563 6199 6959
f 6959 6199 5849
f 6533 6688 6687
f 6687 6688 6235
f 8717 9339 9238
f 8717 9238 9111
f 9460 9385 10471
f 9460 10471 9154
f 9154 10471 9384
f 9154 9384 9461
f 9881 9775 10074
f 10075 5796 5779
f 10076 5779 6021
f 10077 6021 6132
f 10078 6590 6438
f 10077 6132 6439
f 10079 6438 6739
f 10080 7208 7357
f 10079 6739 7208
f 10081 7357 7449
f 10081 7449 7770
f 10082 7770 7610
f 10082 7610 8041
f 10083 8041 8173
f 10084 8173 8327
f 10084 8327 8608
f 10084 8608 8741
f 10085 9003 9261
f 10085 9261 9359
f 10077 10076 6021
f 10086 10078 6438
f 10086 6438 10079
f 10087 10080 7357
f 10088 7208 10080
f 10088 10079 7208
f 10089 10081 7770
f 10089 7770 10082
f 10090 10082 8041
f 10091 10083 8173
f 10090 8041 10083
f 10091 8173 10084
f 10088 10086 10079
f 10081 10087 7357
f 10086 10088 10080
f 10087 10081 10089
f 10090 10089 10082
f 10092 10083 10091
f 10089 10090 10083
f 10093 10087 10089
f 10094 10092 10091
f 10095 10083 10092
f 10095 10089 10083
f 10095 10093 10089
f 10096 8741 9003
f 10097 9398 9060
f 10098 9636 9398
f 10098 9700 9636
f 10099 9359 9702
f 10100 9620 9699
f 10101 9699 9760
f 10101 9760 9700
f 10099 9702 9773
f 10099 9773 9565
f 10102 9703 9704
f 10103 9705 9774
f 10104 9704 9705
f 10103 9774 9706
f 10105 9706 9775
f 10100 9816 9620
f 10100 9949 9816
f 10106 9775 9911
f 10100 9911 9953
f 10100 9953 9949
f 10107 9881 10074
f 10108 10084 8741
f 10096 9003 10085
f 10109 10085 9359
f 10108 10091 10084
f 10110 10094 10091
f 10108 8741 10096
f 10111 10097 9060
f 10098 9398 10097
f 10101 9700 10098
f 10112 9359 10099
f 10113 10100 9699
f 10097 9699 10101
f 10114 10099 9565
f 10104 10102 9704
f 9565 9703 10102
f 10104 9705 10103
f 10105 10103 9706
f 10107 10105 9775
f 10100 10106 9911
f 10115 9775 10106
f 10105 10107 10074
f 10116 10096 10085
f 10117 10109 9359
f 10110 10091 10108
f 10110 10108 10096
f 10118 10111 9060
f 10119 10097 10111
f 10101 10098 10097
f 10120 10112 10099
f 10121 9359 10112
f 10097 10113 9699
f 10106 10100 10113
f 10122 10114 9565
f 10120 10099 10114
f 9565 10102 10104
f 10105 10104 10103
f 9881 10107 9775
f 10105 10115 10106
f 10115 10105 10074
f 10109 10116 10085
f 10123 10096 10116
f 10121 10117 9359
f 10124 10109 10117
f 10123 10110 10096
f 10125 10118 9060
f 10125 10111 10118
f 10126 10119 10111
f 10127 10097 10119
f 10128 10112 10120
f 10117 10121 10112
f 10129 10113 10097
f 10130 10106 10113
f 10104 10122 9565
f 10120 10114 10122
f 10131 10104 10105
f 10132 10105 10106
f 10124 10116 10109
f 10133 10123 10116
f 10134 10124 10117
f 10135 10110 10123
f 10136 10111 10125
f 10136 10126 10111
f 10127 10119 10126
f 10129 10097 10127
f 10137 10128 10120
f 10138 10112 10128
f 10134 10117 10112
f 10139 10113 10129
f 10139 10130 10113
f 10132 10106 10130
f 10140 10122 10104
f 10137 10120 10122
f 10140 10104 10131
f 10141 10105 10132
f 10142 10116 10124
f 10142 10133 10116
f 10135 10123 10133
f 10138 10124 10134
f 10143 10127 10126
f 10139 10129 10127
f 10144 10128 10137
f 10145 10138 10128
f 10134 10112 10138
f 10146 10130 10139
f 10141 10132 10130
f 10137 10122 10140
f 10147 10140 10131
f 10138 10142 10124
f 10148 10133 10142
f 10149 10135 10133
f 10151 10127 10143
f 10146 10139 10127
f 10140 10144 10137
f 10145 10128 10144
f 10152 10138 10145
f 10127 10130 10146
f 10127 10141 10130
f 10153 10147 10131
f 10154 10140 10147
f 10148 10142 10138
f 10149 10133 10148
f 10149 10150 10135
f 10155 10127 10151
f 10156 10144 10140
f 10156 10145 10144
f 10156 10152 10145
f 10157 10138 10152
f 10155 10141 10127
f 10158 10153 10131
f 10154 10147 10153
f 10159 10140 10154
f 10157 10148 10138
f 10152 10149 10148
f 10152 10150 10149
f 10160 10155 10151
f 10159 10156 10140
f 10148 10157 10152
f 10160 10141 10155
f 10141 10158 10131
f 10141 10153 10158
f 10159 10154 10153
f 10161 10160 10151
f 10162 10156 10159
f 10153 10141 10160
f 10105 10141 10131
f 10160 10159 10153
f 10163 10161 10151
f 10160 10162 10159
f 10161 10163 10164
f 9775 10115 10074
f 10162 10160 10161
f 10165 5797 5796
f 10165 5812 5797
f 10165 5813 5812
f 10166 5815 5814
f 10167 5821 5813
f 10168 5824 5821
f 10166 5814 5825
f 10169 5825 5824
f 10170 6439 6590
f 10165 5796 10075
f 10171 10075 5779
f 10171 5779 10076
f 10170 6590 10078
f 10172 10077 6439
f 10171 10076 10077
f 10173 10078 10086
f 10174 10080 10087
f 10173 10086 10080
f 10174 10087 10093
f 10175 10092 10094
f 10175 10095 10092
f 10175 10093 10095
f 10175 10094 10110
f 10176 10110 10135
f 10177 10135 10150
f 10178 10152 10156
f 10178 10150 10152
f 10179 10156 10162
f 10180 10163 10151
f 10182 5813 10165
f 10181 5815 10166
f 10183 10167 5813
f 10183 5821 10167
f 10183 10168 5821
f 10169 5824 10168
f 10169 10166 5825
f 10172 6439 10170
f 10184 10165 10075
f 10184 10075 10171
f 10172 10170 10078
f 10185 10077 10172
f 10185 10171 10077
f 10172 10078 10173
f 10186 10080 10174
f 10186 10173 10080
f 10187 10174 10093
f 10176 10093 10175
f 10176 10175 10110
f 10177 10176 10135
f 10188 10177 10150
f 10179 10178 10156
f 10189 10150 10178
f 10189 10179 10162
f 10184 10182 10165
f 10183 5813 10182
f 10190 10181 10166
f 10190 10166 10169
f 10191 10184 10171
f 10192 10185 10172
f 10186 10172 10173
f 10193 10186 10174
f 10194 10187 10093
f 10193 10174 10187
f 10194 10093 10176
f 10187 10176 10177
f 10195 10188 10150
f 10189 10178 10179
f 10195 10150 10189
f 10183 10182 10184
f 10185 10191 10171
f 10183 10184 10191
f 10196 10192 10172
f 10196 10185 10192
f 10193 10172 10186
f 10176 10187 10194
f 10197 10193 10187
f 10198 10187 10177
f 10200 10196 10172
f 10201 10185 10196
f 10197 10172 10193
f 10202 10197 10187
f 10199 10198 10177
f 10199 10187 10198
f 10197 10200 10172
f 10204 10196 10200
f 10205 10201 10196
f 10206 10185 10201
f 10199 10202 10187
f 10200 10197 10202
f 10207 10204 10200
f 10208 10196 10204
f 10208 10205 10196
f 10207 10200 10202
f 10208 10204 10207
f 10210 10205 10208
f 10211 10207 10202
f 10208 10203 10209
f 10211 10202 10203
f 10211 10208 10207
f 10212 10210 10208
f 10213 10208 10209
f 10211 10203 10208
f 10214 10212 10208
f 10214 10208 10213
f 10183 10191 10206
f 10183 10206 10210
f 10210 10206 10201
f 10210 10201 10205
f 10206 10191 10185
f 10215 10213 10209
f 10215 10214 10213
f 10216 5791 5801
f 10217 5784 5802
f 10216 5802 5791
f 10218 5801 5815
f 10218 5815 10181
f 10219 10168 10183
f 10220 10169 10168
f 10221 10177 10188
f 10222 10181 10190
f 10223 10190 10169
f 10221 10199 10177
f 10224 10202 10199
f 10224 10203 10202
f 10225 10215 10209
f 10218 10216 5801
f 10216 10217 5802
f 10222 10218 10181
f 10220 10168 10219
f 10223 10169 10220
f 10223 10222 10190
f 10224 10199 10221
f 10221 10203 10224
f 10227 10220 10219
f 10210 10226 10219
f 10210 10219 10183
f 10228 5553 5351
f 10229 5351 5552
f 10230 5557 5372
f 10230 5552 5557
f 10228 5644 5553
f 10231 5372 5718
f 10231 5718 5726
f 10232 5726 5737
f 10233 5729 5739
f 10233 5735 5741
f 10233 5741 5729
f 10233 5737 5735
f 10233 5739 5743
f 10233 5743 5744
f 10234 5744 5759
f 10234 5759 5758
f 10235 5758 5784
f 10236 6116 5644
f 10237 6276 6116
f 10237 6010 6276
f 10237 6571 6010
f 10238 7027 6571
f 10238 7182 7027
f 10239 7486 7182
f 10239 7643 7486
f 10240 7796 7643
f 10241 8077 7796
f 10242 8644 8077
f 10243 9044 8644
f 10244 9038 9167
f 10245 9061 8925
f 10246 8925 9062
f 10244 9167 9171
f 10247 9062 9038
f 10243 9171 9044
f 10248 9060 9192
f 10249 9300 9061
f 10248 9192 9193
f 10250 9193 9300
f 10251 10125 9060
f 10251 10136 10125
f 10252 10126 10136
f 10253 10143 10126
f 10254 10151 10143
f 10255 10164 10163
f 10255 10161 10164
f 10255 10163 10180
f 10256 10180 10151
f 10257 10189 10162
f 10258 10188 10195
f 10259 10195 10189
f 10260 10209 10203
f 10261 10210 10212
f 10262 10212 10214
f 10262 10214 10215
f 10258 10221 10188
f 10260 10215 10225
f 10260 10225 10209
f 10263 10216 10218
f 10264 10217 10216
f 10265 10218 10222
f 10266 10223 10220
f 10266 10222 10223
f 10258 10203 10221
f 10266 10220 10227
f 10261 10227 10219
f 10267 10228 5351
f 10268 10229 5552
f 10267 5351 10229
f 10269 10230 5372
f 10268 5552 10230
f 10236 5644 10228
f 10270 5372 10231
f 10271 10231 5726
f 10234 10232 5737
f 10272 5726 10232
f 10234 5737 10233
f 10234 10233 5744
f 10217 10235 5784
f 10273 5758 10235
f 10237 6116 10236
f 10274 6571 10237
f 10275 10238 6571
f 10239 7182 10238
f 10240 7643 10239
f 10241 7796 10240
f 10276 8077 10241
f 10277 10242 8077
f 10243 8644 10242
f 10247 9038 10244
f 10246 10245 8925
f 10249 9061 10245
f 10247 10246 9062
f 10278 10244 9171
f 10278 9171 10243
f 10279 9060 10248
f 10280 9300 10249
f 10250 10248 9193
f 10280 10250 9300
f 10281 10251 9060
f 10252 10136 10251
f 10282 10126 10252
f 10283 10253 10126
f 10254 10143 10253
f 10256 10151 10254
f 10162 10161 10255
f 10284 10255 10180
f 10285 10180 10256
f 10255 10257 10162
f 10259 10189 10257
f 10259 10258 10195
f 10258 10260 10203
f 10262 10261 10212
f 10226 10210 10261
f 10286 10262 10215
f 10286 10215 10260
f 10287 10263 10218
f 10264 10216 10263
f 10235 10217 10264
f 10288 10265 10222
f 10287 10218 10265
f 10289 10222 10266
f 10290 10266 10227
f 10226 10261 10219
f 10290 10227 10261
f 10229 10228 10267
f 10291 10229 10268
f 10270 10269 5372
f 10270 10230 10269
f 10270 10268 10230
f 10229 10236 10228
f 10292 10270 10231
f 10293 10271 5726
f 10293 10231 10271
f 10293 10272 10232
f 10234 10273 10235
f 10274 10237 10236
f 10275 6571 10274
f 10294 10238 10275
f 10295 10239 10238
f 10296 10241 10240
f 10297 10276 10241
f 10298 8077 10276
f 10298 10277 8077
f 10299 10242 10277
f 10299 10243 10242
f 10243 10247 10244
f 10300 10245 10246
f 10301 10249 10245
f 10302 10246 10247
f 10243 10244 10278
f 10303 10279 10248
f 10281 9060 10279
f 10304 10248 10250
f 10301 10250 10280
f 10305 10251 10281
f 10306 10252 10251
f 10283 10282 10252
f 10283 10126 10282
f 10285 10253 10283
f 10285 10254 10253
f 10285 10256 10254
f 10307 10284 10180
f 10308 10255 10284
f 10307 10180 10285
f 10309 10257 10255
f 10309 10259 10257
f 10260 10258 10259
f 10310 10262 10286
f 10311 10286 10260
f 10264 10263 10287
f 10312 10235 10264
f 10289 10288 10222
f 10287 10265 10288
f 10313 10289 10266
f 10313 10266 10290
f 10314 10290 10261
f 10315 10291 10268
f 10316 10229 10291
f 10315 10268 10270
f 10317 10236 10229
f 10293 10292 10231
f 10318 10270 10292
f 10272 10293 5726
f 10319 10293 10232
f 10312 10234 10235
f 10317 10274 10236
f 10320 10275 10274
f 10321 10294 10275
f 10295 10238 10294
f 10240 10239 10295
f 10322 10296 10240
f 10323 10241 10296
f 10323 10297 10241
f 10324 10276 10297
f 10324 10298 10276
f 10325 10277 10298
f 10326 10299 10277
f 10326 10243 10299
f 10327 10247 10243
f 10302 10300 10246
f 10328 10245 10300
f 10329 10301 10245
f 10280 10249 10301
f 10330 10302 10247
f 10331 10303 10248
f 10332 10279 10303
f 10305 10281 10279
f 10301 10304 10250
f 10301 10248 10304
f 10306 10251 10305
f 10283 10252 10306
f 10333 10285 10283
f 10334 10284 10307
f 10335 10308 10284
f 10336 10255 10308
f 10337 10307 10285
f 10336 10309 10255
f 10336 10259 10309
f 10338 10260 10259
f 10339 10310 10286
f 10314 10262 10310
f 10338 10311 10260
f 10340 10264 10287
f 10341 10312 10264
f 10342 10288 10289
f 10342 10287 10288
f 10343 10289 10313
f 10314 10313 10290
f 10262 10314 10261
f 10344 10291 10315
f 10345 10316 10291
f 10317 10229 10316
f 10344 10315 10270
f 10319 10292 10293
f 10346 10318 10292
f 10347 10270 10318
f 10348 10319 10232
f 10341 10234 10312
f 10349 10274 10317
f 10349 10320 10274
f 10321 10275 10320
f 10295 10294 10321
f 10350 10240 10295
f 10351 10322 10240
f 10323 10296 10322
f 10352 10297 10323
f 10298 10324 10297
f 10297 10325 10298
f 10353 10277 10325
f 10354 10326 10277
f 10327 10243 10326
f 10330 10247 10327
f 10355 10300 10302
f 10329 10328 10300
f 10329 10245 10328
f 10248 10301 10329
f 10354 10302 10330
f 10356 10331 10248
f 10357 10303 10331
f 10358 10332 10303
f 10306 10279 10332
f 10306 10305 10279
f 10332 10283 10306
f 10332 10333 10283
f 10332 10285 10333
f 10337 10334 10307
f 10335 10284 10334
f 10359 10308 10335
f 10359 10336 10308
f 10360 10337 10285
f 10359 10259 10336
f 10359 10338 10259
f 10361 10339 10286
f 10314 10310 10339
f 10359 10311 10338
f 10362 10340 10287
f 10341 10264 10340
f 10363 10342 10289
f 10364 10343 10313
f 10365 10289 10343
f 10364 10313 10314
f 10345 10291 10344
f 10366 10316 10345
f 10349 10317 10316
f 10367 10344 10270
f 10346 10292 10319
f 10368 10318 10346
f 10367 10347 10318
f 10367 10270 10347
f 10369 10348 10232
f 10370 10319 10348
f 10371 10234 10341
f 10372 10320 10349
f 10373 10321 10320
f 10350 10295 10321
f 10351 10240 10350
f 10323 10322 10351
f 10374 10352 10323
f 10375 10297 10352
f 10353 10325 10297
f 10376 10277 10353
f 10377 10354 10277
f 10330 10326 10354
f 10378 10355 10302
f 10379 10300 10355
f 10379 10329 10300
f 10356 10248 10329
f 10378 10302 10354
f 10329 10331 10356
f 10380 10357 10331
f 10381 10303 10357
f 10381 10358 10303
f 10360 10332 10358
f 10360 10285 10332
f 10382 10334 10337
f 10383 10335 10334
f 10384 10359 10335
f 10382 10337 10360
f 10311 10361 10286
f 10314 10339 10361
f 10384 10311 10359
f 10342 10362 10287
f 10341 10340 10362
f 10365 10363 10289
f 10362 10342 10363
f 10365 10343 10364
f 10361 10364 10314
f 10367 10345 10344
f 10367 10366 10345
f 10372 10316 10366
f 10372 10349 10316
f 10370 10346 10319
f 10385 10368 10346
f 10367 10318 10368
f 10234 10369 10232
f 10386 10348 10369
f 10387 10370 10348
f 10386 10371 10341
f 10386 10234 10371
f 10373 10320 10372
f 10388 10321 10373
f 10389 10350 10321
f 10388 10351 10350
f 10390 10323 10351
f 10391 10374 10323
f 10392 10352 10374
f 10393 10375 10352
f 10353 10297 10375
f 10393 10376 10353
f 10377 10277 10376
f 10378 10354 10377
f 10327 10326 10330
f 10394 10355 10378
f 10395 10379 10355
f 10395 10329 10379
f 10396 10331 10329
f 10396 10380 10331
f 10397 10357 10380
f 10358 10381 10357
f 10398 10360 10358
f 10399 10334 10382
f 10399 10383 10334
f 10384 10335 10383
f 10400 10382 10360
f 10401 10361 10311
f 10402 10311 10384
f 10403 10341 10362
f 10404 10363 10365
f 10405 10362 10363
f 10406 10365 10364
f 10407 10364 10361
f 10372 10366 10367
f 10408 10346 10370
f 10409 10385 10346
f 10410 10368 10385
f 10411 10367 10368
f 10386 10369 10234
f 10387 10348 10386
f 10412 10370 10387
f 10403 10386 10341
f 10367 10373 10372
f 10367 10388 10373
f 10389 10321 10388
f 10388 10350 10389
f 10413 10351 10388
f 10413 10390 10351
f 10391 10323 10390
f 10414 10374 10391
f 10415 10392 10374
f 10393 10352 10392
f 10353 10375 10393
f 10378 10376 10393
f 10378 10377 10376
f 10416 10394 10378
f 10417 10355 10394
f 10417 10395 10355
f 10396 10329 10395
f 10395 10380 10396
f 10418 10397 10380
f 10419 10357 10397
f 10419 10358 10357
f 10420 10398 10358
f 10400 10360 10398
f 10421 10399 10382
f 10422 10383 10399
f 10423 10384 10383
f 10421 10382 10400
f 10402 10401 10311
f 10407 10361 10401
f 10424 10402 10384
f 10425 10403 10362
f 10426 10404 10365
f 10405 10363 10404
f 10427 10406 10364
f 10428 10365 10406
f 10424 10364 10407
f 10412 10408 10370
f 10429 10346 10408
f 10430 10409 10346
f 10431 10385 10409
f 10432 10410 10385
f 10411 10368 10410
f 10388 10367 10411
f 10403 10387 10386
f 10425 10412 10387
f 10433 10413 10388
f 10433 10390 10413
f 10414 10391 10390
f 10434 10374 10414
f 10434 10392 10415
f 10378 10393 10392
f 10392 10416 10378
f 10435 10394 10416
f 10435 10417 10394
f 10436 10395 10417
f 10437 10380 10395
f 10437 10418 10380
f 10438 10397 10418
f 10438 10419 10397
f 10420 10358 10419
f 10439 10398 10420
f 10439 10400 10398
f 10422 10399 10421
f 10440 10383 10422
f 10440 10423 10383
f 10424 10384 10423
f 10441 10421 10400
f 10407 10401 10402
f 10407 10402 10424
f 10405 10425 10362
f 10387 10403 10425
f 10442 10426 10365
f 10442 10404 10426
f 10425 10405 10404
f 10424 10427 10364
f 10424 10406 10427
f 10443 10428 10406
f 10442 10365 10428
f 10404 10408 10412
f 10444 10429 10408
f 10430 10346 10429
f 10445 10409 10430
f 10446 10431 10409
f 10447 10385 10431
f 10448 10432 10385
f 10449 10410 10432
f 10388 10411 10410
f 10404 10412 10425
f 10410 10433 10388
f 10434 10390 10433
f 10434 10414 10390
f 10415 10374 10434
f 10433 10392 10434
f 10435 10416 10392
f 10436 10417 10435
f 10450 10395 10436
f 10450 10437 10395
f 10451 10418 10437
f 10451 10438 10418
f 10420 10419 10438
f 10438 10439 10420
f 10441 10400 10439
f 10441 10422 10421
f 10452 10440 10422
f 10446 10423 10440
f 10406 10424 10423
f 10453 10404 10442
f 10454 10443 10406
f 10455 10428 10443
f 10456 10442 10428
f 10455 10408 10404
f 10455 10444 10408
f 10430 10429 10444
f 10444 10445 10430
f 10457 10409 10445
f 10423 10446 10409
f 10452 10431 10446
f 10458 10447 10431
f 10459 10385 10447
f 10459 10448 10385
f 10460 10432 10448
f 10460 10449 10432
f 10392 10410 10449
f 10392 10433 10410
f 10461 10435 10392
f 10449 10436 10435
f 10449 10450 10436
f 10460 10437 10450
f 10460 10451 10437
f 10462 10438 10451
f 10463 10439 10438
f 10463 10441 10439
f 10464 10422 10441
f 10464 10452 10422
f 10446 10440 10452
f 10445 10406 10423
f 10456 10453 10442
f 10455 10404 10453
f 10445 10454 10406
f 10455 10443 10454
f 10453 10428 10455
f 10453 10456 10428
f 10454 10444 10455
f 10454 10445 10444
f 10423 10457 10445
f 10423 10409 10457
f 10458 10431 10452
f 10459 10447 10458
f 10465 10448 10459
f 10466 10460 10448
f 10450 10449 10460
f 10461 10392 10449
f 10449 10435 10461
f 10466 10451 10460
f 10466 10462 10451
f 10463 10438 10462
f 10462 10441 10463
f 10467 10464 10441
f 10467 10452 10464
f 10467 10458 10452
f 10467 10459 10458
f 10467 10465 10459
f 10466 10448 10465
f 10465 10462 10466
f 10465 10441 10462
f 10465 10467 10441
f 5758 10273 10234
